{
    "ML": {
        "loss": [
            19.948101043701172,
            11.420755386352539,
            8.547158241271973,
            7.451144218444824,
            6.835341453552246,
            6.360820293426514
        ],
        "accuracy": [
            0.04500158131122589,
            0.04327039420604706,
            0.04624567925930023,
            0.044896095991134644,
            0.04313388466835022,
            0.042128678411245346
        ],
        "val_loss": [
            11.767455101013184,
            7.963353157043457,
            6.776710510253906,
            6.234424591064453,
            5.826642990112305,
            5.469511985778809
        ],
        "val_accuracy": [
            0.05099153518676758,
            0.06005063280463219,
            0.05913231149315834,
            0.056526269763708115,
            0.05415601655840874,
            0.05337420105934143
        ]
    }
}