{
    "Federated": {
        "loss": [
            19.397170305252075,
            16.292920351028442,
            12.03202474117279,
            9.781189531087875,
            8.535537362098694,
            7.623373806476593
        ],
        "val_loss": [
            12.140999019145966,
            9.074568450450897,
            8.315875351428986,
            7.340424031019211,
            6.6027592420578,
            6.08963343501091
        ],
        "loss_consensus_local": [
            32.26931929588318,
            19.902597427368164,
            12.308509528636932,
            9.52028775215149,
            8.088202476501465,
            7.236568212509155
        ],
        "loss_consensus_global": [
            32.7905387878418,
            19.208117485046387,
            10.961017608642578,
            8.870564460754395,
            7.647932291030884,
            6.91304337978363
        ]
    },
    "No Federated (Local)": {
        "loss": [
            19.367760062217712,
            12.22572648525238,
            10.167745023965836,
            8.980475813150406,
            8.24532201886177,
            7.73695969581604
        ],
        "val_loss": [
            12.137584626674652,
            9.641019821166992,
            8.278103023767471,
            7.513481587171555,
            7.084505885839462,
            6.723016202449799
        ]
    }
}