{
    "Federated": {
        "loss": [
            18.880745887756348,
            14.98383218050003,
            11.572818219661713,
            8.90164777636528,
            7.394728928804398,
            6.4258118867874146
        ],
        "val_loss": [
            11.664017856121063,
            7.928670406341553,
            7.338138818740845,
            6.334844768047333,
            5.569190323352814,
            5.135423809289932
        ],
        "loss_consensus_local": [
            27.896705508232117,
            20.21208953857422,
            12.480529129505157,
            8.931994795799255,
            7.24551123380661,
            6.299504101276398
        ],
        "loss_consensus_global": [
            27.90558433532715,
            19.64441156387329,
            11.28312349319458,
            8.045379519462585,
            6.620160222053528,
            5.765844464302063
        ]
    },
    "No Federated (Local)": {
        "loss": [
            18.89286732673645,
            11.144456505775452,
            8.538294553756714,
            7.0302256643772125,
            6.005659461021423,
            5.2285862267017365
        ],
        "val_loss": [
            11.616400182247162,
            8.628504246473312,
            7.070442736148834,
            6.055563002824783,
            5.318401962518692,
            4.760296106338501
        ]
    }
}