{
    "Federated": {
        "loss": [
            19.08038103580475,
            14.88808673620224,
            11.477988183498383,
            8.86533710360527,
            7.27381831407547,
            6.217669278383255
        ],
        "val_loss": [
            11.810878217220306,
            8.026649236679077,
            7.248531848192215,
            6.220733135938644,
            5.431749075651169,
            4.878372758626938
        ],
        "loss_consensus_local": [
            26.659112334251404,
            19.042264997959137,
            12.11476868391037,
            8.805040955543518,
            7.073060154914856,
            6.0442081689834595
        ],
        "loss_consensus_global": [
            26.316351413726807,
            18.26194190979004,
            10.833096265792847,
            8.00126314163208,
            6.47506856918335,
            5.537914276123047
        ]
    },
    "No Federated (Local)": {
        "loss": [
            19.086424112319946,
            11.081857740879059,
            7.876351594924927,
            6.046488791704178,
            5.020900189876556,
            4.376974821090698
        ],
        "val_loss": [
            11.79798048734665,
            8.242545157670975,
            6.2380580604076385,
            5.19582012295723,
            4.577543467283249,
            4.149411231279373
        ]
    }
}