{
    "Federated": {
        "loss": [
            18.328983855247497,
            11.819904685020447,
            8.258861553668975,
            6.428546273708344,
            5.497742158174515,
            4.96993106007576
        ],
        "val_loss": [
            10.337448966503143,
            5.595659613609314,
            4.899222868680954,
            4.536100518703461,
            4.3127571761608126,
            4.139674240350724
        ],
        "loss_consensus_local": [
            31.018233346939088,
            19.66609945297241,
            12.213062858581543,
            8.204047513008117,
            6.197710621356964,
            5.178420841693878
        ],
        "loss_consensus_global": [
            31.04566593170166,
            19.45662498474121,
            12.092473411560059,
            7.995205974578857,
            5.730955410003662,
            4.581570672988891
        ]
    },
    "No Federated (Local)": {
        "loss": [
            18.29896273612976,
            9.892285025119781,
            8.172815841436385,
            7.32499132156372,
            6.714886021614075,
            6.229157823324203
        ],
        "val_loss": [
            10.347120690345765,
            7.899288505315781,
            7.04630897641182,
            6.4868485033512115,
            6.0315483748912815,
            5.66040860414505
        ]
    }
}