{
    "Federated": {
        "loss": [
            18.42026443719864,
            12.851305520534515,
            9.670396854877472,
            7.590980647802352,
            6.578194292783738,
            6.010542081594467
        ],
        "val_loss": [
            11.02738967180252,
            6.666087216138839,
            6.233410230875015,
            5.74433698296547,
            5.521484270095825,
            5.346816902160644
        ],
        "loss_consensus_local": [
            31.904996690750124,
            21.43228762626648,
            14.17166733264923,
            10.129906919002533,
            7.958082327842712,
            6.845160710811615
        ],
        "loss_consensus_global": [
            32.14069961547851,
            21.683907079696656,
            14.386327915191652,
            10.19511603832245,
            7.754607615470886,
            6.415758666992187
        ]
    },
    "No Federated (Local)": {
        "loss": [
            18.42139176607132,
            10.797989423274995,
            8.737166079282762,
            7.555511106252671,
            6.748340138196946,
            6.160953704118729
        ],
        "val_loss": [
            11.045975277423858 , 8.459119123220443 , 7.272844883203507 , 6.485049414634704 , 5.9248665678501125 , 5.50346930384636
        ]
    }
}