{
    "mse": 1017.3449733156091,
    "mae": 1.95029956581114
}