{
    "mse": 711.1724396649306,
    "mae": 1.3685773188835553
}