{
    "mse": 1453.068043775308,
    "rmse": 38.11912963034844,
    "mae": 24.709437392006272,
    "mape": 1.8955862240760555
}