{
    "mse": 887.2063935208487,
    "rmse": 29.786010030228095,
    "mae": 21.293456202626228,
    "mape": 2.9116934118344946
}