{
    "Federated": {
        "loss": [
            38.4940071105957,
            31.329191207885742,
            27.62336540222168,
            24.88653564453125,
            22.097414016723633,
            20.200958251953125
        ],
        "val_loss": [
            26.64688491821289,
            19.02018928527832,
            18.842931747436523,
            18.356264114379883,
            17.0040225982666,
            15.756572723388672
        ],
        "loss_consensus_local": [
            53.495880126953125,
            43.109642028808594,
            32.69563293457031,
            24.042741775512695,
            20.091230392456055,
            17.886690139770508
        ],
        "loss_consensus_global": [
            29.245351791381836,
            21.78321647644043,
            14.590902328491211,
            9.830451011657715,
            8.5896635055542,
            7.730177402496338
        ]
    },
    "No Federated (Local)": {
        "loss": [
            38.506683349609375,
            27.117298126220703,
            21.734760284423828,
            19.034292221069336,
            17.301362991333008,
            15.956676483154297
        ],
        "val_loss": [
            26.71735382080078,
            20.334875106811523,
            17.42949867248535,
            15.856492042541504,
            14.627025604248047,
            13.58763599395752
        ]
    }
}