{
    "Federated": {
        "loss": [
            18.11517906188965,
            17.43801498413086,
            12.030449867248535,
            9.293594360351562,
            7.463156700134277,
            6.328049659729004
        ],
        "val_loss": [
            9.609257698059082,
            9.019181251525879,
            8.096877098083496,
            7.197163105010986,
            6.07402229309082,
            5.47983980178833
        ],
        "loss_consensus_local": [
            34.60234832763672,
            21.356536865234375,
            13.392361640930176,
            8.455509185791016,
            6.749419689178467,
            5.886094093322754
        ],
        "loss_consensus_global": [
            33.59246826171875,
            20.744497299194336,
            13.216211318969727,
            9.580510139465332,
            8.437260627746582,
            7.622946262359619
        ]
    },
    "No Federated (Local)": {
        "loss": [
            18.008329391479492,
            8.06314468383789,
            5.614144325256348,
            4.598546981811523,
            3.970139980316162,
            3.5385189056396484
        ],
        "val_loss": [
            9.539066314697266,
            6.188826084136963,
            5.150973320007324,
            4.488630294799805,
            4.014525890350342,
            3.691610336303711
        ]
    }
}