{
    "Federated": {
        "loss": [
            4.87799072265625,
            4.276774883270264,
            1.786096215248108,
            1.5881881713867188,
            1.5194885730743408,
            1.5052356719970703,
            1.5153158903121948,
            1.494907021522522,
            1.4574506282806396,
            1.4636822938919067,
            1.460198163986206
        ],
        "val_loss": [
            2.4909229278564453,
            2.218416929244995,
            1.8139053583145142,
            1.715119481086731,
            1.6774752140045166,
            1.6497684717178345,
            1.6288403272628784,
            1.6207613945007324,
            1.6247566938400269,
            1.6232424974441528,
            1.6288951635360718
        ]
    },
    "Consenso": {
        "val_loss": [
            6.035531520843506
        ]
    }
}