{
    "Federated": {
        "loss": [
            3.652726650238037,
            3.522423505783081,
            1.8876409530639648,
            1.4246746301651,
            1.2420687675476074,
            1.1913851499557495,
            1.1327455043792725,
            1.1032267808914185,
            1.0520386695861816,
            1.0169556140899658,
            1.003556728363037
        ],
        "val_loss": [
            10.27264404296875,
            10.404938697814941,
            7.069049835205078,
            5.351805686950684,
            4.563514232635498,
            4.070000648498535,
            3.925295114517212,
            3.6477291584014893,
            3.3186516761779785,
            3.155174732208252,
            2.9685275554656982
        ]
    },
    "Consenso": {
        "val_loss": [
            4.945126533508301
        ]
    }
}