{
    "Federated": {
        "loss": [
            4.722455024719238,
            4.763834476470947,
            2.0126795768737793,
            1.7662758827209473,
            1.6981515884399414,
            1.676445484161377,
            1.6763523817062378,
            1.6554750204086304,
            1.6379059553146362,
            1.6413744688034058,
            1.6339671611785889
        ],
        "val_loss": [
            2.2851619720458984,
            2.5320475101470947,
            1.8504807949066162,
            1.6800581216812134,
            1.6523443460464478,
            1.590299129486084,
            1.552971601486206,
            1.5291903018951416,
            1.5197463035583496,
            1.5246726274490356,
            1.5450628995895386
        ]
    },
    "Consenso": {
        "val_loss": [
            5.9007368087768555
        ]
    }
}