{
    "Federated": {
        "loss": [
            3.8722434043884277,
            3.545936346054077,
            1.5947561264038086,
            1.445385456085205,
            1.3801003694534302,
            1.3664335012435913,
            1.3748743534088135,
            1.3830980062484741,
            1.3843165636062622,
            1.381354570388794,
            1.377034068107605
        ],
        "val_loss": [
            1.806938886642456,
            1.566584587097168,
            1.4347615242004395,
            1.3609309196472168,
            1.3470269441604614,
            1.3263888359069824,
            1.3330742120742798,
            1.3401824235916138,
            1.3396046161651611,
            1.337610125541687,
            1.3278898000717163
        ]
    },
    "Consenso": {
        "val_loss": [
            5.103430271148682
        ]
    }
}