{
    "Federated": {
        "loss": [
            3.7057461738586426,
            3.333080530166626,
            1.4111498594284058,
            1.294836163520813,
            1.2411484718322754,
            1.2319915294647217,
            1.2384229898452759,
            1.2452605962753296,
            1.2496724128723145,
            1.2436456680297852,
            1.231681227684021
        ],
        "val_loss": [
            1.6343330144882202,
            1.308677315711975,
            1.1699720621109009,
            1.0880454778671265,
            1.0507146120071411,
            1.0508440732955933,
            1.049315094947815,
            1.0637627840042114,
            1.0535871982574463,
            1.0522147417068481,
            1.0458881855010986
        ]
    },
    "Consenso": {
        "val_loss": [
            4.985428333282471
        ]
    }
}