{
    "Federated": {
        "loss": [
            2.2428934574127197,
            2.0788252353668213,
            1.1805248260498047,
            1.024154782295227,
            0.9863812327384949,
            0.9852591753005981,
            0.9721724390983582,
            0.9451767206192017,
            0.9268227815628052,
            0.8995725512504578,
            0.8852973580360413
        ],
        "val_loss": [
            1.3106789588928223,
            1.2861148118972778,
            1.0927987098693848,
            1.051805853843689,
            1.0771617889404297,
            1.0841962099075317,
            1.078960657119751,
            1.0551952123641968,
            1.0493595600128174,
            1.041375994682312,
            1.0330942869186401
        ]
    },
    "Consenso": {
        "val_loss": [
            4.824455738067627
        ]
    }
}