{
    "Federated": {
        "loss": [
            23.889503479003906,
            18.41094398498535,
            11.069639205932617,
            9.219382286071777,
            7.984869480133057,
            7.056661605834961,
            6.410295009613037,
            5.967081546783447,
            5.611932754516602,
            5.325554370880127,
            5.0979228019714355
        ],
        "val_loss": [
            12.937823295593262,
            7.087772846221924,
            6.7239580154418945,
            5.791714668273926,
            5.068504810333252,
            4.5168304443359375,
            4.184403896331787,
            3.974252223968506,
            3.8546948432922363,
            3.7068638801574707,
            3.6250367164611816
        ]
    },
    "Consenso": {
        "val_loss": [
            4.086888313293457
        ]
    }
}