{
    "Federated": {
        "loss": [
            2.5400784015655518,
            2.4140548706054688,
            1.3166617155075073,
            1.26932954788208,
            1.2329933643341064,
            1.222874402999878,
            1.2257922887802124,
            1.230006217956543,
            1.2298678159713745,
            1.2196855545043945,
            1.215836524963379
        ],
        "val_loss": [
            1.2077597379684448,
            1.1402419805526733,
            1.064424991607666,
            1.0215528011322021,
            1.0087422132492065,
            1.0226140022277832,
            1.0151876211166382,
            1.0175817012786865,
            1.0164378881454468,
            1.022234559059143,
            1.0193840265274048
        ]
    },
    "Consenso": {
        "val_loss": [
            4.904053688049316
        ]
    }
}