{
    "Federated": {
        "loss": [
            6.495473384857178,
            5.415696144104004,
            2.1918811798095703,
            1.804368019104004,
            1.666967511177063,
            1.6268198490142822,
            1.5903934240341187,
            1.54839026927948,
            1.5069490671157837,
            1.5004069805145264,
            1.4856202602386475
        ],
        "val_loss": [
            3.0609078407287598,
            2.3731064796447754,
            1.767958402633667,
            1.623140811920166,
            1.5655592679977417,
            1.5232020616531372,
            1.4865765571594238,
            1.4666852951049805,
            1.4508846998214722,
            1.4527819156646729,
            1.4580326080322266
        ]
    },
    "Consenso": {
        "val_loss": [
            5.846257209777832
        ]
    }
}