{
    "Federated": {
        "loss": [
            24.011014938354492,
            20.944393157958984,
            12.827608108520508,
            10.428084373474121,
            9.061522483825684,
            8.230400085449219,
            7.670236587524414,
            7.208702087402344,
            6.8348212242126465,
            6.509210109710693,
            6.207008361816406
        ],
        "val_loss": [
            16.684627532958984,
            11.692464828491211,
            9.989562034606934,
            8.688188552856445,
            7.891595840454102,
            7.294094562530518,
            6.965775966644287,
            6.645837783813477,
            6.276676177978516,
            6.05795955657959,
            5.852811813354492
        ]
    },
    "Consenso": {
        "val_loss": [
            5.107507228851318
        ]
    }
}