{
    "Federated": {
        "loss": [
            21.42599868774414,
            18.352725982666016,
            10.33088207244873,
            8.161502838134766,
            6.9635796546936035,
            6.3111491203308105,
            5.854260444641113,
            5.513591289520264,
            5.220311641693115,
            4.996559143066406,
            4.78078031539917
        ],
        "val_loss": [
            12.943744659423828,
            10.065587997436523,
            8.138643264770508,
            6.824141979217529,
            6.0709147453308105,
            5.685413837432861,
            5.508602142333984,
            5.131109237670898,
            4.914344310760498,
            4.749651908874512,
            4.603151321411133
        ]
    },
    "Consenso": {
        "val_loss": [
            4.91513204574585
        ]
    }
}