{
    "Federated": {
        "loss": [
            2.0052905082702637,
            1.9666457176208496,
            1.1238951683044434,
            1.1056180000305176,
            1.0789517164230347,
            1.0720006227493286,
            1.0536941289901733,
            1.0276905298233032,
            1.0146962404251099,
            0.997327983379364,
            0.9967761039733887
        ],
        "val_loss": [
            1.1301277875900269,
            1.158476710319519,
            0.9830291271209717,
            0.9756025075912476,
            0.9745247960090637,
            0.9684068560600281,
            0.9600005745887756,
            0.9540926218032837,
            0.9601775407791138,
            0.9557127356529236,
            0.9687722325325012
        ]
    },
    "Consenso": {
        "val_loss": [
            5.394213676452637
        ]
    }
}