{
    "Federated": {
        "loss": [
            3.47694993019104,
            3.3198037147521973,
            1.3714284896850586,
            1.174180030822754,
            1.1428165435791016,
            1.1335818767547607,
            1.1329699754714966,
            1.0994153022766113,
            1.0785681009292603,
            1.056309461593628,
            1.0455900430679321
        ],
        "val_loss": [
            6.294181823730469,
            5.837134838104248,
            3.738920211791992,
            2.9427578449249268,
            2.755387783050537,
            2.5098893642425537,
            2.3349568843841553,
            2.3058178424835205,
            2.0425713062286377,
            1.9325193166732788,
            1.8517601490020752
        ]
    },
    "Consenso": {
        "val_loss": [
            5.923926830291748
        ]
    }
}