{
    "Federated": {
        "loss": [
            24.857099533081055,
            22.136695861816406,
            12.588098526000977,
            10.219842910766602,
            8.79832649230957,
            7.727593421936035,
            6.95864725112915,
            6.394159317016602,
            5.988836288452148,
            5.663922309875488,
            5.358120918273926
        ],
        "val_loss": [
            15.053132057189941,
            11.699312210083008,
            8.415000915527344,
            7.4926042556762695,
            6.598968029022217,
            5.838082790374756,
            5.269876480102539,
            4.877053260803223,
            4.599373817443848,
            4.376193046569824,
            4.178446292877197
        ]
    },
    "Consenso": {
        "val_loss": [
            4.0408196449279785
        ]
    }
}