{
    "Federated": {
        "loss": [
            35.29058837890625,
            32.68478775024414,
            28.465797424316406,
            24.857589721679688,
            22.041723251342773,
            19.07054328918457,
            16.934553146362305,
            15.413074493408203,
            14.3385648727417,
            13.518288612365723,
            12.912189483642578
        ],
        "val_loss": [
            22.266569137573242,
            20.925025939941406,
            18.582834243774414,
            17.271820068359375,
            15.839618682861328,
            14.024068832397461,
            12.76893138885498,
            12.055846214294434,
            11.342880249023438,
            10.893766403198242,
            10.467653274536133
        ],
        "loss_consensus_local": [
            49.388885498046875,
            42.4259147644043,
            33.48796844482422,
            26.712575912475586,
            20.695844650268555,
            17.192731857299805,
            15.082375526428223,
            13.696682929992676,
            12.758435249328613,
            12.073980331420898,
            11.539034843444824
        ],
        "loss_consensus_global": [
            25.527894973754883,
            20.51662826538086,
            14.733407974243164,
            10.953768730163574,
            8.737066268920898,
            7.318803310394287,
            6.315389633178711,
            5.843921661376953,
            5.444910526275635,
            5.109818458557129,
            4.84192419052124
        ]
    },
    "No Federated (Local)": {
        "loss": [
            35.30885314941406,
            21.480472564697266,
            16.035140991210938,
            13.486227989196777,
            12.236954689025879,
            11.447265625,
            10.889740943908691,
            10.411126136779785,
            10.011791229248047,
            9.636703491210938,
            9.315909385681152
        ],
        "val_loss": [
            22.29649543762207,
            15.522340774536133,
            12.321812629699707,
            11.19506549835205,
            10.346516609191895,
            9.858409881591797,
            9.455167770385742,
            9.148508071899414,
            8.833795547485352,
            8.546586036682129,
            8.273378372192383
        ]
    }
}