{
    "Federated": {
        "loss": [
            4.724530220031738,
            3.9765818119049072,
            2.8208792209625244,
            2.0352632999420166,
            1.7256633043289185,
            1.613864779472351,
            1.617760419845581,
            1.6685069799423218,
            1.7395644187927246,
            1.7733179330825806,
            1.8139797449111938
        ],
        "val_loss": [
            2.3879919052124023,
            2.423380136489868,
            2.101271867752075,
            1.8585572242736816,
            1.721797227859497,
            1.678810954093933,
            1.6804351806640625,
            1.6989370584487915,
            1.725770115852356,
            1.75644850730896,
            1.7731590270996094
        ],
        "loss_consensus_local": [
            6.796295642852783,
            4.4182963371276855,
            2.8011856079101562,
            2.467716932296753,
            2.7862584590911865,
            2.9179110527038574,
            2.8187520503997803,
            2.7310690879821777,
            2.6507890224456787,
            2.5643041133880615,
            2.4898674488067627
        ],
        "loss_consensus_global": [
            26.325044631958008,
            20.74994659423828,
            14.605294227600098,
            10.864811897277832,
            8.642207145690918,
            7.244021415710449,
            6.272830009460449,
            5.811629295349121,
            5.423881530761719,
            5.08690881729126,
            4.823216438293457
        ]
    },
    "No Federated (Local)": {
        "loss": [
            4.754390716552734,
            1.883492350578308,
            1.562893271446228,
            1.4739028215408325,
            1.4444925785064697,
            1.4300860166549683,
            1.4104363918304443,
            1.4035890102386475,
            1.3984687328338623,
            1.4034879207611084,
            1.3944644927978516
        ],
        "val_loss": [
            2.4442834854125977,
            1.838503122329712,
            1.72475266456604,
            1.6797974109649658,
            1.660765290260315,
            1.6462993621826172,
            1.6412389278411865,
            1.6396938562393188,
            1.6740690469741821,
            1.633723497390747,
            1.653056263923645
        ]
    }
}