{
    "Federated": {
        "loss": [
            4.804641246795654,
            3.664433240890503,
            2.230679988861084,
            1.8256402015686035,
            1.7939743995666504,
            1.7821048498153687
        ],
        "val_loss": [
            2.6327598094940186,
            2.2905988693237305,
            2.032313823699951,
            1.8714640140533447,
            1.8193515539169312,
            1.795081377029419
        ],
        "loss_consensus_local": [
            10.806381225585938,
            4.542789459228516,
            2.84466814994812,
            3.4307665824890137,
            3.497873306274414,
            3.2935593128204346
        ],
        "loss_consensus_global": [
            32.205081939697266,
            17.711389541625977,
            10.843561172485352,
            9.06929874420166,
            7.898394584655762,
            7.135960102081299
        ]
    },
    "No Federated (Local)": {
        "loss": [
            4.823353290557861,
            2.1099774837493896,
            1.7486125230789185,
            1.6500080823898315,
            1.5860775709152222,
            1.5503288507461548
        ],
        "val_loss": [
            2.6704068183898926,
            2.0269715785980225,
            1.9366157054901123,
            1.8646377325057983,
            1.8324487209320068,
            1.8060904741287231
        ]
    }
}