{
    "Federated": {
        "loss": [
            37.37299346923828,
            30.44339370727539,
            26.729400634765625,
            21.988014221191406,
            18.947763442993164,
            16.455095291137695,
            14.443254470825195,
            12.888534545898438,
            11.840781211853027,
            11.120516777038574,
            10.604456901550293
        ],
        "val_loss": [
            25.871633529663086,
            20.064754486083984,
            17.288192749023438,
            15.298954963684082,
            13.665173530578613,
            11.924986839294434,
            10.480185508728027,
            9.793710708618164,
            9.20914363861084,
            8.911459922790527,
            8.670016288757324
        ],
        "loss_consensus_local": [
            49.42738723754883,
            41.94590377807617,
            28.847801208496094,
            21.62196922302246,
            17.56041717529297,
            14.947566986083984,
            13.071843147277832,
            11.751008033752441,
            10.871787071228027,
            10.2842435836792,
            9.852875709533691
        ],
        "loss_consensus_global": [
            25.827436447143555,
            20.658985137939453,
            12.10974407196045,
            9.334959030151367,
            7.784542560577393,
            6.463197231292725,
            5.509871482849121,
            4.78633451461792,
            4.271402359008789,
            3.939365863800049,
            3.790806293487549
        ]
    },
    "No Federated (Local)": {
        "loss": [
            37.33689498901367,
            25.881420135498047,
            20.49076271057129,
            17.235694885253906,
            15.059281349182129,
            13.531170845031738,
            12.31482982635498,
            11.304265022277832,
            10.418978691101074,
            9.642230987548828,
            8.976316452026367
        ],
        "val_loss": [
            25.911897659301758,
            19.45975685119629,
            16.057008743286133,
            14.063955307006836,
            12.679529190063477,
            11.509358406066895,
            10.601296424865723,
            9.857207298278809,
            9.236601829528809,
            8.583279609680176,
            8.036288261413574
        ]
    }
}