{
    "Federated": {
        "loss": [
            16.685733795166016,
            12.591085433959961,
            10.79875373840332,
            7.931077480316162,
            6.112955570220947,
            4.7429633140563965,
            3.7699148654937744,
            3.1734609603881836,
            2.860198736190796,
            2.7030303478240967,
            2.6104376316070557
        ],
        "val_loss": [
            8.001006126403809,
            6.654572010040283,
            6.190634727478027,
            5.108352184295654,
            3.8487915992736816,
            3.0128097534179688,
            2.6668860912323,
            2.4429373741149902,
            2.377100706100464,
            2.326664686203003,
            2.2815287113189697
        ],
        "loss_consensus_local": [
            21.344722747802734,
            17.032032012939453,
            10.022970199584961,
            6.92169189453125,
            5.225853443145752,
            4.100771903991699,
            3.274991273880005,
            2.776893138885498,
            2.565673828125,
            2.5043814182281494,
            2.556138038635254
        ],
        "loss_consensus_global": [
            25.827436447143555,
            20.658985137939453,
            12.10974407196045,
            9.334959030151367,
            7.784542560577393,
            6.463197231292725,
            5.509871482849121,
            4.78633451461792,
            4.271402359008789,
            3.939365863800049,
            3.790806293487549
        ]
    },
    "No Federated (Local)": {
        "loss": [
            16.670730590820312,
            7.316670894622803,
            4.301089286804199,
            2.9839937686920166,
            2.6441659927368164,
            2.515481472015381,
            2.4498889446258545,
            2.4081931114196777,
            2.372028350830078,
            2.334459066390991,
            2.314829111099243
        ],
        "val_loss": [
            8.022932052612305,
            4.768535137176514,
            3.1098785400390625,
            2.6752512454986572,
            2.5447208881378174,
            2.4580559730529785,
            2.436962604522705,
            2.322218894958496,
            2.2854602336883545,
            2.2494449615478516,
            2.2519774436950684
        ]
    }
}