{
    "Federated": {
        "loss": [
            17.891366124153137,
            12.521577894687653,
            10.542733192443848,
            8.858664840459824,
            7.777085483074188,
            6.9132547080516815
        ],
        "val_loss": [
            12.739316463470459,
            8.49966299533844,
            9.073198080062866,
            8.27979326248169,
            7.670543551445007,
            7.008006930351257
        ],
        "loss_consensus_local": [
            31.93631076812744,
            22.82997465133667,
            15.627812385559082,
            11.211251258850098,
            8.001742959022522,
            6.766785979270935
        ],
        "loss_consensus_global": [
            31.93631076812744,
            22.82997465133667,
            15.627812385559082,
            11.211251258850098,
            8.001742959022522,
            6.766785979270935
        ]
    },
    "No Federated (Local)": {
        "loss": [
            17.950507521629333,
            10.299090564250946,
            8.280465930700302,
            7.1331872045993805,
            6.270888030529022,
            5.578231513500214
        ],
        "val_loss": [
            12.864797353744507,
            10.401811361312866,
            9.305351972579956,
            8.631848216056824,
            8.021365642547607,
            7.532746434211731
        ]
    }
}