{
    "ML (Local)": {
        "loss": [
            21.051254272460938,
            14.913151741027832,
            12.853792190551758,
            11.540111541748047,
            10.69229793548584,
            10.082182884216309,
            9.6133394241333,
            9.241859436035156,
            8.941317558288574,
            8.700541496276855
        ],
        "val_loss": [
            11.581567764282227,
            9.07882308959961,
            7.732217311859131,
            7.019829273223877,
            6.556410789489746,
            6.218164920806885,
            6.003500461578369,
            5.7971930503845215,
            5.630871295928955,
            5.508695602416992
        ]
    }
}