{
    "ML": {
        "loss": [
            21.138547897338867,
            13.656330108642578,
            11.731867790222168,
            10.852391242980957,
            10.241761207580566,
            9.763803482055664
        ],
        "accuracy": [
            0.0426747165620327,
            0.042231060564517975,
            0.042848456650972366,
            0.04315560311079025,
            0.042358264327049255,
            0.04151748865842819
        ],
        "val_loss": [
            13.051920890808105,
            10.240854263305664,
            9.402783393859863,
            8.877888679504395,
            8.497671127319336,
            8.179475784301758
        ],
        "val_accuracy": [
            0.05704747885465622,
            0.054677221924066544,
            0.05524807050824165,
            0.0549626462161541,
            0.053969867527484894,
            0.052890222519636154
        ]
    }
}