{
    "Federated": {
        "loss": [
            17.93361473083496,
            17.385204315185547,
            17.130598068237305,
            11.537604331970215,
            10.220218658447266,
            9.514045715332031
        ],
        "val_loss": [
            11.481974601745605,
            13.704298973083496,
            15.147010803222656,
            11.230240821838379,
            10.57126522064209,
            10.273591995239258
        ],
        "loss_consensus_local": [
            41.45459747314453,
            29.935317993164062,
            19.321659088134766,
            14.753695487976074,
            12.477460861206055,
            11.39735221862793
        ],
        "loss_consensus_global": [
            41.20235824584961,
            30.897794723510742,
            21.28484344482422,
            16.903772354125977,
            14.454852104187012,
            12.961953163146973
        ]
    },
    "No Federated (Local)": {
        "loss": [
            17.90716552734375,
            10.686650276184082,
            8.644135475158691,
            7.439752578735352,
            6.6017608642578125,
            6.010218143463135
        ],
        "val_loss": [
            11.514877319335938,
            8.860496520996094,
            7.837769985198975,
            6.92542028427124,
            6.327564239501953,
            5.8199849128723145
        ]
    }
}