{
    "Federated": {
        "loss": [
            41.64724349975586,
            33.47987747192383,
            27.44740867614746,
            26.001195907592773,
            24.628353118896484,
            23.34763526916504,
            22.205116271972656,
            21.248870849609375,
            20.368534088134766,
            19.620437622070312,
            19.017637252807617,
            18.50398063659668,
            18.127439498901367,
            17.798938751220703,
            17.57971954345703
        ],
        "consenso": [
            61.95228958129883,
            29.399730682373047,
            27.723939895629883,
            26.404296875,
            25.125486373901367,
            23.920909881591797,
            22.952835083007812,
            22.057451248168945,
            21.30614471435547,
            20.68642234802246,
            20.190059661865234,
            19.859663009643555,
            19.551551818847656,
            19.335432052612305,
            19.144556045532227
        ]
    }
}