{
    "Federated": {
        "loss": [
            53.54580307006836,
            56.39168167114258,
            40.085445404052734,
            32.57001876831055,
            30.460603713989258,
            29.56847381591797,
            28.977432250976562,
            28.442594528198242,
            27.998144149780273,
            27.562957763671875,
            27.20671844482422,
            26.795198440551758,
            26.431076049804688,
            26.106958389282227,
            25.69059181213379,
            25.371517181396484,
            25.067535400390625,
            24.717321395874023,
            24.357980728149414,
            24.016220092773438,
            23.673612594604492,
            23.356369018554688,
            23.115970611572266,
            22.687793731689453,
            22.43657875061035
        ],
        "consenso": [
            61.52703094482422,
            43.35934066772461,
            32.71604919433594,
            29.747785568237305,
            28.78723907470703,
            28.235153198242188,
            27.802080154418945,
            27.417516708374023,
            27.052562713623047,
            26.735919952392578,
            26.38922882080078,
            26.04769515991211,
            25.734060287475586,
            25.432729721069336,
            25.10870933532715,
            24.804475784301758,
            24.506858825683594,
            24.205883026123047,
            23.920385360717773,
            23.63218116760254,
            23.360687255859375,
            23.10579490661621,
            22.83346176147461,
            22.588470458984375,
            22.373592376708984
        ],
        "mse": [
            6940.7431640625,
            4078.358642578125,
            2572.9052734375,
            2139.5947265625,
            1995.0767822265625,
            1913.1201171875,
            1850.0423583984375,
            1795.1475830078125,
            1744.086669921875,
            1700.9031982421875,
            1653.72314453125,
            1608.14990234375,
            1567.552734375,
            1528.93798828125,
            1487.41650390625,
            1448.8997802734375,
            1411.472412109375,
            1373.4403076171875,
            1338.443359375,
            1303.29833984375,
            1270.2725830078125,
            1239.563720703125,
            1205.6298828125,
            1176.32080078125,
            1152.0426025390625
        ],
        "mae": [
            61.52703094482422,
            43.35934066772461,
            32.71604919433594,
            29.747785568237305,
            28.78723907470703,
            28.235153198242188,
            27.802080154418945,
            27.417516708374023,
            27.052562713623047,
            26.735919952392578,
            26.38922882080078,
            26.04769515991211,
            25.734060287475586,
            25.432729721069336,
            25.10870933532715,
            24.804475784301758,
            24.506858825683594,
            24.205883026123047,
            23.920385360717773,
            23.63218116760254,
            23.360687255859375,
            23.10579490661621,
            22.83346176147461,
            22.588470458984375,
            22.373592376708984
        ],
        "accuracy": [
            0.0,
            0.0,
            0.0,
            0.0,
            0.0,
            0.0,
            0.0,
            0.0,
            0.0,
            0.0,
            0.0,
            0.0,
            0.0,
            0.0,
            0.0,
            0.0,
            0.0,
            0.0,
            0.0,
            0.0,
            0.0,
            0.0,
            0.0,
            0.0,
            0.0
        ]
    }
}