{
    "Federated": {
        "loss": [
            54.730224609375,
            56.347843170166016,
            40.22157669067383,
            33.040225982666016,
            30.86494255065918,
            30.052330017089844,
            29.390907287597656,
            28.84303092956543,
            28.390411376953125,
            27.910551071166992,
            27.52760124206543,
            27.06459617614746,
            26.683401107788086,
            26.274717330932617,
            25.93757438659668,
            25.60694694519043,
            25.25463104248047,
            24.846982955932617,
            24.4038028717041,
            24.0833797454834,
            23.762454986572266,
            23.435022354125977,
            23.09617805480957,
            22.842845916748047,
            22.519929885864258,
            22.173076629638672,
            21.86798667907715,
            21.611736297607422,
            21.323823928833008,
            21.109161376953125,
            20.831539154052734,
            20.566953659057617,
            20.39665985107422,
            20.16144371032715,
            19.932947158813477,
            19.73725700378418,
            19.5308837890625,
            19.364883422851562,
            19.224411010742188,
            19.06645965576172,
            18.91248893737793,
            18.749460220336914,
            18.601051330566406,
            18.488075256347656,
            18.407630920410156,
            18.288331985473633,
            18.159687042236328,
            18.037315368652344,
            17.958280563354492,
            17.8981876373291
        ],
        "consenso": [
            60.765018463134766,
            42.90959930419922,
            32.92228698730469,
            30.093441009521484,
            29.120912551879883,
            28.558347702026367,
            28.11197853088379,
            27.7168025970459,
            27.32547378540039,
            26.94329071044922,
            26.593189239501953,
            26.235597610473633,
            25.893579483032227,
            25.56313705444336,
            25.225210189819336,
            24.88911247253418,
            24.58649253845215,
            24.241802215576172,
            23.9384822845459,
            23.658748626708984,
            23.354833602905273,
            23.09357261657715,
            22.818923950195312,
            22.551076889038086,
            22.308202743530273,
            22.05024528503418,
            21.819705963134766,
            21.576921463012695,
            21.358844757080078,
            21.15460205078125,
            20.953079223632812,
            20.754745483398438,
            20.591867446899414,
            20.415115356445312,
            20.24832534790039,
            20.097707748413086,
            19.964599609375,
            19.83487319946289,
            19.712068557739258,
            19.60901641845703,
            19.494653701782227,
            19.399198532104492,
            19.318307876586914,
            19.22999382019043,
            19.14223861694336,
            19.070180892944336,
            18.995832443237305,
            18.93703269958496,
            18.8785400390625,
            18.824443817138672
        ],
        "mse": [
            6811.75341796875,
            4023.677001953125,
            2604.4267578125,
            2188.462646484375,
            2041.3006591796875,
            1957.3651123046875,
            1892.25048828125,
            1835.74755859375,
            1780.684326171875,
            1727.8402099609375,
            1680.2967529296875,
            1632.5015869140625,
            1587.9371337890625,
            1545.70556640625,
            1502.656982421875,
            1460.348388671875,
            1422.916259765625,
            1378.9002685546875,
            1341.746826171875,
            1308.4969482421875,
            1271.31005859375,
            1240.34326171875,
            1206.629150390625,
            1174.260986328125,
            1146.2261962890625,
            1115.928466796875,
            1089.9752197265625,
            1061.8009033203125,
            1037.3310546875,
            1014.7119750976562,
            992.1505126953125,
            969.664306640625,
            952.4609985351562,
            933.1040649414062,
            914.8505249023438,
            898.5824584960938,
            884.3733520507812,
            870.3601684570312,
            857.0828857421875,
            846.8734741210938,
            834.4673461914062,
            824.6566772460938,
            816.9189453125,
            807.5336303710938,
            797.7785034179688,
            790.3005981445312,
            782.1229858398438,
            776.5120239257812,
            770.8621826171875,
            765.8106689453125
        ],
        "mae": [
            60.765018463134766,
            42.90959930419922,
            32.92228698730469,
            30.093441009521484,
            29.120912551879883,
            28.558347702026367,
            28.11197853088379,
            27.7168025970459,
            27.32547378540039,
            26.94329071044922,
            26.593189239501953,
            26.235597610473633,
            25.893579483032227,
            25.56313705444336,
            25.225210189819336,
            24.88911247253418,
            24.58649253845215,
            24.241802215576172,
            23.9384822845459,
            23.658748626708984,
            23.354833602905273,
            23.09357261657715,
            22.818923950195312,
            22.551076889038086,
            22.308202743530273,
            22.05024528503418,
            21.819705963134766,
            21.576921463012695,
            21.358844757080078,
            21.15460205078125,
            20.953079223632812,
            20.754745483398438,
            20.591867446899414,
            20.415115356445312,
            20.24832534790039,
            20.09770965576172,
            19.964599609375,
            19.83487319946289,
            19.712068557739258,
            19.60901641845703,
            19.494653701782227,
            19.399198532104492,
            19.318307876586914,
            19.22999382019043,
            19.14223861694336,
            19.070180892944336,
            18.995832443237305,
            18.93703269958496,
            18.8785400390625,
            18.824443817138672
        ],
        "accuracy": [
            0.0,
            0.0,
            0.0,
            0.0,
            0.0,
            0.0,
            0.0,
            0.0,
            0.0,
            0.0,
            0.0,
            0.0,
            0.0,
            0.0,
            0.0,
            0.0,
            0.0,
            0.0,
            0.0,
            0.0,
            0.0,
            0.0,
            0.0,
            0.0,
            0.0,
            0.0,
            0.0,
            0.0,
            0.0,
            0.0,
            0.0,
            0.0,
            0.0,
            0.0,
            0.0,
            0.0,
            0.0,
            0.0,
            0.0,
            0.0,
            0.0,
            0.0,
            0.0,
            0.0,
            0.0,
            0.0,
            0.0,
            0.0,
            0.0,
            0.0
        ]
    }
}