{
    "Federated": {
        "loss": [
            26.85758399963379,
            28.82198143005371,
            16.907697677612305,
            12.956504821777344,
            12.055890083312988,
            11.660233497619629,
            11.354618072509766,
            11.16788101196289,
            10.973034858703613,
            10.768604278564453,
            10.594122886657715,
            10.424735069274902,
            10.244012832641602,
            10.063432693481445,
            9.882162094116211,
            9.687911033630371,
            9.51746654510498,
            9.366788864135742,
            9.216711044311523,
            9.063023567199707,
            8.89291763305664,
            8.753457069396973,
            8.59688663482666,
            8.435914993286133,
            8.303049087524414,
            8.172843933105469,
            8.059868812561035,
            7.928402900695801,
            7.812007904052734,
            7.705303192138672,
            7.606656074523926,
            7.512835502624512,
            7.421326160430908,
            7.3492350578308105,
            7.2811598777771,
            7.2096381187438965,
            7.158839702606201,
            7.093608856201172,
            7.050011157989502,
            7.001960754394531,
            6.963479995727539,
            6.929076194763184,
            6.890111923217773,
            6.863857746124268,
            6.830901622772217,
            6.814558506011963,
            6.786783218383789,
            6.766971111297607,
            6.745471954345703,
            6.732933521270752
        ],
        "consenso": [
            30.620582580566406,
            18.4530029296875,
            13.05150032043457,
            11.94703483581543,
            11.554352760314941,
            11.293270111083984,
            11.08420467376709,
            10.897045135498047,
            10.71905517578125,
            10.543919563293457,
            10.376220703125,
            10.208209991455078,
            10.045429229736328,
            9.885708808898926,
            9.726424217224121,
            9.569137573242188,
            9.418368339538574,
            9.26190185546875,
            9.11573314666748,
            8.977102279663086,
            8.835931777954102,
            8.703413009643555,
            8.570712089538574,
            8.44208812713623,
            8.319865226745605,
            8.199203491210938,
            8.087693214416504,
            7.9821672439575195,
            7.884174346923828,
            7.792789936065674,
            7.708284854888916,
            7.631851673126221,
            7.560667514801025,
            7.495131492614746,
            7.434438705444336,
            7.377767562866211,
            7.326881408691406,
            7.281733512878418,
            7.242514610290527,
            7.205240726470947,
            7.173078536987305,
            7.141913414001465,
            7.112185478210449,
            7.087199687957764,
            7.066586017608643,
            7.046602725982666,
            7.030794143676758,
            7.012854099273682,
            6.996546745300293,
            6.9810051918029785
        ],
        "mse": [
            1989.3585205078125,
            852.30908203125,
            393.7287292480469,
            296.11553955078125,
            268.1051025390625,
            253.56492614746094,
            242.89187622070312,
            233.95346069335938,
            225.52685546875,
            217.66165161132812,
            210.738037109375,
            203.95237731933594,
            197.74510192871094,
            191.963623046875,
            186.25189208984375,
            180.78640747070312,
            175.96646118164062,
            170.7201690673828,
            166.27305603027344,
            162.29263305664062,
            158.19833374023438,
            154.7059326171875,
            151.22378540039062,
            148.0222930908203,
            145.2279052734375,
            142.5396728515625,
            140.19613647460938,
            138.01812744140625,
            136.1187744140625,
            134.4462432861328,
            132.97779846191406,
            131.7337646484375,
            130.61962890625,
            129.73300170898438,
            129.01158142089844,
            128.4094696044922,
            127.89200592041016,
            127.51824188232422,
            127.2612075805664,
            126.90044403076172,
            126.86927032470703,
            126.72362518310547,
            126.46604919433594,
            126.49443817138672,
            126.69731903076172,
            126.70401000976562,
            126.92363739013672,
            126.83784484863281,
            126.81143951416016,
            126.7534408569336
        ],
        "mae": [
            30.620582580566406,
            18.4530029296875,
            13.05150032043457,
            11.94703483581543,
            11.554352760314941,
            11.293270111083984,
            11.08420467376709,
            10.897045135498047,
            10.71905517578125,
            10.543919563293457,
            10.376220703125,
            10.208209991455078,
            10.045429229736328,
            9.885708808898926,
            9.726424217224121,
            9.569137573242188,
            9.418368339538574,
            9.26190185546875,
            9.11573314666748,
            8.977102279663086,
            8.835931777954102,
            8.703413009643555,
            8.570712089538574,
            8.44208812713623,
            8.319865226745605,
            8.199203491210938,
            8.087693214416504,
            7.9821672439575195,
            7.884174346923828,
            7.792789936065674,
            7.708284854888916,
            7.631851673126221,
            7.560667514801025,
            7.495131492614746,
            7.434438705444336,
            7.377767562866211,
            7.326881408691406,
            7.281733512878418,
            7.242514610290527,
            7.205240726470947,
            7.173078536987305,
            7.141913414001465,
            7.112185478210449,
            7.087199687957764,
            7.066586017608643,
            7.046602725982666,
            7.030794143676758,
            7.012854099273682,
            6.996546745300293,
            6.9810051918029785
        ],