{
    "Federated": {
        "loss": [
            19.955049514770508,
            15.313516616821289,
            11.241482734680176,
            10.47043514251709,
            9.723501205444336,
            9.064955711364746,
            8.464606285095215,
            7.966670036315918,
            7.581153392791748,
            7.299449443817139,
            7.0922980308532715,
            6.958503723144531,
            6.858414649963379,
            6.781787395477295,
            6.725980758666992
        ],
        "consenso": [
            31.503145217895508,
            11.795295715332031,
            10.943230628967285,
            10.225696563720703,
            9.551273345947266,
            8.944989204406738,
            8.435785293579102,
            8.0022611618042,
            7.677586555480957,
            7.439491271972656,
            7.266499042510986,
            7.146669864654541,
            7.059910774230957,
            6.996506214141846,
            6.950650215148926
        ]
    }
}