{
    "Federated": {
        "loss": [
            27.2788143157959,
            29.162322998046875,
            16.95054054260254,
            12.772940635681152,
            11.825757026672363,
            11.419715881347656,
            11.178343772888184,
            10.964816093444824,
            10.780660629272461,
            10.61339282989502,
            10.446455001831055,
            10.262835502624512,
            10.104666709899902,
            9.942516326904297,
            9.78088092803955,
            9.612724304199219,
            9.454198837280273,
            9.312418937683105,
            9.144618034362793,
            9.000983238220215,
            8.869967460632324,
            8.71631145477295,
            8.5683012008667,
            8.428790092468262,
            8.309957504272461
        ],
        "consenso": [
            31.157373428344727,
            18.79592514038086,
            12.923759460449219,
            11.754024505615234,
            11.363265037536621,
            11.109147071838379,
            10.907657623291016,
            10.728796005249023,
            10.562610626220703,
            10.409933090209961,
            10.250443458557129,
            10.094833374023438,
            9.945764541625977,
            9.7993745803833,
            9.650545120239258,
            9.505411148071289,
            9.362993240356445,
            9.221282005310059,
            9.085864067077637,
            8.952083587646484,
            8.821038246154785,
            8.695208549499512,
            8.569210052490234,
            8.448430061340332,
            8.333417892456055
        ],
        "mse": [
            2046.583740234375,
            876.9594116210938,
            387.27691650390625,
            286.0124816894531,
            258.9833679199219,
            245.04493713378906,
            234.94129943847656,
            226.4932861328125,
            218.8788604736328,
            212.55825805664062,
            205.86900329589844,
            199.5653533935547,
            194.02279663085938,
            188.83218383789062,
            183.45262145996094,
            178.55044555664062,
            173.90054321289062,
            169.3526611328125,
            165.2152557373047,
            161.23281860351562,
            157.56329345703125,
            154.20875549316406,
            150.8408966064453,
            147.90574645996094,
            145.35104370117188
        ],
        "mae": [
            31.157373428344727,
            18.79592514038086,
            12.923759460449219,
            11.754024505615234,
            11.363265037536621,
            11.109147071838379,
            10.907657623291016,
            10.728796005249023,
            10.562610626220703,
            10.409933090209961,
            10.250443458557129,
            10.094833374023438,
            9.945764541625977,
            9.7993745803833,
            9.650544166564941,
            9.505411148071289,
            9.362993240356445,
            9.221282005310059,
            9.085864067077637,
            8.952083587646484,
            8.821038246154785,
            8.695208549499512,
            8.569210052490234,
            8.448430061340332,
            8.333417892456055
        ],
        "accuracy": [
            0.08050847798585892,
            0.0,
            0.0,
            0.0,
            0.06073446199297905,
            0.06144067645072937,
            0.06214689090847969,
            0.06214689090847969,
            0.06214689090847969,
            0.06285310536623001,
            0.06355932354927063,
            0.06497175246477127,
            0.06497175246477127,
            0.06497175246477127,
            0.06567796319723129,
            0.06567796319723129,
            0.06567796319723129,
            0.06567796319723129,
            0.06567796319723129,
            0.06567796319723129,
            0.06567796319723129,
            0.06567796319723129,
            0.06567796319723129,
            0.06567796319723129,
            0.06567796319723129
        ]
    }
}