{
    "Federated": {
        "loss": [
            6.740685939788818,
            5.814456939697266,
            4.228918075561523,
            4.123228073120117,
            4.008824825286865,
            3.925452470779419,
            3.8458974361419678,
            3.800273895263672,
            3.7808444499969482,
            3.775270700454712,
            3.780730724334717,
            3.8105504512786865,
            3.811978578567505,
            3.8352572917938232,
            3.8550682067871094
        ],
        "consenso": [
            14.179224014282227,
            6.857656478881836,
            6.807795524597168,
            6.430906772613525,
            6.065694808959961,
            5.770016193389893,
            5.429426193237305,
            5.203451633453369,
            5.044976711273193,
            4.945359706878662,
            4.898643970489502,
            4.799225330352783,
            4.783914089202881,
            4.739965438842773,
            4.719841957092285
        ]
    }
}