{
    "Federated": {
        "loss": [
            10.54740047454834,
            12.831009864807129,
            5.864371299743652,
            4.309139728546143,
            4.327762126922607,
            4.288418769836426,
            4.297044277191162,
            4.27639102935791,
            4.266378879547119,
            4.225636005401611,
            4.215695381164551,
            4.174482822418213,
            4.175137042999268,
            4.130232810974121,
            4.116947174072266,
            4.094568252563477,
            4.082640171051025,
            4.080718994140625,
            4.044546127319336,
            3.9860951900482178,
            3.9806954860687256,
            3.9628217220306396,
            3.9333086013793945,
            3.932316780090332,
            3.915900468826294
        ],
        "consenso": [
            14.210260391235352,
            6.825831890106201,
            5.028292179107666,
            5.762503147125244,
            6.101325035095215,
            6.200125694274902,
            6.239997863769531,
            6.253863334655762,
            6.2587361335754395,
            6.22237491607666,
            6.212384223937988,
            6.1957268714904785,
            6.150570392608643,
            6.094870090484619,
            6.059840202331543,
            6.009187698364258,
            5.955641746520996,
            5.9103569984436035,
            5.850215435028076,
            5.798109531402588,
            5.736819744110107,
            5.666305065155029,
            5.627542018890381,
            5.563296318054199,
            5.471472263336182
        ],
        "mse": [
            394.3573913574219,
            97.4040298461914,
            49.52219772338867,
            65.8285903930664,
            72.82359313964844,
            75.27301025390625,
            76.32493591308594,
            76.73886108398438,
            76.85376739501953,
            76.12728118896484,
            75.92757415771484,
            75.60151672363281,
            74.7144546508789,
            73.6334228515625,
            72.9668960571289,
            72.0106201171875,
            71.00724792480469,
            70.17730712890625,
            69.05730438232422,
            68.10411071777344,
            66.99022674560547,
            65.72471618652344,
            65.05519104003906,
            63.9240608215332,
            62.28907775878906
        ],
        "mae": [
            14.210260391235352,
            6.825831890106201,
            5.028292179107666,
            5.762503147125244,
            6.101325035095215,
            6.200125694274902,
            6.239997863769531,
            6.253863334655762,
            6.2587361335754395,
            6.22237491607666,
            6.212384223937988,
            6.1957268714904785,
            6.150570392608643,
            6.094870090484619,
            6.059840202331543,
            6.009187698364258,
            5.955641746520996,
            5.9103569984436035,
            5.850215435028076,
            5.798109531402588,
            5.736819744110107,
            5.666305065155029,
            5.627542018890381,
            5.563296318054199,
            5.471472263336182
        ],
        "accuracy": [
            0.055084746330976486,
            0.0007062146905809641,
            0.0007062146905809641,
            0.0007062146905809641,
            0.0451977401971817,
            0.049435026943683624,
            0.050847455859184265,
            0.052259888499975204,
            0.052259888499975204,
            0.052259888499975204,
            0.052259888499975204,
            0.052259888499975204,
            0.052259888499975204,
            0.052259888499975204,
            0.052259888499975204,
            0.052259888499975204,
            0.052259888499975204,
            0.052259888499975204,
            0.052259888499975204,
            0.052259888499975204,
            0.052259888499975204,
            0.052259888499975204,
            0.052259888499975204,
            0.052259888499975204,
            0.052966102957725525
        ]
    }
}