{
    "Federated": {
        "loss": [
            41.791107177734375,
            39.32883071899414
        ],
        "val_loss": [
            34.914249420166016,
            32.8115119934082
        ],
        "consenso": [
            35.80651092529297,
            34.07246398925781
        ]
    }
}