{
    "Federated": {
        "loss": [
            23.230588912963867,
            17.593713760375977,
            13.181516647338867,
            12.358197212219238,
            11.595606803894043,
            10.925129890441895,
            10.365287780761719,
            9.8408784866333,
            9.487471580505371,
            9.180225372314453,
            8.960741996765137,
            8.821505546569824,
            8.717016220092773,
            8.630829811096191,
            8.570271492004395
        ],
        "consenso": [
            37.9662971496582,
            14.24366283416748,
            13.353897094726562,
            12.678606986999512,
            12.061095237731934,
            11.504231452941895,
            11.064984321594238,
            10.698076248168945,
            10.422048568725586,
            10.222370147705078,
            10.082225799560547,
            9.991724967956543,
            9.923842430114746,
            9.880380630493164,
            9.851757049560547
        ]
    }
}