{
    "Federated": {
        "loss": [
            23.975074768066406,
            19.0749454498291,
            14.931316375732422,
            14.0746488571167,
            13.331418991088867,
            12.60776424407959,
            11.936251640319824,
            11.367955207824707,
            10.87331485748291,
            10.483695983886719,
            10.182474136352539,
            9.95810317993164,
            9.76229190826416,
            9.624520301818848,
            9.524320602416992
        ],
        "consenso": [
            37.63740158081055,
            17.308574676513672,
            16.433067321777344,
            15.728768348693848,
            15.023235321044922,
            14.367631912231445,
            13.80487060546875,
            13.299830436706543,
            12.887447357177734,
            12.566286087036133,
            12.317713737487793,
            12.134377479553223,
            11.993875503540039,
            11.881230354309082,
            11.788655281066895
        ]
    }
}