{
    "Federated": {
        "loss": [
            30.721656799316406,
            33.13474655151367,
            21.972078323364258,
            17.59454917907715,
            16.37601661682129,
            15.829482078552246,
            15.51131820678711,
            15.196681022644043,
            14.926527976989746,
            14.687250137329102,
            14.49008846282959,
            14.291153907775879,
            14.059318542480469,
            13.818029403686523,
            13.675163269042969,
            13.461143493652344,
            13.232278823852539,
            13.091894149780273,
            12.86635971069336,
            12.68661880493164,
            12.488794326782227,
            12.338932037353516,
            12.163804054260254,
            12.013340950012207,
            11.827354431152344,
            11.658304214477539,
            11.484106063842773,
            11.384284973144531,
            11.219581604003906,
            11.089126586914062,
            10.96264362335205,
            10.81826400756836,
            10.713115692138672,
            10.61540699005127,
            10.49145793914795,
            10.404623031616211,
            10.310153007507324,
            10.22079849243164,
            10.13943099975586,
            10.071060180664062,
            9.991547584533691,
            9.931991577148438,
            9.898462295532227,
            9.825870513916016,
            9.76401424407959,
            9.730388641357422,
            9.682506561279297,
            9.615241050720215,
            9.596134185791016,
            9.564613342285156
        ],
        "consenso": [
            36.723567962646484,
            24.881484985351562,
            19.120752334594727,
            17.613889694213867,
            17.086246490478516,
            16.77266502380371,
            16.52992820739746,
            16.320920944213867,
            16.132200241088867,
            15.946733474731445,
            15.770176887512207,
            15.591723442077637,
            15.418089866638184,
            15.246834754943848,
            15.072237968444824,
            14.898977279663086,
            14.737809181213379,
            14.564332962036133,
            14.406556129455566,
            14.25822925567627,
            14.10477066040039,
            13.96247673034668,
            13.815637588500977,
            13.672411918640137,
            13.538724899291992,
            13.402912139892578,
            13.276774406433105,
            13.154540061950684,
            13.04132080078125,
            12.934226989746094,
            12.830273628234863,
            12.730098724365234,
            12.641271591186523,
            12.5564603805542,
            12.475372314453125,
            12.39976692199707,
            12.329697608947754,
            12.263361930847168,
            12.201518058776855,
            12.145828247070312,
            12.094657897949219,
            12.046965599060059,
            12.00163459777832,
            11.962024688720703,
            11.925252914428711,
            11.889630317687988,
            11.857719421386719,
            11.825676918029785,
            11.794836044311523,
            11.766215324401855
        ],
        "mse": [
            3019.2548828125,
            1533.5986328125,
            872.10107421875,
            708.0762939453125,
            655.6528930664062,
            627.2508544921875,
            605.74609375,
            587.2446899414062,
            569.5239868164062,
            552.689697265625,
            537.8489379882812,
            523.010498046875,
            509.36029052734375,
            496.5519104003906,
            483.74267578125,
            471.2368469238281,
            460.2674255371094,
            447.7916564941406,
            437.35693359375,
            427.9123840332031,
            417.81390380859375,
            409.3285217285156,
            400.4360046386719,
            392.103515625,
            384.8750915527344,
            377.4124755859375,
            371.0111083984375,
            364.45660400390625,
            358.7882385253906,
            353.6717529296875,
            348.7373962402344,
            344.11602783203125,
            340.4164123535156,
            336.6493225097656,
            333.2301940917969,
            330.27392578125,
            327.6770935058594,
            325.3130187988281,
            323.16455078125,
            321.3582763671875,
            319.60504150390625,
            318.106201171875,
            316.76910400390625,
            315.5276794433594,
            314.43975830078125,
            313.4566650390625,
            312.6235046386719,
            311.7958984375,
            311.031982421875,
            310.31243896484375
        ],
        "mae": [
            36.723567962646484,
            24.881484985351562,
            19.120752334594727,
            17.613889694213867,
            17.086246490478516,
            16.77266502380371,
            16.52992820739746,
            16.320920944213867,
            16.132200241088867,
            15.946733474731445,
            15.770176887512207,
            15.591723442077637,
            15.418089866638184,
            15.246834754943848,
            15.072237968444824,
            14.898977279663086,
            14.737809181213379,
            14.564332962036133,
            14.406556129455566,
            14.25822925567627,
            14.10477066040039,
            13.96247673034668,
            13.815637588500977,
            13.672411918640137,
            13.538724899291992,
            13.402912139892578,
            13.276774406433105,
            13.154540061950684,
            13.04132080078125,
            12.934226989746094,
            12.830273628234863,
            12.730098724365234,
            12.641271591186523,
            12.5564603805542,
            12.475372314453125,
            12.39976692199707,
            12.329697608947754,
            12.263361930847168,
            12.201518058776855,
            12.145828247070312,
            12.094657897949219,
            12.046965599060059,
            12.00163459777832,
            11.962024688720703,
            11.925252914428711,
            11.889630317687988,
            11.857718467712402,
            11.825676918029785,
            11.794836044311523,
            11.766215324401855
        ],