{
    "Federated": {
        "loss": [
            31.15553855895996,
            33.547889709472656,
            22.06854820251465,
            17.399139404296875,
            16.170827865600586,
            15.599197387695312,
            15.301060676574707,
            15.032547950744629,
            14.765169143676758,
            14.52905559539795,
            14.35360050201416,
            14.120725631713867,
            13.908456802368164,
            13.75777816772461,
            13.566969871520996,
            13.336183547973633,
            13.183828353881836,
            12.990318298339844,
            12.816164016723633,
            12.645642280578613,
            12.475397109985352,
            12.316734313964844,
            12.156227111816406,
            12.02698040008545,
            11.822305679321289
        ],
        "consenso": [
            37.23025894165039,
            25.18025779724121,
            19.002687454223633,
            17.417343139648438,
            16.908498764038086,
            16.599273681640625,
            16.368553161621094,
            16.168245315551758,
            15.993127822875977,
            15.834568977355957,
            15.664848327636719,
            15.496440887451172,
            15.336990356445312,
            15.179866790771484,
            15.013912200927734,
            14.856195449829102,
            14.702022552490234,
            14.54672908782959,
            14.399104118347168,
            14.25275707244873,
            14.111541748046875,
            13.974949836730957,
            13.830714225769043,
            13.6976957321167,
            13.575658798217773
        ],
        "mse": [
            3087.935302734375,
            1564.40234375,
            860.4292602539062,
            690.0797729492188,
            639.1341552734375,
            611.5313720703125,
            590.954345703125,
            573.327392578125,
            557.11962890625,
            543.6005249023438,
            529.0205078125,
            515.050537109375,
            502.7833557128906,
            491.2083740234375,
            478.87310791015625,
            467.64605712890625,
            456.8894348144531,
            446.19232177734375,
            436.3017272949219,
            426.6056823730469,
            417.59552001953125,
            409.3447570800781,
            400.485595703125,
            392.9613037109375,
            386.6365051269531
        ],
        "mae": [
            37.23025894165039,
            25.18025779724121,
            19.002687454223633,
            17.417343139648438,
            16.908498764038086,
            16.599273681640625,
            16.368555068969727,
            16.168245315551758,
            15.993127822875977,
            15.834568977355957,
            15.664848327636719,
            15.496440887451172,
            15.336990356445312,
            15.179866790771484,
            15.013912200927734,
            14.856195449829102,
            14.702022552490234,
            14.54672908782959,
            14.399104118347168,
            14.25275707244873,
            14.111541748046875,
            13.974949836730957,
            13.830714225769043,
            13.6976957321167,
            13.575658798217773
        ],
        "accuracy": [
            0.22669491171836853,
            0.0,
            0.0,
            0.0,
            0.20056496560573578,
            0.20409604907035828,
            0.2048022598028183,
            0.20550847053527832,
            0.20550847053527832,
            0.20550847053527832,
            0.20550847053527832,
            0.20550847053527832,
            0.20621469616889954,
            0.20692090690135956,
            0.2083333283662796,
            0.20903955399990082,
            0.20974576473236084,
            0.20974576473236084,
            0.20974576473236084,
            0.20974576473236084,
            0.20974576473236084,
            0.20974576473236084,
            0.20974576473236084,
            0.20974576473236084,
            0.20974576473236084
        ]
    }
}