{
    "Federated": {
        "loss": [
            7.588923931121826,
            5.895281791687012,
            4.328371524810791,
            4.178610801696777,
            4.041769981384277,
            3.948814630508423,
            3.893542766571045,
            3.8382081985473633,
            3.815361738204956,
            3.8306336402893066,
            3.83616304397583,
            3.8552772998809814,
            3.8819148540496826,
            3.904362440109253,
            3.9169719219207764
        ],
        "consenso": [
            17.357465744018555,
            6.983384132385254,
            6.927096366882324,
            6.473169803619385,
            6.032007217407227,
            5.679452896118164,
            5.277256011962891,
            5.035048961639404,
            4.8842997550964355,
            4.801949977874756,
            4.7729573249816895,
            4.685496807098389,
            4.687070846557617,
            4.6596479415893555,
            4.653463363647461
        ]
    }
}