{
    "Federated": {
        "loss": [
            10.727139472961426,
            13.121793746948242,
            5.584303855895996,
            4.405123233795166,
            4.4731903076171875,
            4.479742527008057,
            4.464667320251465,
            4.449428558349609,
            4.419524192810059,
            4.383422374725342,
            4.351957321166992,
            4.334303379058838,
            4.299184322357178,
            4.266199111938477,
            4.2089924812316895,
            4.169623851776123,
            4.150818824768066,
            4.131857395172119,
            4.0957441329956055,
            4.076169967651367,
            4.046578884124756,
            4.000416278839111,
            4.017834186553955,
            3.9518253803253174,
            3.939197540283203,
            3.918283462524414,
            3.8952198028564453,
            3.902038335800171,
            3.88476824760437,
            3.875441789627075,
            3.8664937019348145,
            3.8798727989196777,
            3.8644399642944336,
            3.863349199295044,
            3.8819420337677,
            3.8907382488250732,
            3.8837838172912598,
            3.885533332824707,
            3.9010822772979736,
            3.881870985031128,
            3.894296407699585,
            3.908845901489258,
            3.9140818119049072,
            3.913897752761841,
            3.910041093826294,
            3.9312350749969482,
            3.927480697631836,
            3.917829990386963,
            3.925304651260376,
            3.937161445617676
        ],
        "consenso": [
            16.944536209106445,
            7.397601127624512,
            5.016328811645508,
            5.857683181762695,
            6.196260929107666,
            6.289098262786865,
            6.317736625671387,
            6.31770133972168,
            6.325624465942383,
            6.3228678703308105,
            6.2863616943359375,
            6.255420684814453,
            6.203508377075195,
            6.137111663818359,
            6.081714630126953,
            6.026729106903076,
            5.938453674316406,
            5.912829399108887,
            5.837042331695557,
            5.736748695373535,
            5.68028450012207,
            5.57882833480835,
            5.516199588775635,
            5.452903747558594,
            5.363565444946289,
            5.310111045837402,
            5.229053020477295,
            5.187473297119141,
            5.1246747970581055,
            5.063981533050537,
            5.020043849945068,
            4.992726802825928,
            4.932305335998535,
            4.907077789306641,
            4.885170936584473,
            4.859023094177246,
            4.8280558586120605,
            4.80850076675415,
            4.793280601501465,
            4.761645793914795,
            4.759415626525879,
            4.742925643920898,
            4.715587615966797,
            4.7107625007629395,
            4.7147746086120605,
            4.705966472625732,
            4.7082109451293945,
            4.693634033203125,
            4.683704853057861,
            4.673415660858154
        ],
        "mse": [
            494.6246032714844,
            115.08474731445312,
            48.61473846435547,
            63.350101470947266,
            70.64181518554688,
            73.1402587890625,
            74.1216049194336,
            74.33960723876953,
            74.55622100830078,
            74.5822525024414,
            73.99954223632812,
            73.54281616210938,
            72.71565246582031,
            71.65028381347656,
            70.80780792236328,
            69.98753356933594,
            68.57978820800781,
            68.3156967163086,
            67.17391967773438,
            65.63040924072266,
            64.88063049316406,
            63.367618560791016,
            62.50568771362305,
            61.64948654174805,
            60.382591247558594,
            59.72197723388672,
            58.612457275390625,
            58.144126892089844,
            57.32419204711914,
            56.50714111328125,
            55.934349060058594,
            55.6219596862793,
            54.7697868347168,
            54.470211029052734,
            54.20914840698242,
            53.884620666503906,
            53.476070404052734,
            53.233821868896484,
            53.05149841308594,
            52.582305908203125,
            52.58760452270508,
            52.353515625,
            51.938270568847656,
            51.879608154296875,
            51.9680290222168,
            51.838722229003906,
            51.8903694152832,
            51.6578483581543,
            51.491939544677734,
            51.31391906738281
        ],
        "mae": [
            16.944536209106445,
            7.397601127624512,
            5.016328811645508,
            5.857683181762695,
            6.196260929107666,
            6.289098262786865,
            6.317736625671387,
            6.31770133972168,
            6.325624465942383,
            6.3228678703308105,
            6.2863616943359375,
            6.255420684814453,
            6.203508377075195,
            6.137111663818359,
            6.081714630126953,
            6.026729106903076,
            5.938453674316406,
            5.912829399108887,
            5.837042331695557,
            5.736748695373535,
            5.68028450012207,
            5.57882833480835,
            5.516199588775635,
            5.452903747558594,
            5.363565444946289,
            5.310111045837402,
            5.229053020477295,
            5.187473297119141,
            5.1246747970581055,
            5.063981533050537,
            5.020043849945068,
            4.992726802825928,
            4.932305335998535,
            4.907077789306641,
            4.885170936584473,
            4.859023094177246,
            4.8280558586120605,
            4.80850076675415,
            4.793280601501465,
            4.761645793914795,
            4.759415626525879,
            4.742925643920898,
            4.715587615966797,
            4.7107625007629395,
            4.7147746086120605,
            4.705966472625732,
            4.7082109451293945,
            4.693634033203125,
            4.683704853057861,
            4.673415660858154
        ],
        "accuracy": [
            0.07415254414081573,
            0.0,
            0.0,
            0.0,
            0.05861581861972809,
            0.06214689090847969,
            0.06426553428173065,
            0.06426553428173065,
            0.06426553428173065,
            0.06426553428173065,
            0.06497175246477127,
            0.06497175246477127,
            0.06497175246477127,
            0.06497175246477127,
            0.06567796319723129,
            0.06567796319723129,
            0.06567796319723129,
            0.06567796319723129,
            0.06567796319723129,
            0.06567796319723129,
            0.06567796319723129,
            0.06567796319723129,
            0.06567796319723129,
            0.06567796319723129,
            0.06567796319723129,
            0.06567796319723129,
            0.06638418138027191,
            0.06638418138027191,
            0.06638418138027191,
            0.06638418138027191,
            0.06709039211273193,
            0.06709039211273193,
            0.06709039211273193,
            0.06709039211273193,
            0.06709039211273193,
            0.06779661029577255,
            0.06779661029577255,
            0.06779661029577255,
            0.06779661029577255,
            0.06779661029577255,
            0.06779661029577255,
            0.06779661029577255,
            0.06779661029577255,
            0.06779661029577255,
            0.06779661029577255,
            0.06779661029577255,
            0.06779661029577255,
            0.06779661029577255,
            0.06779661029577255,
            0.06779661029577255
        ]
    }
}