{
    "Federated": {
        "loss": [
            8.681553840637207,
            10.683130264282227,
            4.560251235961914,
            3.5993659496307373,
            3.6530637741088867,
            3.6644914150238037,
            3.6538286209106445,
            3.5943856239318848,
            3.601097822189331,
            3.5815677642822266,
            3.5492191314697266,
            3.502913475036621,
            3.4796946048736572,
            3.4533438682556152,
            3.4111151695251465,
            3.4192490577697754,
            3.3717429637908936,
            3.341366767883301,
            3.3257899284362793,
            3.2936928272247314,
            3.2638161182403564,
            3.2232418060302734,
            3.200209140777588,
            3.1721689701080322,
            3.1670525074005127
        ],
        "consenso": [
            11.652933120727539,
            4.9084038734436035,
            3.833040952682495,
            4.891730308532715,
            5.208663463592529,
            5.273327350616455,
            5.28354024887085,
            5.2716193199157715,
            5.251476764678955,
            5.193447113037109,
            5.160617828369141,
            5.122286319732666,
            5.057796478271484,
            4.984438419342041,
            4.930379390716553,
            4.8622894287109375,
            4.791640281677246,
            4.728485107421875,
            4.651979446411133,
            4.582939147949219,
            4.50571870803833,
            4.42008113861084,
            4.364055633544922,
            4.284216403961182,
            4.179084300994873
        ],
        "mse": [
            260.60662841796875,
            53.4130859375,
            29.42781639099121,
            45.22458267211914,
            50.90475082397461,
            52.539886474609375,
            53.048954010009766,
            53.0637092590332,
            52.849063873291016,
            51.951812744140625,
            51.49447250366211,
            50.940425872802734,
            49.928504943847656,
            48.76762390136719,
            47.94683074951172,
            46.893798828125,
            45.81031036376953,
            44.86412811279297,
            43.71245193481445,
            42.69736099243164,
            41.56433868408203,
            40.32777786254883,
            39.56615447998047,
            38.45419692993164,
            36.98566436767578
        ],
        "mae": [
            11.652933120727539,
            4.9084038734436035,
            3.833040952682495,
            4.891730308532715,
            5.208663463592529,
            5.273327350616455,
            5.28354024887085,
            5.2716193199157715,
            5.251476764678955,
            5.193447113037109,
            5.160617828369141,
            5.122286319732666,
            5.057796478271484,
            4.984438419342041,
            4.930379390716553,
            4.862288951873779,
            4.791640281677246,
            4.728485107421875,
            4.651979446411133,
            4.582939147949219,
            4.50571870803833,
            4.42008113861084,
            4.364055633544922,
            4.284216403961182,
            4.179084300994873
        ],
        "accuracy": [
            0.04802259802818298,
            0.0007062146905809641,
            0.0007062146905809641,
            0.0007062146905809641,
            0.03601694852113724,
            0.03884180635213852,
            0.03954802080988884,
            0.04096045345067978,
            0.04096045345067978,
            0.04096045345067978,
            0.04096045345067978,
            0.04096045345067978,
            0.04096045345067978,
            0.04096045345067978,
            0.04096045345067978,
            0.04096045345067978,
            0.04096045345067978,
            0.04096045345067978,
            0.04096045345067978,
            0.04096045345067978,
            0.04096045345067978,
            0.04096045345067978,
            0.04096045345067978,
            0.04096045345067978,
            0.04096045345067978
        ]
    }
}