{
    "Federated": {
        "loss": [
            8.754088401794434,
            10.636957168579102,
            4.509050369262695,
            3.652209997177124,
            3.7060248851776123,
            3.715515613555908,
            3.690044403076172,
            3.651672601699829,
            3.6346254348754883,
            3.606229066848755,
            3.5844147205352783,
            3.5538461208343506,
            3.5159099102020264,
            3.4778289794921875,
            3.4635705947875977,
            3.3909969329833984,
            3.3756320476531982,
            3.3349666595458984,
            3.3286802768707275,
            3.2783327102661133,
            3.2446558475494385,
            3.2130191326141357,
            3.1820948123931885,
            3.1663413047790527,
            3.157097578048706,
            3.13999080657959,
            3.1197762489318848,
            3.1340432167053223,
            3.1083943843841553,
            3.106255054473877,
            3.087632179260254,
            3.085855484008789,
            3.0761775970458984,
            3.0847830772399902,
            3.085942268371582,
            3.0886423587799072,
            3.084566116333008,
            3.095353603363037,
            3.0939106941223145,
            3.1145412921905518,
            3.0974555015563965,
            3.0993638038635254,
            3.109673261642456,
            3.1162021160125732,
            3.120026111602783,
            3.115715980529785,
            3.1258394718170166,
            3.12311053276062,
            3.1252710819244385,
            3.1371281147003174
        ],
        "consenso": [
            11.329721450805664,
            4.681087017059326,
            3.9233076572418213,
            4.963331699371338,
            5.282269477844238,
            5.343731880187988,
            5.346701622009277,
            5.322160720825195,
            5.3025641441345215,
            5.274925231933594,
            5.219913959503174,
            5.17031717300415,
            5.104733943939209,
            5.028781890869141,
            4.961916446685791,
            4.895885944366455,
            4.803879737854004,
            4.760404109954834,
            4.678396224975586,
            4.579287528991699,
            4.513368606567383,
            4.413357734680176,
            4.342019557952881,
            4.269919395446777,
            4.179635524749756,
            4.116807460784912,
            4.033779144287109,
            3.9813392162323,
            3.9139673709869385,
            3.8472516536712646,
            3.793360710144043,
            3.752938985824585,
            3.691153049468994,
            3.6566624641418457,
            3.625511646270752,
            3.59248685836792,
            3.5598068237304688,
            3.535592794418335,
            3.5154478549957275,
            3.4839699268341064,
            3.4736738204956055,
            3.4536025524139404,
            3.4270520210266113,
            3.4168763160705566,
            3.413923978805542,
            3.4025700092315674,
            3.399364709854126,
            3.385258674621582,
            3.374143362045288,
            3.3636744022369385
        ],
        "mse": [
            247.80929565429688,
            48.83822250366211,
            30.549142837524414,
            46.309696197509766,
            52.06401824951172,
            53.62107849121094,
            53.986473083496094,
            53.77687072753906,
            53.57195281982422,
            53.21771240234375,
            52.388092041015625,
            51.656803131103516,
            50.64769744873047,
            49.45939636230469,
            48.43402862548828,
            47.43428421020508,
            46.00410842895508,
            45.40287780761719,
            44.16904067993164,
            42.68056869506836,
            41.74690628051758,
            40.30302047729492,
            39.31794738769531,
            38.34541702270508,
            37.1212043762207,
            36.31697463989258,
            35.2324104309082,
            34.58998107910156,
            33.73858642578125,
            32.914344787597656,
            32.27272415161133,
            31.807079315185547,
            31.042394638061523,
            30.633596420288086,
            30.265661239624023,
            29.878801345825195,
            29.472240447998047,
            29.174592971801758,
            28.930418014526367,
            28.547269821166992,
            28.435558319091797,
            28.20862579345703,
            27.90526008605957,
            27.797142028808594,
            27.77286720275879,
            27.645273208618164,
            27.616334915161133,
            27.458675384521484,
            27.337020874023438,
            27.21750259399414
        ],
        "mae": [
            11.329721450805664,
            4.681087017059326,
            3.9233076572418213,
            4.963331699371338,
            5.282269477844238,
            5.343731880187988,
            5.3467020988464355,
            5.322160720825195,
            5.3025641441345215,
            5.274925231933594,
            5.219913959503174,
            5.17031717300415,
            5.104733467102051,
            5.028781890869141,
            4.961916446685791,
            4.895885944366455,
            4.803879737854004,
            4.760404109954834,
            4.678396224975586,
            4.579287528991699,
            4.513368606567383,
            4.413357734680176,
            4.342019557952881,
            4.269919395446777,
            4.179635524749756,
            4.116807460784912,
            4.033779144287109,
            3.9813392162323,
            3.9139673709869385,
            3.8472516536712646,
            3.793360710144043,
            3.752938985824585,
            3.691153049468994,
            3.6566624641418457,
            3.625511646270752,
            3.59248685836792,
            3.5598068237304688,
            3.535592794418335,
            3.5154478549957275,
            3.4839699268341064,
            3.4736738204956055,
            3.4536025524139404,
            3.4270520210266113,
            3.4168763160705566,
            3.413923978805542,
            3.4025700092315674,
            3.399364709854126,
            3.385258674621582,
            3.374143362045288,
            3.3636744022369385
        ],