{
    "Federated": {
        "loss": [
            11.347528457641602,
            13.97278881072998,
            6.929775238037109,
            5.556994438171387,
            5.545623302459717,
            5.553719997406006,
            5.55794095993042,
            5.517784118652344,
            5.485332489013672,
            5.454992771148682,
            5.459648132324219,
            5.391582489013672,
            5.4058027267456055,
            5.379337310791016,
            5.338808059692383,
            5.283843994140625,
            5.2534379959106445,
            5.241903781890869,
            5.233734130859375,
            5.2002692222595215,
            5.157683372497559,
            5.11711311340332,
            5.088480472564697,
            5.092154026031494,
            5.063683986663818,
            5.015157699584961,
            5.046961307525635,
            5.01339864730835,
            5.019424915313721,
            4.992862224578857,
            4.98785400390625,
            4.992574691772461,
            4.9725165367126465,
            4.948049545288086,
            4.970725059509277,
            4.954009532928467,
            4.944687366485596,
            4.953888893127441,
            4.950547218322754,
            4.944962978363037,
            4.954463481903076,
            4.965139865875244,
            4.979035377502441,
            4.939216136932373,
            4.950172424316406,
            4.974360942840576,
            4.966385364532471,
            4.955146312713623,
            4.9676079750061035,
            4.974762916564941
        ],
        "consenso": [
            19.23335838317871,
            9.322128295898438,
            6.194300174713135,
            6.698358535766602,
            7.070568561553955,
            7.217289924621582,
            7.300514221191406,
            7.3418707847595215,
            7.3824849128723145,
            7.411242961883545,
            7.403505325317383,
            7.402077674865723,
            7.3774213790893555,
            7.337102890014648,
            7.308164119720459,
            7.279178142547607,
            7.212229251861572,
            7.2142181396484375,
            7.160546779632568,
            7.0791120529174805,
            7.045729637145996,
            6.960653305053711,
            6.915809631347656,
            6.868993759155273,
            6.791668891906738,
            6.753399848937988,
            6.682523250579834,
            6.6539835929870605,
            6.5989508628845215,
            6.542374134063721,
            6.501476764678955,
            6.478710651397705,
            6.4134392738342285,
            6.3897504806518555,
            6.368057727813721,
            6.340092658996582,
            6.304041862487793,
            6.279884338378906,
            6.259853839874268,
            6.213718414306641,
            6.209374904632568,
            6.183337688446045,
            6.139281749725342,
            6.128122329711914,
            6.131264686584473,
            6.113476276397705,
            6.113985538482666,
            6.086071968078613,
            6.064564228057861,
            6.041709899902344
        ],
        "mse": [
            627.7440185546875,
            162.4121551513672,
            73.36894226074219,
            88.16305541992188,
            96.69644927978516,
            100.04788208007812,
            101.61471557617188,
            102.26773071289062,
            102.8828353881836,
            103.26879119873047,
            102.94482421875,
            102.75506591796875,
            102.12767028808594,
            101.20945739746094,
            100.53832244873047,
            99.88116455078125,
            98.51483917236328,
            98.4908218383789,
            97.40673828125,
            95.81546020507812,
            95.16297149658203,
            93.55792236328125,
            92.72383880615234,
            91.87567901611328,
            90.48826599121094,
            89.8316650390625,
            88.58578491210938,
            88.12712097167969,
            87.19363403320312,
            86.23149108886719,
            85.56227111816406,
            85.21349334716797,
            84.1196517944336,
            83.74634552001953,
            83.40819549560547,
            82.9661865234375,
            82.38920593261719,
            82.02920532226562,
            81.74386596679688,
            81.0317153930664,
            81.00072479248047,
            80.61202239990234,
            79.94227600097656,
            79.80400085449219,
            79.89139556884766,
            79.64557647705078,
            79.68203735351562,
            79.27754974365234,
            78.97342681884766,
            78.65106201171875
        ],
        "mae": [
            19.23335838317871,
            9.322128295898438,
            6.194300174713135,
            6.698358535766602,
            7.070568561553955,
            7.217289924621582,
            7.300514221191406,
            7.3418707847595215,
            7.3824849128723145,
            7.411242961883545,
            7.403505325317383,
            7.402077674865723,
            7.3774213790893555,
            7.337102890014648,
            7.308164119720459,
            7.279178142547607,
            7.212229251861572,
            7.2142181396484375,
            7.160546779632568,
            7.0791120529174805,
            7.045729637145996,
            6.960653305053711,
            6.915809631347656,
            6.868993759155273,
            6.791668891906738,
            6.753399848937988,
            6.682523250579834,
            6.6539835929870605,
            6.5989508628845215,
            6.542374134063721,
            6.501476764678955,
            6.478710651397705,
            6.4134392738342285,
            6.3897504806518555,
            6.368057727813721,
            6.340092658996582,
            6.304041862487793,
            6.279884338378906,
            6.259853839874268,
            6.213718414306641,
            6.209374904632568,
            6.183337688446045,
            6.139281749725342,
            6.128122329711914,
            6.131264686584473,
            6.113476276397705,
            6.113985538482666,
            6.086071968078613,
            6.064564228057861,
            6.041709899902344
        ],
        "accuracy": [
            0.0,
            0.0,
            0.0,
            0.0,
            0.0,
            0.0,
            0.0,
            0.0,
            0.0,
            0.0,
            0.0,
            0.0,
            0.0,
            0.0,
            0.0,
            0.0,
            0.0,
            0.0,
            0.0,
            0.0,
            0.0,
            0.0,
            0.0,
            0.0,
            0.0,
            0.0,
            0.0,
            0.0,
            0.0,
            0.0,
            0.0,
            0.0,
            0.0,
            0.0,
            0.0,
            0.0,
            0.0,
            0.0,
            0.0,
            0.0,
            0.0,
            0.0,
            0.0,
            0.0,
            0.0,
            0.0,
            0.0,
            0.0,
            0.0,
            0.0
        ]
    }
}