{
    "Federated": {
        "loss": [
            7.664515972137451,
            9.846837043762207,
            4.111074924468994,
            3.209625482559204,
            3.25657057762146,
            3.267543077468872,
            3.2613041400909424,
            3.2327749729156494,
            3.185075283050537,
            3.180342674255371,
            3.15323543548584,
            3.1180977821350098,
            3.107811689376831,
            3.0671002864837646,
            3.0419864654541016,
            3.002206325531006,
            2.97210431098938,
            2.9614927768707275,
            2.928206443786621,
            2.8864762783050537,
            2.8559043407440186,
            2.835308790206909,
            2.8057799339294434,
            2.80908465385437,
            2.7752668857574463
        ],
        "consenso": [
            10.176103591918945,
            4.195883274078369,
            3.2606563568115234,
            4.1481194496154785,
            4.416121482849121,
            4.4539899826049805,
            4.451973915100098,
            4.43450927734375,
            4.410571575164795,
            4.353706359863281,
            4.3212714195251465,
            4.284296035766602,
            4.223627090454102,
            4.154853820800781,
            4.103443622589111,
            4.040541172027588,
            3.975454568862915,
            3.9173614978790283,
            3.846754789352417,
            3.782907009124756,
            3.7114429473876953,
            3.6330790519714355,
            3.582900285720825,
            3.5120959281921387,
            3.418264865875244
        ],
        "mse": [
            223.93637084960938,
            45.4141731262207,
            22.114534378051758,
            34.11897659301758,
            38.399539947509766,
            39.52388000488281,
            39.83274841308594,
            39.785518646240234,
            39.571044921875,
            38.831092834472656,
            38.44785690307617,
            37.98896026611328,
            37.17234802246094,
            36.23984909057617,
            35.571712493896484,
            34.7276725769043,
            33.86196517944336,
            33.10845184326172,
            32.186553955078125,
            31.377527236938477,
            30.46953582763672,
            29.484148025512695,
            28.878726959228516,
            27.995681762695312,
            26.822940826416016
        ],
        "mae": [
            10.176103591918945,
            4.195883274078369,
            3.2606563568115234,
            4.1481194496154785,
            4.416121482849121,
            4.4539899826049805,
            4.451973915100098,
            4.43450927734375,
            4.410571575164795,
            4.353706359863281,
            4.3212714195251465,
            4.284296035766602,
            4.223627090454102,
            4.154853820800781,
            4.103443622589111,
            4.040541172027588,
            3.975454568862915,
            3.9173614978790283,
            3.846754789352417,
            3.782907009124756,
            3.7114429473876953,
            3.6330790519714355,
            3.582900285720825,
            3.5120959281921387,
            3.418264865875244
        ],
        "accuracy": [
            0.026129944249987602,
            0.0,
            0.0,
            0.0,
            0.02048022672533989,
            0.02259887009859085,
            0.02401129901409149,
            0.02401129901409149,
            0.02401129901409149,
            0.024717513471841812,
            0.024717513471841812,
            0.024717513471841812,
            0.024717513471841812,
            0.024717513471841812,
            0.024717513471841812,
            0.024717513471841812,
            0.024717513471841812,
            0.024717513471841812,
            0.024717513471841812,
            0.024717513471841812,
            0.024717513471841812,
            0.024717513471841812,
            0.024717513471841812,
            0.024717513471841812,
            0.024717513471841812
        ]
    }
}