{
    "Federated": {
        "loss": [
            4.810500144958496,
            4.45918607711792,
            3.1278133392333984,
            3.0112879276275635,
            2.8864002227783203,
            2.771543502807617,
            2.698805570602417,
            2.6301283836364746,
            2.611851215362549,
            2.609663963317871,
            2.608778238296509,
            2.629108190536499,
            2.6430935859680176,
            2.6611554622650146,
            2.6640689373016357
        ],
        "consenso": [
            10.308625221252441,
            5.107817649841309,
            4.874083042144775,
            4.4152703285217285,
            4.009640693664551,
            3.68422532081604,
            3.3368582725524902,
            3.1075549125671387,
            2.9546396732330322,
            2.859767436981201,
            2.813295602798462,
            2.732485055923462,
            2.717144250869751,
            2.6868224143981934,
            2.6745595932006836
        ]
    }
}