{
    "Federated": {
        "loss": [
            0.8889508843421936,
            0.9214066863059998,
            0.60963374376297,
            0.5827684998512268,
            0.5742791295051575,
            0.5514643788337708,
            0.5314308404922485,
            0.5160526633262634,
            0.5082321763038635,
            0.5086368322372437,
            0.5120155811309814,
            0.5162698030471802,
            0.5220819711685181,
            0.5257048010826111,
            0.5307862758636475
        ],
        "consenso": [
            26.07137680053711,
            9.316652297973633,
            8.871278762817383,
            8.369539260864258,
            7.911149024963379,
            7.520720958709717,
            7.155744552612305,
            6.883607864379883,
            6.689609527587891,
            6.558269500732422,
            6.500878810882568,
            6.412060737609863,
            6.423055171966553,
            6.402449131011963,
            6.417508602142334
        ]
    }
}