{
    "Federated": {
        "loss": [
            1.2376967668533325,
            1.8013718128204346,
            1.0199605226516724,
            0.9646619558334351,
            0.8969056010246277,
            0.7660523653030396,
            0.6982442736625671,
            0.6659936308860779,
            0.6436300873756409,
            0.6477721929550171,
            0.6479774713516235,
            0.6373897194862366,
            0.6263315081596375,
            0.626998245716095,
            0.6109030246734619,
            0.6114258766174316,
            0.5914583802223206,
            0.5858258605003357,
            0.5812416076660156,
            0.5726832151412964,
            0.5613540410995483,
            0.5483673214912415,
            0.5511579513549805,
            0.5356284379959106,
            0.5308371782302856
        ],
        "consenso": [
            26.032323837280273,
            14.185108184814453,
            9.513723373413086,
            9.021438598632812,
            8.930312156677246,
            8.830095291137695,
            8.738801956176758,
            8.654250144958496,
            8.574613571166992,
            8.485407829284668,
            8.408059120178223,
            8.330766677856445,
            8.24130630493164,
            8.148159980773926,
            8.06647777557373,
            7.9794721603393555,
            7.89205265045166,
            7.808919429779053,
            7.721956729888916,
            7.637875080108643,
            7.552231788635254,
            7.465228080749512,
            7.3961687088012695,
            7.314987659454346,
            7.220428466796875
        ],
        "mse": [
            1308.6993408203125,
            478.02044677734375,
            191.4590606689453,
            154.51947021484375,
            148.0715789794922,
            144.6298370361328,
            141.90663146972656,
            139.464111328125,
            137.18272399902344,
            134.8459930419922,
            132.74964904785156,
            130.75445556640625,
            128.65199279785156,
            126.55513000488281,
            124.73445129394531,
            122.85661315917969,
            121.04410552978516,
            119.38978576660156,
            117.7202377319336,
            116.22144317626953,
            114.71001434326172,
            113.1655044555664,
            112.14324188232422,
            110.82078552246094,
            109.1850357055664
        ],
        "mae": [
            26.032323837280273,
            14.185108184814453,
            9.513723373413086,
            9.021437644958496,
            8.930312156677246,
            8.830095291137695,
            8.738801956176758,
            8.654250144958496,
            8.574613571166992,
            8.485407829284668,
            8.408059120178223,
            8.330766677856445,
            8.241305351257324,
            8.148159980773926,
            8.06647777557373,
            7.9794721603393555,
            7.89205265045166,
            7.808919429779053,
            7.721956729888916,
            7.637875080108643,
            7.552231788635254,
            7.465228080749512,
            7.3961687088012695,
            7.314987659454346,
            7.220429420471191
        ],
        "accuracy": [
            0.01765536703169346,
            0.0,
            0.0,
            0.0007062146905809641,
            0.013418079353868961,
            0.014124293811619282,
            0.014124293811619282,
            0.014124293811619282,
            0.014124293811619282,
            0.014124293811619282,
            0.014124293811619282,
            0.014124293811619282,
            0.014124293811619282,
            0.014124293811619282,
            0.014124293811619282,
            0.014124293811619282,
            0.014124293811619282,
            0.014124293811619282,
            0.014124293811619282,
            0.014124293811619282,
            0.014124293811619282,
            0.014124293811619282,
            0.014124293811619282,
            0.014830508269369602,
            0.014830508269369602
        ]
    }
}