{
    "Federated": {
        "loss": [
            0.0,
            0.00838191993534565,
            0.01563563011586666,
            0.01051882840692997,
            0.026585033163428307,
            0.027562616392970085,
            0.02017645351588726,
            0.009889820590615273,
            0.0038944752886891365,
            0.000964403385296464,
            0.0011367312399670482,
            0.002995026297867298,
            0.003800425212830305,
            0.006344022694975138,
            0.009279542602598667
        ],
        "consenso": [
            1.7604018449783325,
            1.2603133916854858,
            1.1408116817474365,
            1.1167439222335815,
            1.0241096019744873,
            0.9044283628463745,
            0.7684006690979004,
            0.653149425983429,
            0.570353627204895,
            0.5482596755027771,
            0.5623190999031067,
            0.5697629451751709,
            0.5953577160835266,
            0.6203970313072205,
            0.643890917301178
        ]
    }
}