{
    "Federated": {
        "loss": [
            0.0,
            0.03676676005125046,
            0.3876170217990875,
            0.46382102370262146,
            0.304540753364563,
            0.11630164831876755,
            0.04753750190138817,
            0.009757968597114086,
            0.0006302307592704892,
            0.005057597998529673,
            0.008702382445335388,
            0.011687508784234524,
            0.013292552903294563,
            0.014041305519640446,
            0.015976546332240105,
            0.013640755787491798,
            0.01500726118683815,
            0.011505099013447762,
            0.01064231526106596,
            0.008601373992860317,
            0.007247140631079674,
            0.005835806950926781,
            0.005277600139379501,
            0.0029661953449249268,
            0.0023102683480829,
            0.0015559705207124352,
            0.0009444638853892684,
            0.0005929821054451168,
            0.0015103151090443134,
            0.0016043876530602574,
            0.0030043553560972214,
            0.0023974673822522163,
            0.0035660818684846163,
            0.003868281142786145,
            0.0043636769987642765,
            0.006149756256490946,
            0.005219366867095232,
            0.006536480970680714,
            0.007160190958529711,
            0.008632538840174675,
            0.009507368318736553,
            0.011376126669347286,
            0.014383425004780293,
            0.014394938014447689,
            0.01521765161305666,
            0.01953328400850296,
            0.0219245757907629,
            0.021762114018201828,
            0.024639029055833817,
            0.026346193626523018
        ],
        "consenso": [
            1.7122844457626343,
            1.058396577835083,
            1.3203760385513306,
            1.3809868097305298,
            1.2394130229949951,
            1.0970230102539062,
            1.0100065469741821,
            0.9693983793258667,
            0.9802743792533875,
            0.9823504686355591,
            0.9751994609832764,
            0.9649584293365479,
            0.9502788186073303,
            0.9315322041511536,
            0.9123927354812622,
            0.8918047547340393,
            0.8677424192428589,
            0.8477582931518555,
            0.8238416910171509,
            0.7972948551177979,
            0.7745760679244995,
            0.7479924559593201,
            0.7241235971450806,
            0.7006467580795288,
            0.6757013201713562,
            0.6534357666969299,
            0.6336594820022583,
            0.6225863099098206,
            0.6083465218544006,
            0.596458911895752,
            0.5884320735931396,
            0.5842863321304321,
            0.5734887719154358,
            0.5693795680999756,
            0.566537618637085,
            0.562261700630188,
            0.5592524409294128,
            0.5590649247169495,
            0.5601638555526733,
            0.5582817792892456,
            0.5621343851089478,
            0.5641720294952393,
            0.5647771954536438,
            0.5701671838760376,
            0.5748990774154663,
            0.5794467329978943,
            0.5849897861480713,
            0.5900512337684631,
            0.5947306752204895,
            0.5999650359153748
        ],
        "mse": [
            17.003585815429688,
            3.0312771797180176,
            4.353515148162842,
            6.392167091369629,
            6.764169216156006,
            6.704441070556641,
            6.594607830047607,
            6.453920841217041,
            6.331272602081299,
            6.197849750518799,
            6.015031337738037,
            5.846620559692383,
            5.649965286254883,
            5.436621189117432,
            5.2438225746154785,
            5.05668830871582,
            4.826749801635742,
            4.6874871253967285,
            4.485144138336182,
            4.261681079864502,
            4.098301410675049,
            3.8887767791748047,
            3.7294721603393555,
            3.575669527053833,
            3.4037117958068848,
            3.276547908782959,
            3.1281840801239014,
            3.025434732437134,
            2.9092462062835693,
            2.801788568496704,
            2.714904546737671,
            2.6470720767974854,
            2.5617735385894775,
            2.5077576637268066,
            2.460618734359741,
            2.4162957668304443,
            2.375204086303711,
            2.3444643020629883,
            2.319782257080078,
            2.291290760040283,
            2.2785592079162598,
            2.2628509998321533,
            2.246978282928467,
            2.2399942874908447,
            2.2364866733551025,
            2.231123685836792,
            2.2288475036621094,
            2.224830150604248,
            2.22253155708313,
            2.2211406230926514
        ],
        "mae": [
            1.7122844457626343,
            1.058396577835083,
            1.3203760385513306,
            1.3809868097305298,
            1.2394130229949951,
            1.0970230102539062,
            1.0100065469741821,
            0.9693983793258667,
            0.9802743792533875,
            0.9823504686355591,
            0.9751994609832764,
            0.9649584293365479,
            0.9502788186073303,
            0.9315322041511536,
            0.9123927354812622,
            0.8918047547340393,
            0.8677424192428589,
            0.8477582931518555,
            0.8238416910171509,
            0.7972948551177979,
            0.7745760679244995,
            0.7479924559593201,
            0.7241235971450806,
            0.7006467580795288,
            0.6757013201713562,
            0.6534357666969299,
            0.6336594820022583,
            0.6225863099098206,
            0.6083465218544006,
            0.596458911895752,
            0.5884320735931396,
            0.5842863321304321,
            0.5734887719154358,
            0.5693795680999756,
            0.566537618637085,
            0.562261700630188,
            0.5592524409294128,
            0.5590649247169495,
            0.5601638555526733,
            0.5582817792892456,
            0.5621343851089478,
            0.5641720294952393,
            0.5647771954536438,
            0.5701671838760376,
            0.5748990774154663,
            0.5794467329978943,
            0.5849897861480713,
            0.5900512337684631,
            0.5947306752204895,
            0.5999650359153748
        ],