{
    "Federated": {
        "loss": [
            6.3550639152526855,
            8.549779891967773,
            3.051713705062866,
            2.4423279762268066,
            2.775648593902588,
            2.848231554031372,
            2.8561339378356934,
            2.8514740467071533,
            2.843146800994873,
            2.8032360076904297,
            2.7671635150909424,
            2.73634934425354,
            2.6938862800598145,
            2.6637744903564453,
            2.60564923286438,
            2.5791497230529785,
            2.578263282775879,
            2.506916046142578,
            2.5134389400482178,
            2.4516124725341797,
            2.446584701538086,
            2.402632236480713,
            2.373013973236084,
            2.343705177307129,
            2.3153069019317627
        ],
        "consenso": [
            10.061128616333008,
            3.921982526779175,
            3.3713934421539307,
            4.678855895996094,
            4.9629645347595215,
            4.9999260902404785,
            4.990124702453613,
            4.963161945343018,
            4.928775787353516,
            4.857176780700684,
            4.809497356414795,
            4.757439136505127,
            4.677600860595703,
            4.588221073150635,
            4.519035816192627,
            4.433228492736816,
            4.344603061676025,
            4.2617878913879395,
            4.169254302978516,
            4.082695960998535,
            3.9884133338928223,
            3.885712146759033,
            3.814239978790283,
            3.714520215988159,
            3.5893330574035645
        ],
        "mse": [
            183.7822265625,
            30.489442825317383,
            20.8101806640625,
            36.2353401184082,
            41.086124420166016,
            42.220359802246094,
            42.35097885131836,
            42.07085418701172,
            41.60567092895508,
            40.539878845214844,
            39.855743408203125,
            39.109683990478516,
            37.951332092285156,
            36.67427062988281,
            35.719810485839844,
            34.53826141357422,
            33.3365478515625,
            32.235252380371094,
            31.024232864379883,
            29.918636322021484,
            28.727638244628906,
            27.454984664916992,
            26.600784301757812,
            25.438024520874023,
            24.02414894104004
        ],
        "mae": [
            10.061128616333008,
            3.921982526779175,
            3.3713934421539307,
            4.678855895996094,
            4.9629645347595215,
            4.9999260902404785,
            4.990124702453613,
            4.963161945343018,
            4.928775787353516,
            4.857176780700684,
            4.809497356414795,
            4.757439136505127,
            4.677600860595703,
            4.588221073150635,
            4.519035816192627,
            4.433228492736816,
            4.344603061676025,
            4.2617878913879395,
            4.169254302978516,
            4.082695960998535,
            3.9884133338928223,
            3.885712146759033,
            3.814239978790283,
            3.714520215988159,
            3.5893330574035645
        ],
        "accuracy": [
            0.0007062146905809641,
            0.0,
            0.0,
            0.0007062146905809641,
            0.0007062146905809641,
            0.0007062146905809641,
            0.0007062146905809641,
            0.0007062146905809641,
            0.0007062146905809641,
            0.0007062146905809641,
            0.0007062146905809641,
            0.0007062146905809641,
            0.0007062146905809641,
            0.0007062146905809641,
            0.0007062146905809641,
            0.0007062146905809641,
            0.0007062146905809641,
            0.0007062146905809641,
            0.0007062146905809641,
            0.0007062146905809641,
            0.0007062146905809641,
            0.0007062146905809641,
            0.0007062146905809641,
            0.0007062146905809641,
            0.0007062146905809641
        ]
    }
}