{
    "Federated": {
        "loss": [
            3.488940477371216,
            3.334890604019165,
            2.429983377456665,
            2.364496946334839,
            2.291224241256714,
            2.22098708152771,
            2.168128490447998,
            2.125234842300415,
            2.1018192768096924,
            2.0973098278045654,
            2.090200185775757,
            2.085219144821167,
            2.0814249515533447,
            2.0828263759613037,
            2.086397409439087
        ],
        "consenso": [
            9.979143142700195,
            5.734473705291748,
            5.439398288726807,
            4.902288913726807,
            4.391714096069336,
            3.9506709575653076,
            3.4919307231903076,
            3.163311004638672,
            2.920543909072876,
            2.74819278717041,
            2.6474804878234863,
            2.5244452953338623,
            2.483351707458496,
            2.438580274581909,
            2.4190125465393066
        ]
    }
}