{
    "Federated": {
        "loss": [
            5.598756313323975,
            7.95635986328125,
            2.9139575958251953,
            2.482398271560669,
            2.7950050830841064,
            2.8753678798675537,
            2.877976417541504,
            2.86212158203125,
            2.829659938812256,
            2.8095929622650146,
            2.7804651260375977,
            2.733576536178589,
            2.6951162815093994,
            2.6658034324645996,
            2.641728162765503,
            2.5812699794769287,
            2.571727991104126,
            2.518519163131714,
            2.4852120876312256,
            2.4605252742767334,
            2.4082486629486084,
            2.390345573425293,
            2.336530923843384,
            2.320432186126709,
            2.3064088821411133,
            2.2577428817749023,
            2.254657745361328,
            2.2271013259887695,
            2.2073118686676025,
            2.188202381134033,
            2.1715595722198486,
            2.1583449840545654,
            2.150057554244995,
            2.145536184310913,
            2.1305429935455322,
            2.124393939971924,
            2.1203322410583496,
            2.1114354133605957,
            2.102590560913086,
            2.101438045501709,
            2.1030073165893555,
            2.098646640777588,
            2.0945746898651123,
            2.0944299697875977,
            2.095843553543091,
            2.0897257328033447,
            2.0935676097869873,
            2.0912325382232666,
            2.0889742374420166,
            2.0883216857910156
        ],
        "consenso": [
            9.779725074768066,
            3.7062106132507324,
            3.5060434341430664,
            4.774974822998047,
            5.061558723449707,
            5.092319965362549,
            5.073162078857422,
            5.033786773681641,
            4.997769355773926,
            4.955081462860107,
            4.883971214294434,
            4.819730758666992,
            4.7384724617004395,
            4.64565896987915,
            4.55938720703125,
            4.475444793701172,
            4.363954544067383,
            4.3004350662231445,
            4.196744441986084,
            4.080321311950684,
            3.9943065643310547,
            3.876408576965332,
            3.7858262062072754,
            3.692692756652832,
            3.583432197570801,
            3.502466917037964,
            3.401705026626587,
            3.3307061195373535,
            3.2433202266693115,
            3.1568520069122314,
            3.0861899852752686,
            3.0262696743011475,
            2.9443187713623047,
            2.8914406299591064,
            2.842301368713379,
            2.789933204650879,
            2.741161823272705,
            2.699221134185791,
            2.6649672985076904,
            2.619323253631592,
            2.599782705307007,
            2.5699448585510254,
            2.535282850265503,
            2.5187768936157227,
            2.511296272277832,
            2.493102788925171,
            2.4865078926086426,
            2.468716621398926,
            2.453888177871704,
            2.4398629665374756
        ],
        "mse": [
            174.3254852294922,
            27.137598037719727,
            22.126319885253906,
            37.5965576171875,
            42.5633659362793,
            43.58917999267578,
            43.56867980957031,
            43.08995056152344,
            42.6052131652832,
            42.00325393676758,
            40.94639587402344,
            40.00730895996094,
            38.82029724121094,
            37.484195709228516,
            36.273860931396484,
            35.12160873413086,
            33.60185623168945,
            32.77559280395508,
            31.410001754760742,
            29.907907485961914,
            28.83203887939453,
            27.377849578857422,
            26.302356719970703,
            25.23639488220215,
            24.006908416748047,
            23.124244689941406,
            22.043567657470703,
            21.317853927612305,
            20.455902099609375,
            19.63142967224121,
            18.987491607666016,
            18.465709686279297,
            17.7713680267334,
            17.34394073486328,
            16.962907791137695,
            16.5750675201416,
            16.21708869934082,
            15.923689842224121,
            15.693031311035156,
            15.390380859375,
            15.263384819030762,
            15.07581901550293,
            14.86767864227295,
            14.771842956542969,
            14.729510307312012,
            14.63165283203125,
            14.594867706298828,
            14.50241756439209,
            14.429789543151855,
            14.363551139831543
        ],
        "mae": [
            9.779725074768066,
            3.7062106132507324,
            3.5060434341430664,
            4.774974822998047,
            5.061558723449707,
            5.092319965362549,
            5.073162078857422,
            5.033786773681641,
            4.997769355773926,
            4.955081462860107,
            4.883971214294434,
            4.819730758666992,
            4.7384724617004395,
            4.64565896987915,
            4.55938720703125,
            4.475444793701172,
            4.363954544067383,
            4.3004350662231445,
            4.196744441986084,
            4.080320835113525,
            3.9943065643310547,
            3.876408576965332,
            3.7858262062072754,
            3.692692756652832,
            3.583432197570801,
            3.502466917037964,
            3.401705026626587,
            3.3307061195373535,
            3.2433202266693115,
            3.1568520069122314,
            3.0861899852752686,
            3.0262696743011475,
            2.9443187713623047,
            2.8914406299591064,
            2.8423011302948,
            2.789933204650879,
            2.741161823272705,
            2.699221134185791,
            2.6649672985076904,
            2.619323253631592,
            2.599782705307007,
            2.5699446201324463,
            2.535282850265503,
            2.5187768936157227,
            2.511296272277832,
            2.493102788925171,
            2.4865078926086426,
            2.468716621398926,
            2.453888177871704,
            2.4398629665374756
        ],