{
    "Federated": {
        "loss": [
            42.66081619262695,
            44.78435134887695,
            28.987537384033203,
            23.288768768310547,
            21.738906860351562,
            21.06968879699707,
            20.59246063232422,
            20.14377784729004,
            19.769210815429688,
            19.418394088745117,
            19.088483810424805,
            18.730676651000977,
            18.38823890686035,
            18.03753089904785,
            17.727020263671875,
            17.40645408630371,
            17.090595245361328,
            16.806062698364258,
            16.472816467285156,
            16.16436195373535,
            15.86845874786377,
            15.567065238952637,
            15.278047561645508,
            14.989723205566406,
            14.728260040283203,
            14.488910675048828,
            14.225069999694824,
            13.984610557556152,
            13.72735595703125,
            13.526288986206055,
            13.295936584472656,
            13.080869674682617,
            12.870585441589355,
            12.688575744628906,
            12.482511520385742,
            12.328768730163574,
            12.155330657958984,
            12.071809768676758,
            11.884716987609863,
            11.784586906433105,
            11.643657684326172,
            11.532837867736816,
            11.441397666931152,
            11.325425148010254,
            11.250433921813965,
            11.156848907470703,
            11.066280364990234,
            10.989053726196289,
            10.928010940551758,
            10.874789237976074
        ],
        "consenso": [
            44.53120422363281,
            28.29800033569336,
            20.469593048095703,
            18.828580856323242,
            18.280099868774414,
            17.932661056518555,
            17.643856048583984,
            17.379812240600586,
            17.123708724975586,
            16.870506286621094,
            16.629674911499023,
            16.387359619140625,
            16.15097427368164,
            15.91765308380127,
            15.683223724365234,
            15.45134162902832,
            15.229117393493652,
            14.993382453918457,
            14.771942138671875,
            14.557833671569824,
            14.336530685424805,
            14.12946891784668,
            13.920891761779785,
            13.717381477355957,
            13.524157524108887,
            13.329944610595703,
            13.1485013961792,
            12.972794532775879,
            12.805941581726074,
            12.647825241088867,
            12.496819496154785,
            12.353888511657715,
            12.225708961486816,
            12.10090160369873,
            11.98159122467041,
            11.870564460754395,
            11.767848014831543,
            11.670827865600586,
            11.579119682312012,
            11.496899604797363,
            11.419294357299805,
            11.350781440734863,
            11.287368774414062,
            11.228218078613281,
            11.172809600830078,
            11.120445251464844,
            11.071605682373047,
            11.026473999023438,
            10.983798027038574,
            10.944150924682617
        ],
        "mse": [
            3789.48974609375,
            1952.3822021484375,
            1115.3076171875,
            899.3077392578125,
            827.0952758789062,
            786.5715942382812,
            755.3333129882812,
            728.1296997070312,
            701.9013671875,
            676.7655639648438,
            654.3164672851562,
            631.7435302734375,
            610.7503051757812,
            590.868896484375,
            570.8585815429688,
            551.1617431640625,
            533.65966796875,
            513.6824951171875,
            496.7161865234375,
            481.2018127441406,
            464.4597473144531,
            450.2245178222656,
            435.1297607421875,
            420.78759765625,
            408.2120361328125,
            394.99169921875,
            383.5225524902344,
            371.48834228515625,
            360.9559631347656,
            351.3149108886719,
            341.76171875,
            332.5577087402344,
            325.2586975097656,
            317.41534423828125,
            310.0879821777344,
            303.6589660644531,
            297.9263916015625,
            292.5325012207031,
            287.4119567871094,
            283.3726501464844,
            278.77935791015625,
            275.09869384765625,
            272.06500244140625,
            268.65533447265625,
            265.1841735839844,
            262.525390625,
            259.67462158203125,
            257.59686279296875,
            255.577392578125,
            253.78489685058594
        ],
        "mae": [
            44.53120422363281,
            28.29800033569336,
            20.469593048095703,
            18.828580856323242,
            18.280099868774414,
            17.932661056518555,
            17.643856048583984,
            17.379812240600586,
            17.123708724975586,
            16.870506286621094,
            16.629674911499023,
            16.387359619140625,
            16.15097427368164,
            15.91765308380127,
            15.683223724365234,
            15.45134162902832,
            15.229117393493652,
            14.993382453918457,
            14.771942138671875,
            14.557833671569824,
            14.336530685424805,
            14.12946891784668,
            13.920891761779785,
            13.717381477355957,
            13.524157524108887,
            13.329944610595703,
            13.1485013961792,
            12.972794532775879,
            12.805941581726074,
            12.647825241088867,
            12.496819496154785,
            12.353888511657715,
            12.225708961486816,
            12.10090160369873,
            11.98159122467041,
            11.870564460754395,
            11.767848014831543,
            11.670827865600586,
            11.579119682312012,
            11.496899604797363,
            11.419294357299805,
            11.350781440734863,
            11.287368774414062,
            11.228218078613281,
            11.172809600830078,
            11.120445251464844,
            11.071605682373047,
            11.026473999023438,
            10.983798027038574,
            10.944150924682617
        ],