{
    "Federated": {
        "loss": [
            42.48565673828125,
            45.1785774230957,
            29.072965621948242,
            22.93705940246582,
            21.373897552490234,
            20.727554321289062,
            20.222230911254883,
            19.825634002685547,
            19.485292434692383,
            19.157896041870117,
            18.799631118774414,
            18.495651245117188,
            18.163436889648438,
            17.866283416748047,
            17.526094436645508,
            17.279390335083008,
            16.99403953552246,
            16.656436920166016,
            16.364620208740234,
            16.054122924804688,
            15.79766845703125,
            15.482369422912598,
            15.255569458007812,
            14.977581977844238,
            14.767522811889648
        ],
        "consenso": [
            45.19683837890625,
            28.74537467956543,
            20.317928314208984,
            18.5804386138916,
            18.039226531982422,
            17.698753356933594,
            17.422739028930664,
            17.172945022583008,
            16.933055877685547,
            16.712188720703125,
            16.48291015625,
            16.255727767944336,
            16.03830909729004,
            15.823909759521484,
            15.602337837219238,
            15.388869285583496,
            15.176599502563477,
            14.962563514709473,
            14.753852844238281,
            14.545156478881836,
            14.340267181396484,
            14.143150329589844,
            13.940774917602539,
            13.749053955078125,
            13.568788528442383
        ],
        "mse": [
            3873.513671875,
            1990.4375,
            1099.214599609375,
            874.2451171875,
            803.6741943359375,
            764.0355834960938,
            733.9364624023438,
            707.8370971679688,
            683.6180419921875,
            663.1036987304688,
            640.9671020507812,
            619.576904296875,
            600.5419921875,
            582.42529296875,
            563.048095703125,
            545.2112426757812,
            527.969482421875,
            510.6817932128906,
            494.5208740234375,
            478.52801513671875,
            463.4910888671875,
            449.57098388671875,
            434.44036865234375,
            421.4293212890625,
            410.4157409667969
        ],
        "mae": [
            45.19683837890625,
            28.74537467956543,
            20.317928314208984,
            18.5804386138916,
            18.039226531982422,
            17.698753356933594,
            17.422739028930664,
            17.172945022583008,
            16.93305778503418,
            16.712188720703125,
            16.48291015625,
            16.255727767944336,
            16.03830909729004,
            15.823909759521484,
            15.602337837219238,
            15.388869285583496,
            15.176599502563477,
            14.962563514709473,
            14.753852844238281,
            14.545156478881836,
            14.340267181396484,
            14.143150329589844,
            13.940774917602539,
            13.749053955078125,
            13.568788528442383
        ],
        "accuracy": [
            0.014830508269369602,
            0.0,
            0.0,
            0.0,
            0.007768361363559961,
            0.011299435049295425,
            0.012005649507045746,
            0.012711863964796066,
            0.012711863964796066,
            0.012711863964796066,
            0.012711863964796066,
            0.012711863964796066,
            0.012711863964796066,
            0.012711863964796066,
            0.012711863964796066,
            0.012711863964796066,
            0.012711863964796066,
            0.012711863964796066,
            0.012711863964796066,
            0.012711863964796066,
            0.012711863964796066,
            0.012711863964796066,
            0.012711863964796066,
            0.012711863964796066,
            0.012711863964796066
        ]
    }
}