{
    "Federated": {
        "loss": [
            6.9533467292785645,
            5.473428726196289,
            3.79835844039917,
            3.665376901626587,
            3.479841947555542,
            3.357800245285034,
            3.2446820735931396,
            3.165027379989624,
            3.1203453540802,
            3.105694055557251,
            3.0995965003967285,
            3.112440347671509,
            3.1264452934265137,
            3.143364429473877,
            3.1515378952026367
        ],
        "consenso": [
            15.962745666503906,
            6.787662029266357,
            6.7291364669799805,
            6.244997024536133,
            5.772459030151367,
            5.364437103271484,
            4.890786170959473,
            4.564962387084961,
            4.331556797027588,
            4.170877933502197,
            4.086009502410889,
            3.9223859310150146,
            3.886570692062378,
            3.8123629093170166,
            3.7807199954986572
        ]
    }
}