{
    "Federated": {
        "loss": [
            10.98408031463623,
            12.788049697875977,
            5.082123756408691,
            3.915416955947876,
            3.953545093536377,
            3.949779748916626,
            3.9428675174713135,
            3.928455114364624,
            3.884855270385742,
            3.8583805561065674,
            3.8163866996765137,
            3.804250717163086,
            3.7656898498535156,
            3.712604522705078,
            3.6639294624328613,
            3.6290283203125,
            3.5777955055236816,
            3.56831431388855,
            3.520569324493408,
            3.5082902908325195,
            3.4536969661712646,
            3.4161250591278076,
            3.3634331226348877,
            3.3294613361358643,
            3.3187520503997803,
            3.3050684928894043,
            3.2660117149353027,
            3.246047019958496,
            3.2451817989349365,
            3.2105140686035156,
            3.200173854827881,
            3.189885377883911,
            3.1688010692596436,
            3.1758813858032227,
            3.1578056812286377,
            3.1525349617004395,
            3.1408965587615967,
            3.1664023399353027,
            3.142035484313965,
            3.1581919193267822,
            3.173658847808838,
            3.168346643447876,
            3.158763885498047,
            3.1616451740264893,
            3.1546878814697266,
            3.163628578186035,
            3.1614272594451904,
            3.1870126724243164,
            3.1841623783111572,
            3.174830198287964
        ],
        "consenso": [
            15.684429168701172,
            6.705401420593262,
            4.445021152496338,
            5.389854907989502,
            5.883423328399658,
            6.030905246734619,
            6.08816385269165,
            6.102902412414551,
            6.113860607147217,
            6.113816261291504,
            6.07328987121582,
            6.041726589202881,
            5.986642837524414,
            5.915860652923584,
            5.854543209075928,
            5.795930862426758,
            5.699001312255859,
            5.667321681976318,
            5.578585147857666,
            5.4705939292907715,
            5.403997421264648,
            5.289565086364746,
            5.212131500244141,
            5.131251811981201,
            5.024252414703369,
            4.9558610916137695,
            4.855716228485107,
            4.79707670211792,
            4.713842868804932,
            4.627678871154785,
            4.562143325805664,
            4.510836124420166,
            4.422711372375488,
            4.3753156661987305,
            4.330875873565674,
            4.27958869934082,
            4.229352951049805,
            4.187312602996826,
            4.154561996459961,
            4.0972208976745605,
            4.081721305847168,
            4.044717788696289,
            3.9958510398864746,
            3.97847843170166,
            3.976849317550659,
            3.9526283740997314,
            3.949371576309204,
            3.920351505279541,
            3.8962106704711914,
            3.871354341506958
        ],
        "mse": [
            428.03668212890625,
            88.47610473632812,
            35.609649658203125,
            51.854976654052734,
            59.18403625488281,
            61.55807113647461,
            62.391815185546875,
            62.516910552978516,
            62.59313201904297,
            62.4930419921875,
            61.71630096435547,
            61.100379943847656,
            60.102996826171875,
            58.862060546875,
            57.79425811767578,
            56.795745849609375,
            55.20170593261719,
            54.67391586303711,
            53.26683807373047,
            51.59239959716797,
            50.581424713134766,
            48.89743423461914,
            47.80085372924805,
            46.67985153198242,
            45.21465301513672,
            44.302520751953125,
            42.98616409301758,
            42.25190353393555,
            41.209266662597656,
            40.162376403808594,
            39.401268005371094,
            38.82393264770508,
            37.81690216064453,
            37.3095588684082,
            36.850624084472656,
            36.315067291259766,
            35.78101348876953,
            35.34417724609375,
            35.015132904052734,
            34.433597564697266,
            34.28959655761719,
            33.92697525024414,
            33.439781188964844,
            33.271888732910156,
            33.263729095458984,
            33.02879333496094,
            33.0019645690918,
            32.72595977783203,
            32.49699401855469,
            32.26095962524414
        ],
        "mae": [
            15.684429168701172,
            6.705402374267578,
            4.445021152496338,
            5.389854907989502,
            5.883423328399658,
            6.030905246734619,
            6.08816385269165,
            6.102902412414551,
            6.113860607147217,
            6.113816261291504,
            6.07328987121582,
            6.041726589202881,
            5.986642837524414,
            5.915860652923584,
            5.854543209075928,
            5.795930862426758,
            5.699001312255859,
            5.667321681976318,
            5.578585147857666,
            5.4705939292907715,
            5.403997421264648,
            5.289565086364746,
            5.212131500244141,
            5.131251811981201,
            5.024252414703369,
            4.9558610916137695,
            4.855716228485107,
            4.79707670211792,
            4.713842868804932,
            4.627678871154785,
            4.562143325805664,
            4.510836124420166,
            4.422711372375488,
            4.3753156661987305,
            4.330875873565674,
            4.27958869934082,
            4.229352951049805,
            4.187312602996826,
            4.154561996459961,
            4.0972208976745605,
            4.081721305847168,
            4.044717788696289,
            3.9958510398864746,
            3.97847843170166,
            3.976849317550659,
            3.9526283740997314,
            3.949371576309204,
            3.920351505279541,
            3.8962106704711914,
            3.871354341506958
        ],
        "accuracy": [
            0.0,
            0.0,
            0.0,
            0.0,
            0.0,
            0.0,
            0.0,
            0.0,
            0.0,
            0.0,
            0.0,
            0.0,
            0.0,
            0.0,
            0.0,
            0.0,
            0.0,
            0.0,
            0.0,
            0.0,
            0.0,
            0.0,
            0.0,
            0.0,
            0.0,
            0.0,
            0.0,
            0.0,
            0.0,
            0.0,
            0.0,
            0.0,
            0.0,
            0.0,
            0.0,
            0.0,
            0.0,
            0.0,
            0.0,
            0.0,
            0.0,
            0.0,
            0.0,
            0.0,
            0.0,
            0.0,
            0.0,
            0.0,
            0.0,
            0.0
        ]
    }
}