{
    "Federated": {
        "loss": [
            10.717150688171387,
            13.363348007202148,
            5.293980121612549,
            3.861496925354004,
            3.8815481662750244,
            3.9171974658966064,
            3.895465850830078,
            3.9068408012390137,
            3.8898420333862305,
            3.8317744731903076,
            3.8208189010620117,
            3.759486198425293,
            3.6996326446533203,
            3.6821937561035156,
            3.652928590774536,
            3.6153817176818848,
            3.5859313011169434,
            3.566476345062256,
            3.5298235416412354,
            3.5016205310821533,
            3.4813849925994873,
            3.413113832473755,
            3.4007866382598877,
            3.3759353160858154,
            3.3441100120544434
        ],
        "consenso": [
            16.083642959594727,
            7.018289089202881,
            4.368629455566406,
            5.3411078453063965,
            5.834412097930908,
            5.989894390106201,
            6.056211471557617,
            6.0834431648254395,
            6.091913223266602,
            6.045663833618164,
            6.031848430633545,
            6.011476039886475,
            5.952371120452881,
            5.880564212799072,
            5.837235927581787,
            5.770052433013916,
            5.6985931396484375,
            5.6344099044799805,
            5.555646896362305,
            5.484899997711182,
            5.401525020599365,
            5.303488731384277,
            5.249454021453857,
            5.1552958488464355,
            5.022835731506348
        ],
        "mse": [
            448.2183837890625,
            96.58271789550781,
            34.569862365722656,
            50.853172302246094,
            58.147796630859375,
            60.69842529296875,
            61.72197723388672,
            62.083168029785156,
            62.13551712036133,
            61.27311325073242,
            60.96259307861328,
            60.550819396972656,
            59.50325393676758,
            58.25603485107422,
            57.499210357666016,
            56.369544982910156,
            55.18706512451172,
            54.14586639404297,
            52.90119171142578,
            51.798065185546875,
            50.52877426147461,
            49.08305358886719,
            48.30728530883789,
            46.9696159362793,
            45.139156341552734
        ],
        "mae": [
            16.083642959594727,
            7.018289089202881,
            4.368629455566406,
            5.3411078453063965,
            5.834412097930908,
            5.989894390106201,
            6.056211471557617,
            6.083443641662598,
            6.091913223266602,
            6.045663833618164,
            6.031848430633545,
            6.011476039886475,
            5.952371120452881,
            5.880564212799072,
            5.837235927581787,
            5.770052433013916,
            5.6985931396484375,
            5.6344099044799805,
            5.555646896362305,
            5.484899997711182,
            5.401525020599365,
            5.303488731384277,
            5.249454021453857,
            5.1552958488464355,
            5.022835731506348
        ],
        "accuracy": [
            0.0,
            0.0,
            0.0,
            0.0,
            0.0,
            0.0,
            0.0,
            0.0,
            0.0,
            0.0,
            0.0,
            0.0,
            0.0,
            0.0,
            0.0,
            0.0,
            0.0,
            0.0,
            0.0,
            0.0,
            0.0,
            0.0,
            0.0,
            0.0,
            0.0
        ]
    }
}