{
    "Federated": {
        "loss": [
            25.827116012573242,
            28.589126586914062,
            15.087419509887695,
            10.173962593078613,
            9.193074226379395,
            8.836811065673828,
            8.624969482421875,
            8.471927642822266,
            8.321708679199219,
            8.193401336669922,
            8.100593566894531,
            7.940507888793945,
            7.826931476593018,
            7.730051040649414,
            7.632611274719238,
            7.522151947021484,
            7.407142162322998,
            7.310827255249023,
            7.213534355163574,
            7.110424995422363,
            7.028238773345947,
            6.948766708374023,
            6.8575358390808105,
            6.780706882476807,
            6.705715656280518
        ],
        "consenso": [
            30.0345401763916,
            16.3841609954834,
            9.861391067504883,
            9.05650520324707,
            8.939728736877441,
            8.874974250793457,
            8.831006050109863,
            8.788405418395996,
            8.74511432647705,
            8.692703247070312,
            8.647247314453125,
            8.601447105407715,
            8.54929256439209,
            8.495027542114258,
            8.450177192687988,
            8.402379035949707,
            8.35747241973877,
            8.31923770904541,
            8.276126861572266,
            8.238033294677734,
            8.195481300354004,
            8.150551795959473,
            8.125795364379883,
            8.08913803100586,
            8.035843849182129
        ],
        "mse": [
            1447.4171142578125,
            482.7991638183594,
            170.7924346923828,
            140.8744659423828,
            139.41456604003906,
            139.24412536621094,
            139.0596160888672,
            138.80401611328125,
            138.54075622558594,
            137.8354034423828,
            137.5892791748047,
            137.3663787841797,
            136.78533935546875,
            136.10195922851562,
            135.85440063476562,
            135.41488647460938,
            134.99217224121094,
            134.80857849121094,
            134.379638671875,
            134.1758270263672,
            133.83963012695312,
            133.3491973876953,
            133.60723876953125,
            133.3264923095703,
            132.37802124023438
        ],
        "mae": [
            30.0345401763916,
            16.3841609954834,
            9.8613920211792,
            9.05650520324707,
            8.939728736877441,
            8.874974250793457,
            8.831006050109863,
            8.788405418395996,
            8.74511432647705,
            8.692703247070312,
            8.647247314453125,
            8.601447105407715,
            8.54929256439209,
            8.495027542114258,
            8.450177192687988,
            8.402379035949707,
            8.35747241973877,
            8.31923770904541,
            8.276126861572266,
            8.238033294677734,
            8.195481300354004,
            8.150551795959473,
            8.125795364379883,
            8.08913803100586,
            8.035843849182129
        ],
        "accuracy": [
            0.0,
            0.0,
            0.0,
            0.0,
            0.0,
            0.0,
            0.0,
            0.0,
            0.0,
            0.0,
            0.0,
            0.0,
            0.0,
            0.0,
            0.0,
            0.0,
            0.0,
            0.0,
            0.0,
            0.0,
            0.0,
            0.0,
            0.0,
            0.0,
            0.0
        ]
    }
}