{
    "Federated": {
        "loss": [
            17.35175323486328,
            20.713672637939453,
            9.530353546142578,
            6.356379508972168,
            5.9588303565979,
            5.846584320068359,
            5.774471759796143,
            5.716104984283447,
            5.647704601287842,
            5.6041340827941895,
            5.532198905944824,
            5.481015205383301,
            5.43201208114624,
            5.357651710510254,
            5.312950611114502,
            5.249982833862305,
            5.202208995819092,
            5.152474880218506,
            5.111042022705078,
            5.059776306152344,
            5.003518104553223,
            4.973886489868164,
            4.929879188537598,
            4.896434783935547,
            4.858354091644287
        ],
        "consenso": [
            22.69422721862793,
            11.098746299743652,
            6.624777793884277,
            6.849198341369629,
            7.098252773284912,
            7.218227386474609,
            7.287126541137695,
            7.326842308044434,
            7.351741790771484,
            7.33063268661499,
            7.339237689971924,
            7.341131210327148,
            7.310854434967041,
            7.269407749176025,
            7.252989768981934,
            7.218563079833984,
            7.181586265563965,
            7.157126426696777,
            7.113991737365723,
            7.080552577972412,
            7.036906719207764,
            6.982207298278809,
            6.967039585113525,
            6.919037818908691,
            6.833503723144531
        ],
        "mse": [
            831.34130859375,
            226.8990936279297,
            80.36064147949219,
            88.2940673828125,
            95.88414001464844,
            99.18470764160156,
            100.93138885498047,
            101.93695831298828,
            102.59669494628906,
            102.22742462158203,
            102.52880859375,
            102.69276428222656,
            102.15364837646484,
            101.36865234375,
            101.13786315917969,
            100.53145599365234,
            99.86630249023438,
            99.44041442871094,
            98.61862182617188,
            98.02024841308594,
            97.19634246826172,
            96.14522552490234,
            95.92481994628906,
            95.03620147705078,
            93.39095306396484
        ],
        "mae": [
            22.69422721862793,
            11.098746299743652,
            6.624777793884277,
            6.849197864532471,
            7.098252773284912,
            7.218227386474609,
            7.287126541137695,
            7.326842308044434,
            7.351741790771484,
            7.33063268661499,
            7.339238166809082,
            7.341131210327148,
            7.310854434967041,
            7.269407749176025,
            7.252989768981934,
            7.218563079833984,
            7.181586265563965,
            7.157126426696777,
            7.113991737365723,
            7.080552577972412,
            7.036906719207764,
            6.982207298278809,
            6.967039585113525,
            6.919037818908691,
            6.833503723144531
        ],
        "accuracy": [
            0.02189265564084053,
            0.0,
            0.0,
            0.0007062146905809641,
            0.02118644118309021,
            0.02118644118309021,
            0.02118644118309021,
            0.02118644118309021,
            0.02118644118309021,
            0.02118644118309021,
            0.02118644118309021,
            0.02118644118309021,
            0.02118644118309021,
            0.02118644118309021,
            0.02118644118309021,
            0.02118644118309021,
            0.02118644118309021,
            0.02118644118309021,
            0.02118644118309021,
            0.02118644118309021,
            0.02118644118309021,
            0.02118644118309021,
            0.02118644118309021,
            0.02118644118309021,
            0.02118644118309021
        ]
    }
}