{
    "Federated": {
        "loss": [
            16.15251350402832,
            12.399397850036621,
            8.713814735412598,
            8.15189266204834,
            7.656980037689209,
            7.208718776702881,
            6.855458736419678,
            6.587604999542236,
            6.39448881149292,
            6.283764839172363,
            6.203670978546143,
            6.160297393798828,
            6.13668155670166,
            6.130239009857178,
            6.121010780334473
        ],
        "consenso": [
            30.07771110534668,
            9.204181671142578,
            8.996135711669922,
            8.691618919372559,
            8.41968822479248,
            8.213425636291504,
            8.00170612335205,
            7.89608907699585,
            7.871334552764893,
            7.910441875457764,
            7.999234199523926,
            7.976027488708496,
            8.053404808044434,
            8.06143856048584,
            8.090384483337402
        ]
    }
}