{
    "Federated": {
        "loss": [
            11.38990592956543,
            8.69881820678711,
            5.935426235198975,
            5.6186394691467285,
            5.341373920440674,
            5.101572513580322,
            4.898131847381592,
            4.768586158752441,
            4.68772029876709,
            4.654358863830566,
            4.641923427581787,
            4.660513401031494,
            4.677757263183594,
            4.684229373931885,
            4.70139217376709
        ],
        "consenso": [
            22.690181732177734,
            7.811522960662842,
            7.914958477020264,
            7.599860191345215,
            7.2848615646362305,
            7.0584917068481445,
            6.759181499481201,
            6.601838111877441,
            6.512034893035889,
            6.474616050720215,
            6.485245704650879,
            6.391122341156006,
            6.407721519470215,
            6.368762969970703,
            6.359906196594238
        ]
    }
}