{
    "Federated": {
        "loss": [
            20.278522491455078,
            15.590568542480469,
            11.418971061706543,
            10.696847915649414,
            10.021750450134277,
            9.467416763305664,
            8.989364624023438,
            8.622920989990234,
            8.364889144897461,
            8.197330474853516,
            8.087384223937988,
            8.00461196899414,
            7.966491222381592,
            7.934476852416992,
            7.922121047973633
        ],
        "consenso": [
            39.37079620361328,
            13.685506820678711,
            12.86513900756836,
            12.201147079467773,
            11.574019432067871,
            11.020533561706543,
            10.585515975952148,
            10.238251686096191,
            9.997734069824219,
            9.856834411621094,
            9.79035472869873,
            9.7313871383667,
            9.739118576049805,
            9.722664833068848,
            9.73009967803955
        ]
    }
}