{
    "Federated": {
        "loss": [
            28.54989242553711,
            32.63051986694336,
            18.027193069458008,
            12.526335716247559,
            11.28296184539795,
            10.839071273803711,
            10.592533111572266,
            10.384615898132324,
            10.19797420501709,
            10.055012702941895,
            9.904984474182129,
            9.74303150177002,
            9.596087455749512,
            9.44500732421875,
            9.298585891723633,
            9.179079055786133,
            9.043787956237793,
            8.907818794250488,
            8.784077644348145,
            8.678277969360352,
            8.55344295501709,
            8.440032005310059,
            8.330687522888184,
            8.22863483428955,
            8.135643005371094
        ],
        "consenso": [
            38.4134407043457,
            22.634395599365234,
            14.701118469238281,
            13.027724266052246,
            12.527993202209473,
            12.251269340515137,
            12.038530349731445,
            11.852155685424805,
            11.677781105041504,
            11.528005599975586,
            11.367860794067383,
            11.213149070739746,
            11.07274341583252,
            10.938761711120605,
            10.797514915466309,
            10.663963317871094,
            10.532366752624512,
            10.399786949157715,
            10.274724960327148,
            10.14950942993164,
            10.031936645507812,
            9.92369270324707,
            9.812114715576172,
            9.712809562683105,
            9.625197410583496
        ],
        "mse": [
            2389.42333984375,
            960.6758422851562,
            390.2980651855469,
            283.9415283203125,
            258.894287109375,
            247.00489807128906,
            238.72938537597656,
            232.01019287109375,
            226.0891571044922,
            221.26828002929688,
            216.2401123046875,
            211.60350036621094,
            207.57278442382812,
            203.84628295898438,
            200.0962677001953,
            196.71592712402344,
            193.57046508789062,
            190.58995056152344,
            187.91748046875,
            185.44102478027344,
            183.1973876953125,
            181.1644287109375,
            179.3667449951172,
            177.74615478515625,
            176.2030792236328
        ],
        "mae": [
            38.4134407043457,
            22.634395599365234,
            14.701118469238281,
            13.027724266052246,
            12.527993202209473,
            12.251269340515137,
            12.038530349731445,
            11.852155685424805,
            11.677781105041504,
            11.528005599975586,
            11.367860794067383,
            11.213149070739746,
            11.07274341583252,
            10.938761711120605,
            10.797514915466309,
            10.663963317871094,
            10.532366752624512,
            10.399786949157715,
            10.274724960327148,
            10.14950942993164,
            10.031936645507812,
            9.92369270324707,
            9.812114715576172,
            9.712809562683105,
            9.625197410583496
        ],
        "accuracy": [
            0.0028248587623238564,
            0.0,
            0.0,
            0.0014124293811619282,
            0.0028248587623238564,
            0.0028248587623238564,
            0.0028248587623238564,
            0.0028248587623238564,
            0.0028248587623238564,
            0.0028248587623238564,
            0.0028248587623238564,
            0.0028248587623238564,
            0.0028248587623238564,
            0.0028248587623238564,
            0.0028248587623238564,
            0.0028248587623238564,
            0.0028248587623238564,
            0.0028248587623238564,
            0.0028248587623238564,
            0.0028248587623238564,
            0.0028248587623238564,
            0.0028248587623238564,
            0.0028248587623238564,
            0.0028248587623238564,
            0.0028248587623238564
        ]
    }
}