{
    "Federated": {
        "loss": [
            18.94267463684082,
            14.866296768188477,
            10.577672958374023,
            9.868147850036621,
            9.273237228393555,
            8.730498313903809,
            8.295175552368164,
            7.952683448791504,
            7.693076133728027,
            7.5295233726501465,
            7.417842388153076,
            7.355250358581543,
            7.322176933288574,
            7.298820972442627,
            7.298025131225586
        ],
        "consenso": [
            38.44155502319336,
            12.649378776550293,
            11.806539535522461,
            11.161940574645996,
            10.578653335571289,
            10.044343948364258,
            9.641926765441895,
            9.322731018066406,
            9.095181465148926,
            8.974106788635254,
            8.940262794494629,
            8.885440826416016,
            8.899502754211426,
            8.889577865600586,
            8.903006553649902
        ]
    }
}