{
    "Federated": {
        "loss": [
            19.21017074584961,
            14.81833267211914,
            10.813253402709961,
            10.122641563415527,
            9.525565147399902,
            8.999814987182617,
            8.575533866882324,
            8.236723899841309,
            7.976310729980469,
            7.807981014251709,
            7.701381206512451,
            7.631933689117432,
            7.597799301147461,
            7.564108371734619,
            7.557891368865967
        ],
        "consenso": [
            37.27630615234375,
            12.881814956665039,
            12.064270973205566,
            11.411665916442871,
            10.807463645935059,
            10.272249221801758,
            9.861485481262207,
            9.541647911071777,
            9.328153610229492,
            9.202929496765137,
            9.14989185333252,
            9.101613998413086,
            9.107706069946289,
            9.096139907836914,
            9.102314949035645
        ]
    }
}