{
    "Federated": {
        "loss": [
            29.38291358947754,
            32.21331787109375,
            18.315282821655273,
            13.42584228515625,
            12.334352493286133,
            11.914144515991211,
            11.625324249267578,
            11.417941093444824,
            11.202375411987305,
            11.01044750213623,
            10.839818954467773,
            10.649417877197266,
            10.479413986206055,
            10.308621406555176,
            10.160157203674316,
            10.011087417602539,
            9.86226749420166,
            9.722113609313965,
            9.564407348632812,
            9.422836303710938,
            9.298419952392578,
            9.161380767822266,
            9.037917137145996,
            8.936540603637695,
            8.813368797302246,
            8.720047950744629,
            8.616527557373047,
            8.543545722961426,
            8.45431137084961,
            8.379976272583008,
            8.306674003601074,
            8.251852035522461,
            8.198614120483398,
            8.154062271118164,
            8.112167358398438,
            8.082344055175781,
            8.047869682312012,
            8.022283554077148,
            7.998796463012695,
            7.979956150054932,
            7.968691825866699,
            7.9544172286987305,
            7.929499626159668,
            7.920645236968994,
            7.908145427703857,
            7.907280445098877,
            7.903590202331543,
            7.887633800506592,
            7.890584945678711,
            7.884204387664795
        ],
        "consenso": [
            38.616302490234375,
            22.961694717407227,
            15.69675350189209,
            14.154189109802246,
            13.688196182250977,
            13.417937278747559,
            13.206006050109863,
            13.018110275268555,
            12.834598541259766,
            12.656414031982422,
            12.49051570892334,
            12.325613021850586,
            12.167137145996094,
            12.013411521911621,
            11.857544898986816,
            11.70294189453125,
            11.559257507324219,
            11.403477668762207,
            11.265453338623047,
            11.13686752319336,
            11.003998756408691,
            10.885143280029297,
            10.763725280761719,
            10.648216247558594,
            10.543807983398438,
            10.439996719360352,
            10.350630760192871,
            10.26333236694336,
            10.18546199798584,
            10.11786937713623,
            10.056625366210938,
            10.005300521850586,
            9.95884895324707,
            9.92091178894043,
            9.88813304901123,
            9.858464241027832,
            9.831343650817871,
            9.811616897583008,
            9.796408653259277,
            9.7767972946167,
            9.774845123291016,
            9.766685485839844,
            9.752230644226074,
            9.7522554397583,
            9.759089469909668,
            9.756450653076172,
            9.762771606445312,
            9.755036354064941,
            9.751018524169922,
            9.745534896850586
        ],
        "mse": [
            2456.383544921875,
            1025.0849609375,
            464.2795715332031,
            352.0511169433594,
            322.1983947753906,
            307.4509582519531,
            296.89215087890625,
            288.2182312011719,
            280.11126708984375,
            272.646728515625,
            266.1380920410156,
            259.83843994140625,
            254.13751220703125,
            248.87718200683594,
            243.73609924316406,
            238.89488220214844,
            234.64793395996094,
            230.16302490234375,
            226.3733673095703,
            223.0092315673828,
            219.68222045898438,
            216.8192901611328,
            214.1052703857422,
            211.68246459960938,
            209.5559844970703,
            207.6852264404297,
            206.02703857421875,
            204.7042694091797,
            203.53501892089844,
            202.55343627929688,
            201.83177185058594,
            201.40505981445312,
            200.82962036132812,
            200.68260192871094,
            200.6863555908203,
            200.7347869873047,
            200.7559814453125,
            200.97080993652344,
            201.28599548339844,
            201.2754669189453,
            201.8412628173828,
            202.1015167236328,
            202.07391357421875,
            202.5344696044922,
            203.24024963378906,
            203.56893920898438,
            204.20445251464844,
            204.27833557128906,
            204.45004272460938,
            204.54742431640625
        ],
        "mae": [
            38.616302490234375,
            22.961694717407227,
            15.69675350189209,
            14.154189109802246,
            13.688196182250977,
            13.417937278747559,
            13.206005096435547,
            13.018110275268555,
            12.834598541259766,
            12.656414031982422,
            12.49051570892334,
            12.325613021850586,
            12.167137145996094,
            12.013411521911621,
            11.857544898986816,
            11.70294189453125,
            11.559257507324219,
            11.403477668762207,
            11.265453338623047,
            11.13686752319336,
            11.003998756408691,
            10.885143280029297,
            10.763725280761719,
            10.648216247558594,
            10.543807983398438,
            10.439996719360352,
            10.350630760192871,
            10.26333236694336,
            10.18546199798584,
            10.11786937713623,
            10.056625366210938,
            10.005300521850586,
            9.95884895324707,
            9.92091178894043,
            9.88813304901123,
            9.858464241027832,
            9.831343650817871,
            9.811616897583008,
            9.796408653259277,
            9.7767972946167,
            9.774845123291016,
            9.766685485839844,
            9.752230644226074,
            9.7522554397583,
            9.759089469909668,
            9.756450653076172,
            9.762771606445312,
            9.755036354064941,
            9.751018524169922,
            9.745534896850586
        ],