{
    "Federated": {
        "loss": [
            26.62602424621582,
            29.564491271972656,
            16.887470245361328,
            12.506573677062988,
            11.538920402526855,
            11.192960739135742,
            10.932692527770996,
            10.738927841186523,
            10.528568267822266,
            10.367798805236816,
            10.215474128723145,
            10.0647554397583,
            9.932106018066406,
            9.762189865112305,
            9.612690925598145,
            9.461771965026855,
            9.344629287719727,
            9.205650329589844,
            9.070021629333496,
            8.932802200317383,
            8.832254409790039,
            8.711230278015137,
            8.587334632873535,
            8.497122764587402,
            8.404359817504883,
            8.294767379760742,
            8.21725845336914,
            8.137531280517578,
            8.0543794631958,
            7.984626293182373,
            7.920725345611572,
            7.866625785827637,
            7.810495853424072,
            7.774049758911133,
            7.734292507171631,
            7.696732997894287,
            7.677361011505127,
            7.6460065841674805,
            7.621103286743164,
            7.601109027862549,
            7.585007190704346,
            7.573904514312744,
            7.569065093994141,
            7.5571208000183105,
            7.550765037536621,
            7.547495365142822,
            7.540094375610352,
            7.533755302429199,
            7.526704788208008,
            7.527644634246826
        ],
        "consenso": [
            36.574623107910156,
            21.557374954223633,
            14.772452354431152,
            13.367676734924316,
            12.913453102111816,
            12.646014213562012,
            12.436739921569824,
            12.25031852722168,
            12.069230079650879,
            11.894402503967285,
            11.731983184814453,
            11.569366455078125,
            11.412537574768066,
            11.26014518737793,
            11.106685638427734,
            10.956393241882324,
            10.816862106323242,
            10.664774894714355,
            10.528194427490234,
            10.404862403869629,
            10.27391242980957,
            10.158639907836914,
            10.041935920715332,
            9.9328031539917,
            9.835891723632812,
            9.740656852722168,
            9.65601921081543,
            9.574234962463379,
            9.501813888549805,
            9.437959671020508,
            9.381662368774414,
            9.334633827209473,
            9.291535377502441,
            9.255317687988281,
            9.22487735748291,
            9.19923210144043,
            9.177818298339844,
            9.161022186279297,
            9.14760684967041,
            9.130992889404297,
            9.127684593200684,
            9.120009422302246,
            9.10690689086914,
            9.105355262756348,
            9.110420227050781,
            9.10811710357666,
            9.114510536193848,
            9.10814094543457,
            9.104337692260742,
            9.099321365356445
        ],
        "mse": [
            2254.44140625,
            918.8631591796875,
            403.9059753417969,
            304.02960205078125,
            278.1842346191406,
            265.5770263671875,
            256.6207580566406,
            249.30020141601562,
            242.5009307861328,
            236.27186584472656,
            230.84967041015625,
            225.63327026367188,
            220.92088317871094,
            216.58143615722656,
            212.3757781982422,
            208.44131469726562,
            204.9720001220703,
            201.4226531982422,
            198.39041137695312,
            195.67979431152344,
            193.09764099121094,
            190.82293701171875,
            188.75787353515625,
            186.9459228515625,
            185.3252410888672,
            184.0069580078125,
            182.79849243164062,
            181.96920776367188,
            181.2078857421875,
            180.59201049804688,
            180.23001098632812,
            180.1567840576172,
            179.8287811279297,
            179.96633911132812,
            180.22882080078125,
            180.49659729003906,
            180.69903564453125,
            181.0887451171875,
            181.563720703125,
            181.6626434326172,
            182.3690948486328,
            182.72898864746094,
            182.77029418945312,
            183.32188415527344,
            184.12095642089844,
            184.51107788085938,
            185.2154541015625,
            185.32733154296875,
            185.5355987548828,
            185.6627197265625
        ],
        "mae": [
            36.574623107910156,
            21.557374954223633,
            14.772452354431152,
            13.367676734924316,
            12.913453102111816,
            12.646012306213379,
            12.436739921569824,
            12.25031852722168,
            12.069230079650879,
            11.894402503967285,
            11.731983184814453,
            11.569366455078125,
            11.412537574768066,
            11.26014518737793,
            11.106685638427734,
            10.956393241882324,
            10.816862106323242,
            10.664774894714355,
            10.528194427490234,
            10.404862403869629,
            10.27391242980957,
            10.158639907836914,
            10.041935920715332,
            9.9328031539917,
            9.835891723632812,
            9.740656852722168,
            9.65601921081543,
            9.574234962463379,
            9.501813888549805,
            9.437959671020508,
            9.381662368774414,
            9.334633827209473,
            9.291535377502441,
            9.255317687988281,
            9.22487735748291,
            9.19923210144043,
            9.177818298339844,
            9.161022186279297,
            9.14760684967041,
            9.130992889404297,
            9.127684593200684,
            9.120009422302246,
            9.10690689086914,
            9.105355262756348,
            9.110419273376465,
            9.10811710357666,
            9.114510536193848,
            9.10814094543457,
            9.104337692260742,
            9.099321365356445
        ],