{
    "Federated": {
        "loss": [
            7.047552108764648,
            10.111379623413086,
            3.526974678039551,
            2.814699411392212,
            3.179638624191284,
            3.331566333770752,
            3.3230628967285156,
            3.3197073936462402,
            3.297431707382202,
            3.2781920433044434,
            3.245997667312622,
            3.201307773590088,
            3.1885786056518555,
            3.113187313079834,
            3.0976526737213135,
            3.0862715244293213,
            3.0095038414001465,
            2.9829139709472656,
            2.966571807861328,
            2.9547109603881836,
            2.8928263187408447,
            2.870229959487915,
            2.826294183731079,
            2.8192384243011475,
            2.7847533226013184
        ],
        "consenso": [
            12.36488151550293,
            4.8674702644348145,
            3.598057746887207,
            5.112732410430908,
            5.492844581604004,
            5.572828769683838,
            5.584051132202148,
            5.5655741691589355,
            5.533055305480957,
            5.456004619598389,
            5.4073100090026855,
            5.351569652557373,
            5.2647624015808105,
            5.166803359985352,
            5.090526580810547,
            4.99788236618042,
            4.902542591094971,
            4.8163323402404785,
            4.714524269104004,
            4.620855808258057,
            4.517317295074463,
            4.405571937561035,
            4.3298444747924805,
            4.227346897125244,
            4.095951080322266
        ],
        "mse": [
            245.218017578125,
            40.97222137451172,
            24.406606674194336,
            43.46367263793945,
            49.825927734375,
            51.47067642211914,
            51.82194137573242,
            51.609737396240234,
            51.134098052978516,
            49.90202331542969,
            49.15439224243164,
            48.29642105102539,
            46.93873596191406,
            45.42219924926758,
            44.27346420288086,
            42.880615234375,
            41.46113967895508,
            40.194252014160156,
            38.7147102355957,
            37.390380859375,
            35.949501037597656,
            34.415924072265625,
            33.387027740478516,
            32.009857177734375,
            30.286861419677734
        ],
        "mae": [
            12.36488151550293,
            4.8674702644348145,
            3.598057746887207,
            5.112732410430908,
            5.492844581604004,
            5.572828769683838,
            5.584051132202148,
            5.5655741691589355,
            5.533055305480957,
            5.456004619598389,
            5.4073100090026855,
            5.351569652557373,
            5.2647624015808105,
            5.16680383682251,
            5.090526580810547,
            4.99788236618042,
            4.902542591094971,
            4.81633186340332,
            4.714524269104004,
            4.620855808258057,
            4.517317295074463,
            4.405571937561035,
            4.3298444747924805,
            4.227346897125244,
            4.095951080322266
        ],
        "accuracy": [
            0.0014124293811619282,
            0.0007062146905809641,
            0.0007062146905809641,
            0.0007062146905809641,
            0.0007062146905809641,
            0.0,
            0.0,
            0.0,
            0.0,
            0.0,
            0.0,
            0.0,
            0.0,
            0.0,
            0.0,
            0.0,
            0.0,
            0.0,
            0.0,
            0.0,
            0.0,
            0.0,
            0.0,
            0.0,
            0.0
        ]
    }
}