{
    "Federated": {
        "loss": [
            7.031920909881592,
            9.708386421203613,
            3.3930211067199707,
            2.842149257659912,
            3.208768606185913,
            3.3503448963165283,
            3.341150999069214,
            3.3296587467193604,
            3.308429718017578,
            3.289124011993408,
            3.2713658809661865,
            3.190858840942383,
            3.1968777179718018,
            3.1383793354034424,
            3.1084699630737305,
            3.062950849533081,
            3.0206050872802734,
            2.975262403488159,
            2.978311538696289,
            2.9182963371276855,
            2.8861687183380127,
            2.876875400543213,
            2.8578908443450928,
            2.812936305999756,
            2.784115791320801,
            2.7443246841430664,
            2.7238612174987793,
            2.7156693935394287,
            2.6765851974487305,
            2.6825003623962402,
            2.6576859951019287,
            2.6544928550720215,
            2.6433539390563965,
            2.6266276836395264,
            2.630549430847168,
            2.6322388648986816,
            2.623215675354004,
            2.61370849609375,
            2.6142613887786865,
            2.622103214263916,
            2.605891704559326,
            2.614018678665161,
            2.609854221343994,
            2.6058156490325928,
            2.6046605110168457,
            2.607999324798584,
            2.6106624603271484,
            2.6120595932006836,
            2.612945079803467,
            2.610539197921753
        ],
        "consenso": [
            12.008374214172363,
            4.588174819946289,
            3.7302732467651367,
            5.211760520935059,
            5.59465217590332,
            5.669319152832031,
            5.670711994171143,
            5.636352062225342,
            5.603231430053711,
            5.5602030754089355,
            5.485806941986084,
            5.41688346862793,
            5.328525066375732,
            5.226660251617432,
            5.135157585144043,
            5.044182300567627,
            4.922172546386719,
            4.858069896697998,
            4.748907566070557,
            4.619297504425049,
            4.528732776641846,
            4.3995819091796875,
            4.305318832397461,
            4.211772441864014,
            4.097908020019531,
            4.016127586364746,
            3.9112110137939453,
            3.8404176235198975,
            3.751821517944336,
            3.6653566360473633,
            3.5939197540283203,
            3.538076639175415,
            3.4572653770446777,
            3.4081931114196777,
            3.362290143966675,
            3.314481019973755,
            3.2642955780029297,
            3.225147008895874,
            3.1916756629943848,
            3.1459147930145264,
            3.1268486976623535,
            3.0973756313323975,
            3.0612447261810303,
            3.044491767883301,
            3.0363359451293945,
            3.0185935497283936,
            3.0109376907348633,
            2.9916446208953857,
            2.976372241973877,
            2.962625741958618
        ],
        "mse": [
            232.1902313232422,
            36.420555114746094,
            25.82743263244629,
            44.93526077270508,
            51.431617736816406,
            53.001380920410156,
            53.18649673461914,
            52.70743942260742,
            52.229618072509766,
            51.575984954833984,
            50.39145278930664,
            49.312496185302734,
            47.9295768737793,
            46.35066223144531,
            44.95610809326172,
            43.59232711791992,
            41.76704788208008,
            40.84482192993164,
            39.249603271484375,
            37.395164489746094,
            36.141544342041016,
            34.36635971069336,
            33.08501434326172,
            31.831506729125977,
            30.340116500854492,
            29.292654037475586,
            27.980449676513672,
            27.130786895751953,
            26.092947006225586,
            25.10744857788086,
            24.317007064819336,
            23.713768005371094,
            22.85618782043457,
            22.345314025878906,
            21.887615203857422,
            21.433086395263672,
            20.980945587158203,
            20.641122817993164,
            20.358837127685547,
            19.984676361083984,
            19.834413528442383,
            19.610090255737305,
            19.346498489379883,
            19.23179054260254,
            19.178417205810547,
            19.06565284729004,
            19.019208908081055,
            18.90203285217285,
            18.8133544921875,
            18.73323631286621
        ],
        "mae": [
            12.008374214172363,
            4.588174819946289,
            3.7302732467651367,
            5.211760520935059,
            5.59465217590332,
            5.669319152832031,
            5.670711994171143,
            5.636352062225342,
            5.603231430053711,
            5.5602030754089355,
            5.485806941986084,
            5.41688346862793,
            5.328525066375732,
            5.226660251617432,
            5.135157585144043,
            5.044182300567627,
            4.922172546386719,
            4.858069896697998,
            4.748907566070557,
            4.619297504425049,
            4.528732776641846,
            4.3995819091796875,
            4.305318832397461,
            4.211772441864014,
            4.097908020019531,
            4.016127586364746,
            3.9112110137939453,
            3.8404176235198975,
            3.751821517944336,
            3.6653566360473633,
            3.5939197540283203,
            3.538076639175415,
            3.4572653770446777,
            3.4081931114196777,
            3.362290143966675,
            3.314481019973755,
            3.2642955780029297,
            3.225147008895874,
            3.1916756629943848,
            3.1459147930145264,
            3.1268486976623535,
            3.0973756313323975,
            3.0612447261810303,
            3.044491767883301,
            3.0363359451293945,
            3.0185935497283936,
            3.0109376907348633,
            2.9916446208953857,
            2.976372241973877,
            2.962625741958618
        ],
        "accuracy": [
            0.0014124293811619282,
            0.0007062146905809641,
            0.0007062146905809641,
            0.0007062146905809641,
            0.0007062146905809641,
            0.0,
            0.0,
            0.0,
            0.0,
            0.0,
            0.0,
            0.0,
            0.0,
            0.0,
            0.0,
            0.0,
            0.0,
            0.0,
            0.0,
            0.0,
            0.0,
            0.0,
            0.0,
            0.0,
            0.0,
            0.0,
            0.0,
            0.0,
            0.0,
            0.0,
            0.0,
            0.0,
            0.0,
            0.0,
            0.0,
            0.0,
            0.0,
            0.0,
            0.0,
            0.0,
            0.0,
            0.0,
            0.0,
            0.0,
            0.0,
            0.0,
            0.0,
            0.0,
            0.0,
            0.0
        ]
    }
}