{
    "Federated": {
        "loss": [
            4.075309753417969,
            3.9402942657470703,
            2.8325650691986084,
            2.7908613681793213,
            2.7067034244537354,
            2.642831325531006,
            2.6223907470703125,
            2.5835938453674316,
            2.5724234580993652,
            2.5775439739227295,
            2.582582712173462,
            2.585211992263794,
            2.590596914291382,
            2.5994694232940674,
            2.6019608974456787
        ],
        "consenso": [
            12.24501895904541,
            6.414738655090332,
            6.143239498138428,
            5.53570556640625,
            4.957609176635742,
            4.477964878082275,
            3.9817731380462646,
            3.6422781944274902,
            3.398986339569092,
            3.2319254875183105,
            3.1350765228271484,
            3.0074808597564697,
            2.9692132472991943,
            2.922790050506592,
            2.9014580249786377
        ]
    }
}