{
    "Federated": {
        "loss": [
            3.8837854862213135,
            3.505856513977051,
            2.5460705757141113,
            2.471083164215088,
            2.3901326656341553,
            2.350158214569092,
            2.323925733566284,
            2.28113055229187,
            2.2714200019836426,
            2.2757084369659424,
            2.2868576049804688,
            2.2974348068237305,
            2.310091495513916,
            2.320552349090576,
            2.327016830444336
        ],
        "consenso": [
            7.859813213348389,
            4.576351165771484,
            4.281179904937744,
            3.823521137237549,
            3.4178779125213623,
            3.0909299850463867,
            2.7544004917144775,
            2.5291314125061035,
            2.3690381050109863,
            2.270350456237793,
            2.2205402851104736,
            2.1601645946502686,
            2.144890308380127,
            2.126465082168579,
            2.1215097904205322
        ]
    }
}