{
    "Federated": {
        "loss": [
            14.77409839630127,
            16.926490783691406,
            8.84186840057373,
            6.941514492034912,
            6.697633743286133,
            6.567549705505371,
            6.478427410125732,
            6.398159503936768,
            6.318648338317871,
            6.229925155639648,
            6.1526408195495605,
            6.076027870178223,
            5.9960737228393555,
            5.928689002990723,
            5.8531599044799805,
            5.766602993011475,
            5.698155403137207,
            5.630559921264648,
            5.564999580383301,
            5.488796710968018,
            5.431140899658203,
            5.372977256774902,
            5.306574821472168,
            5.243855953216553,
            5.194779396057129
        ],
        "consenso": [
            16.457059860229492,
            8.215940475463867,
            6.054192543029785,
            6.339567184448242,
            6.435032367706299,
            6.423927307128906,
            6.3993425369262695,
            6.362873554229736,
            6.320627689361572,
            6.257074356079102,
            6.209111213684082,
            6.158448696136475,
            6.092192649841309,
            6.0204386711120605,
            5.959995269775391,
            5.8913655281066895,
            5.822274684906006,
            5.75841760635376,
            5.687982559204102,
            5.625086784362793,
            5.558693885803223,
            5.489528656005859,
            5.442238807678223,
            5.381244659423828,
            5.3040666580200195
        ],
        "mse": [
            617.6567993164062,
            198.15625,
            84.60964965820312,
            82.57878875732422,
            84.53800964355469,
            84.90026092529297,
            84.76813507080078,
            84.40589904785156,
            83.9446792602539,
            83.02305603027344,
            82.4804458618164,
            81.90508270263672,
            80.99894714355469,
            79.9962158203125,
            79.30400085449219,
            78.45111083984375,
            77.6009750366211,
            76.90628814697266,
            76.0399398803711,
            75.3284912109375,
            74.5183334350586,
            73.62560272216797,
            73.22676086425781,
            72.48825073242188,
            71.36021423339844
        ],
        "mae": [
            16.457059860229492,
            8.215940475463867,
            6.054192543029785,
            6.339567184448242,
            6.435032844543457,
            6.423927307128906,
            6.3993425369262695,
            6.362873554229736,
            6.320627689361572,
            6.257074356079102,
            6.209111213684082,
            6.158448696136475,
            6.092192649841309,
            6.0204386711120605,
            5.959995269775391,
            5.8913655281066895,
            5.822274684906006,
            5.75841760635376,
            5.687982559204102,
            5.625086784362793,
            5.558693885803223,
            5.489528656005859,
            5.442238807678223,
            5.381244659423828,
            5.3040666580200195
        ],
        "accuracy": [
            0.0028248587623238564,
            0.0,
            0.0,
            0.0,
            0.0028248587623238564,
            0.0028248587623238564,
            0.0028248587623238564,
            0.0028248587623238564,
            0.0028248587623238564,
            0.0028248587623238564,
            0.0028248587623238564,
            0.0028248587623238564,
            0.0028248587623238564,
            0.0028248587623238564,
            0.0028248587623238564,
            0.0028248587623238564,
            0.0028248587623238564,
            0.0028248587623238564,
            0.0028248587623238564,
            0.0028248587623238564,
            0.0028248587623238564,
            0.0028248587623238564,
            0.0028248587623238564,
            0.0028248587623238564,
            0.0028248587623238564
        ]
    }
}