{
    "Federated": {
        "loss": [
            34.06643295288086,
            36.95726013183594,
            23.4534854888916,
            18.621681213378906,
            17.485246658325195,
            16.977930068969727,
            16.64695930480957,
            16.329801559448242,
            16.075803756713867,
            15.80178165435791,
            15.545537948608398,
            15.349191665649414,
            15.078645706176758,
            14.856042861938477,
            14.658027648925781,
            14.399914741516113,
            14.193985939025879,
            13.957479476928711,
            13.73618221282959,
            13.512406349182129,
            13.30564022064209,
            13.10757064819336,
            12.8555908203125,
            12.663125991821289,
            12.513541221618652
        ],
        "consenso": [
            31.453176498413086,
            18.60003662109375,
            12.979565620422363,
            12.513551712036133,
            12.432090759277344,
            12.343716621398926,
            12.248225212097168,
            12.152165412902832,
            12.052203178405762,
            11.93963623046875,
            11.8331937789917,
            11.725502967834473,
            11.609953880310059,
            11.492700576782227,
            11.382808685302734,
            11.269681930541992,
            11.155491828918457,
            11.044249534606934,
            10.928585052490234,
            10.817161560058594,
            10.7052640914917,
            10.591973304748535,
            10.489436149597168,
            10.381243705749512,
            10.267365455627441
        ],
        "mse": [
            2081.724853515625,
            958.5996704101562,
            499.7691650390625,
            407.2862243652344,
            381.6208801269531,
            367.2966613769531,
            356.2237854003906,
            346.5599060058594,
            337.6081237792969,
            329.7178649902344,
            321.5214538574219,
            313.662109375,
            306.4308166503906,
            299.51031494140625,
            292.4555358886719,
            285.8122253417969,
            279.40887451171875,
            273.1109313964844,
            267.2234802246094,
            261.50750732421875,
            256.11114501953125,
            251.0434112548828,
            246.0013885498047,
            241.4053192138672,
            237.25245666503906
        ],
        "mae": [
            31.453176498413086,
            18.60003662109375,
            12.979565620422363,
            12.513551712036133,
            12.432090759277344,
            12.343716621398926,
            12.248225212097168,
            12.152165412902832,
            12.052203178405762,
            11.93963623046875,
            11.8331937789917,
            11.725502967834473,
            11.609953880310059,
            11.492700576782227,
            11.382808685302734,
            11.269681930541992,
            11.155491828918457,
            11.044249534606934,
            10.928585052490234,
            10.817161560058594,
            10.7052640914917,
            10.591973304748535,
            10.489436149597168,
            10.381243705749512,
            10.267365455627441
        ],
        "accuracy": [
            0.0007062146905809641,
            0.0,
            0.0,
            0.0,
            0.0007062146905809641,
            0.0007062146905809641,
            0.0007062146905809641,
            0.0007062146905809641,
            0.0007062146905809641,
            0.0007062146905809641,
            0.0007062146905809641,
            0.0007062146905809641,
            0.0007062146905809641,
            0.0007062146905809641,
            0.0007062146905809641,
            0.0007062146905809641,
            0.0007062146905809641,
            0.0007062146905809641,
            0.0007062146905809641,
            0.0007062146905809641,
            0.0007062146905809641,
            0.0007062146905809641,
            0.0007062146905809641,
            0.0007062146905809641,
            0.0007062146905809641
        ]
    }
}