{
    "Federated": {
        "loss": [
            5.941243648529053,
            7.441730499267578,
            2.996321201324463,
            2.6275687217712402,
            2.8247885704040527,
            2.863295078277588,
            2.8527185916900635,
            2.840590715408325,
            2.826758861541748,
            2.8058507442474365,
            2.7744288444519043,
            2.7499399185180664,
            2.7399227619171143,
            2.6931917667388916,
            2.6810617446899414,
            2.6306698322296143,
            2.5991954803466797,
            2.572136878967285,
            2.543458938598633,
            2.512009620666504,
            2.496596336364746,
            2.4628615379333496,
            2.438840389251709,
            2.4206981658935547,
            2.401524066925049,
            2.385014533996582,
            2.3626561164855957,
            2.339238405227661,
            2.352632999420166,
            2.34252667427063,
            2.332301616668701,
            2.3216984272003174,
            2.3172411918640137,
            2.3257641792297363,
            2.3168325424194336,
            2.307704448699951,
            2.319302797317505,
            2.3187828063964844,
            2.3230857849121094,
            2.3183979988098145,
            2.328805685043335,
            2.320770502090454,
            2.328341245651245,
            2.319138526916504,
            2.326061964035034,
            2.3291263580322266,
            2.3290505409240723,
            2.3330447673797607,
            2.3370280265808105,
            2.333563804626465
        ],
        "consenso": [
            7.536832332611084,
            2.8908627033233643,
            2.9355475902557373,
            3.863661527633667,
            4.045872688293457,
            4.0410475730896,
            4.010964870452881,
            3.967745065689087,
            3.9307143688201904,
            3.8892111778259277,
            3.828376293182373,
            3.7718236446380615,
            3.703970193862915,
            3.62754487991333,
            3.5590691566467285,
            3.4919660091400146,
            3.404447555541992,
            3.355390787124634,
            3.2765257358551025,
            3.185074806213379,
            3.120218276977539,
            3.0306241512298584,
            2.9621777534484863,
            2.8944082260131836,
            2.8146047592163086,
            2.755905866622925,
            2.682847738265991,
            2.633423089981079,
            2.5737688541412354,
            2.5156607627868652,
            2.467205047607422,
            2.4300434589385986,
            2.3775501251220703,
            2.3462188243865967,
            2.318239688873291,
            2.290372371673584,
            2.2632429599761963,
            2.2429556846618652,
            2.2263295650482178,
            2.204608201980591,
            2.1960277557373047,
            2.183353900909424,
            2.1681969165802,
            2.1620705127716064,
            2.159475803375244,
            2.1534390449523926,
            2.151111364364624,
            2.1445376873016357,
            2.139425277709961,
            2.134493350982666
        ],
        "mse": [
            122.66134643554688,
            20.515283584594727,
            17.288009643554688,
            27.965333938598633,
            31.163246154785156,
            31.684961318969727,
            31.566436767578125,
            31.14266586303711,
            30.765113830566406,
            30.30829620361328,
            29.576074600219727,
            28.907875061035156,
            28.084182739257812,
            27.155614852905273,
            26.338157653808594,
            25.540372848510742,
            24.48675537109375,
            23.943450927734375,
            23.029457092285156,
            21.971824645996094,
            21.25200653076172,
            20.24732208251953,
            19.51618003845215,
            18.805238723754883,
            17.966333389282227,
            17.372039794921875,
            16.632381439208984,
            16.15281867980957,
            15.571310043334961,
            15.02306079864502,
            14.580810546875,
            14.246158599853516,
            13.771655082702637,
            13.490140914916992,
            13.238473892211914,
            12.991578102111816,
            12.742971420288086,
            12.560673713684082,
            12.407855987548828,
            12.204872131347656,
            12.125102996826172,
            12.00473690032959,
            11.860774040222168,
            11.799647331237793,
            11.772486686706543,
            11.712479591369629,
            11.688223838806152,
            11.623321533203125,
            11.573844909667969,
            11.528654098510742
        ],
        "mae": [
            7.536832332611084,
            2.8908627033233643,
            2.9355475902557373,
            3.863661527633667,
            4.045872688293457,
            4.0410475730896,
            4.010964870452881,
            3.967745065689087,
            3.9307143688201904,
            3.8892111778259277,
            3.828376293182373,
            3.7718236446380615,
            3.703970193862915,
            3.62754487991333,
            3.5590691566467285,
            3.4919660091400146,
            3.404447555541992,
            3.355390787124634,
            3.2765257358551025,
            3.185074806213379,
            3.120218276977539,
            3.0306241512298584,
            2.9621777534484863,
            2.8944082260131836,
            2.8146047592163086,
            2.755905866622925,
            2.682847738265991,
            2.633423089981079,
            2.5737688541412354,
            2.5156607627868652,
            2.467205047607422,
            2.4300434589385986,
            2.3775501251220703,
            2.3462188243865967,
            2.318239688873291,
            2.290372371673584,
            2.2632429599761963,
            2.2429556846618652,
            2.2263295650482178,
            2.204608201980591,
            2.1960277557373047,
            2.183353900909424,
            2.1681969165802,
            2.1620705127716064,
            2.159475803375244,
            2.1534390449523926,
            2.151111364364624,
            2.1445376873016357,
            2.139425277709961,
            2.134493350982666
        ],