{
    "Federated": {
        "loss": [
            14.654688835144043,
            16.067214965820312,
            8.702676773071289,
            7.034285068511963,
            6.803380489349365,
            6.679699897766113,
            6.580921173095703,
            6.481607913970947,
            6.406244277954102,
            6.311685085296631,
            6.228728294372559,
            6.129620552062988,
            6.048323154449463,
            5.967792510986328,
            5.896530628204346,
            5.818650722503662,
            5.724108695983887,
            5.646714210510254,
            5.582492351531982,
            5.507584571838379,
            5.431779861450195,
            5.370047569274902,
            5.3088178634643555,
            5.243102550506592,
            5.186359405517578,
            5.138060569763184,
            5.0843706130981445,
            5.047987461090088,
            5.014083385467529,
            4.969323635101318,
            4.947216510772705,
            4.925937175750732,
            4.902431964874268,
            4.906929969787598,
            4.880725383758545,
            4.879502773284912,
            4.871521949768066,
            4.859561920166016,
            4.852967262268066,
            4.855885982513428,
            4.849940299987793,
            4.858166694641113,
            4.853886127471924,
            4.860905170440674,
            4.862029552459717,
            4.86922025680542,
            4.881553649902344,
            4.882015228271484,
            4.884547233581543,
            4.888658046722412
        ],
        "consenso": [
            16.06464958190918,
            7.971814155578613,
            6.142043113708496,
            6.434936046600342,
            6.527338981628418,
            6.512877941131592,
            6.478158950805664,
            6.4308061599731445,
            6.385494709014893,
            6.336193561553955,
            6.271356105804443,
            6.210274696350098,
            6.140178203582764,
            6.063417911529541,
            5.992790222167969,
            5.92281436920166,
            5.836063861846924,
            5.7818284034729,
            5.704455852508545,
            5.618200302124023,
            5.556975841522217,
            5.475275993347168,
            5.415246486663818,
            5.3582258224487305,
            5.290908336639404,
            5.244063854217529,
            5.186962127685547,
            5.152472496032715,
            5.109379768371582,
            5.068800449371338,
            5.037903308868408,
            5.017560005187988,
            4.9779863357543945,
            4.960072994232178,
            4.947152614593506,
            4.934428691864014,
            4.919528961181641,
            4.915920257568359,
            4.916096210479736,
            4.903228282928467,
            4.91335916519165,
            4.9121856689453125,
            4.902149677276611,
            4.908494472503662,
            4.921432018280029,
            4.923521041870117,
            4.9337568283081055,
            4.9296441078186035,
            4.928225040435791,
            4.925637245178223
        ],
        "mse": [
            593.7911376953125,
            188.8851776123047,
            85.99837493896484,
            84.30720520019531,
            86.09452056884766,
            86.2722396850586,
            85.9253158569336,
            85.29309844970703,
            84.75086212158203,
            84.16373443603516,
            83.2730484008789,
            82.49860382080078,
            81.55239868164062,
            80.48716735839844,
            79.6021499633789,
            78.7729721069336,
            77.586669921875,
            77.19688415527344,
            76.25957489013672,
            75.08755493164062,
            74.48115539550781,
            73.38855743408203,
            72.76423645019531,
            72.17829895019531,
            71.33042907714844,
            70.92890930175781,
            70.2211685180664,
            70.01084899902344,
            69.55567169189453,
            69.11421966552734,
            68.86590576171875,
            68.8309326171875,
            68.36504364013672,
            68.3500747680664,
            68.36772918701172,
            68.333740234375,
            68.20719909667969,
            68.2273941040039,
            68.28691101074219,
            68.07353210449219,
            68.28447723388672,
            68.26151275634766,
            68.04499053955078,
            68.1637191772461,
            68.42210388183594,
            68.45339965820312,
            68.65733337402344,
            68.5579833984375,
            68.5101547241211,
            68.44084167480469
        ],
        "mae": [
            16.06464958190918,
            7.971814155578613,
            6.142043113708496,
            6.434936046600342,
            6.527338981628418,
            6.512877941131592,
            6.478158950805664,
            6.4308061599731445,
            6.385494709014893,
            6.336193561553955,
            6.271356105804443,
            6.210274696350098,
            6.140178203582764,
            6.063417911529541,
            5.992790222167969,
            5.92281436920166,
            5.836063861846924,
            5.7818284034729,
            5.704455852508545,
            5.618200302124023,
            5.556975841522217,
            5.475275993347168,
            5.415246486663818,
            5.3582258224487305,
            5.290908336639404,
            5.244063854217529,
            5.186962127685547,
            5.152472496032715,
            5.109379768371582,
            5.068800449371338,
            5.037903308868408,
            5.017560005187988,
            4.9779863357543945,
            4.960072994232178,
            4.947152614593506,
            4.934428691864014,
            4.919528961181641,
            4.915920257568359,
            4.916096210479736,
            4.903228282928467,
            4.91335916519165,
            4.9121856689453125,
            4.902149677276611,
            4.908494472503662,
            4.921432018280029,
            4.923521041870117,
            4.9337568283081055,
            4.9296441078186035,
            4.928225040435791,
            4.925637245178223
        ],