{
    "Federated": {
        "loss": [
            11.711256980895996,
            8.839677810668945,
            6.62217903137207,
            6.203046798706055,
            5.850082874298096,
            5.531214714050293,
            5.283316612243652,
            5.076965808868408,
            4.955625057220459,
            4.882927417755127,
            4.851904392242432,
            4.847898483276367,
            4.8481764793396,
            4.8603739738464355,
            4.8688249588012695
        ],
        "consenso": [
            16.653133392333984,
            7.030145645141602,
            6.747587203979492,
            6.310105323791504,
            5.909008026123047,
            5.590420722961426,
            5.291201591491699,
            5.106621742248535,
            4.993735313415527,
            4.941524028778076,
            4.953780174255371,
            4.924129009246826,
            4.957258224487305,
            4.954826831817627,
            4.967113018035889
        ]
    }
}