{
    "Federated": {
        "loss": [
            110.79719543457031,
            114.83811950683594,
            94.12513732910156,
            83.53559875488281,
            80.01947784423828,
            78.41273498535156,
            77.36105346679688,
            76.4415054321289,
            75.58789825439453,
            74.68896484375,
            73.8978042602539,
            73.07051086425781,
            72.38408660888672,
            71.72321319580078,
            71.08457946777344,
            70.3414535522461,
            69.6595230102539,
            68.9139175415039,
            68.18096160888672,
            67.5972671508789,
            66.90495300292969,
            66.22211456298828,
            65.67328643798828,
            64.9500961303711,
            64.39014434814453,
            63.83190155029297,
            63.15315246582031,
            62.563079833984375,
            62.03474426269531,
            61.41513442993164,
            60.902915954589844,
            60.381595611572266,
            59.8754768371582,
            59.508140563964844,
            59.00743103027344,
            58.47481155395508,
            58.00103759765625,
            57.56184005737305,
            57.32621765136719,
            56.96183776855469,
            56.686004638671875,
            56.22687530517578,
            55.88125228881836,
            55.59934997558594,
            55.35110855102539,
            55.00208282470703,
            54.81965255737305,
            54.53177261352539,
            54.26615524291992,
            54.05887985229492
        ],
        "consenso": [
            78.57732391357422,
            60.09593963623047,
            49.956031799316406,
            47.060028076171875,
            45.979854583740234,
            45.323665618896484,
            44.78004837036133,
            44.28713607788086,
            43.797908782958984,
            43.316062927246094,
            42.866600036621094,
            42.409053802490234,
            41.97260284423828,
            41.546348571777344,
            41.10947036743164,
            40.67342758178711,
            40.27009582519531,
            39.812774658203125,
            39.40550994873047,
            39.03083419799805,
            38.622554779052734,
            38.25612258911133,
            37.86691665649414,
            37.48427200317383,
            37.13542175292969,
            36.76692581176758,
            36.4319953918457,
            36.08174514770508,
            35.75940704345703,
            35.455692291259766,
            35.1538200378418,
            34.85291290283203,
            34.599510192871094,
            34.3281364440918,
            34.067047119140625,
            33.825252532958984,
            33.605987548828125,
            33.38932418823242,
            33.18062210083008,
            33.005096435546875,
            32.807525634765625,
            32.638370513916016,
            32.49307632446289,
            32.331356048583984,
            32.165489196777344,
            32.02850341796875,
            31.886371612548828,
            31.777233123779297,
            31.667783737182617,
            31.56766128540039
        ],
        "mse": [
            13364.83203125,
            9450.1669921875,
            7233.03369140625,
            6504.28369140625,
            6223.30224609375,
            6052.89208984375,
            5915.47900390625,
            5792.93896484375,
            5671.95947265625,
            5554.0830078125,
            5445.48779296875,
            5335.505859375,
            5231.03369140625,
            5130.4326171875,
            5027.36328125,
            4925.03125,
            4832.02783203125,
            4724.42919921875,
            4630.46630859375,
            4544.35888671875,
            4448.9794921875,
            4366.60791015625,
            4277.50048828125,
            4190.6748046875,
            4113.21533203125,
            4029.92578125,
            3956.199951171875,
            3876.69775390625,
            3805.466552734375,
            3738.375,
            3671.002197265625,
            3603.31103515625,
            3548.91455078125,
            3488.56982421875,
            3430.66064453125,
            3377.78466796875,
            3330.412109375,
            3283.347900390625,
            3238.156005859375,
            3201.635986328125,
            3158.630615234375,
            3123.12158203125,
            3093.764404296875,
            3059.468994140625,
            3023.870849609375,
            2995.26318359375,
            2964.393310546875,
            2941.759765625,
            2918.956787109375,
            2898.182861328125
        ],
        "mae": [
            78.57732391357422,
            60.09593963623047,
            49.956031799316406,
            47.060028076171875,
            45.979854583740234,
            45.323665618896484,
            44.78004837036133,
            44.28713607788086,
            43.797908782958984,
            43.316062927246094,
            42.866600036621094,
            42.409053802490234,
            41.97260284423828,
            41.546348571777344,
            41.10947036743164,
            40.67342758178711,
            40.27009582519531,
            39.812774658203125,
            39.40550994873047,
            39.03083419799805,
            38.622554779052734,
            38.25612258911133,
            37.86691665649414,
            37.48427200317383,
            37.13542175292969,
            36.76692581176758,
            36.4319953918457,
            36.08174514770508,
            35.75940704345703,
            35.455692291259766,
            35.1538200378418,
            34.85291290283203,
            34.599510192871094,
            34.3281364440918,
            34.067047119140625,
            33.825252532958984,
            33.605987548828125,
            33.38932418823242,
            33.18062210083008,
            33.005096435546875,
            32.807525634765625,
            32.638370513916016,
            32.49307632446289,
            32.331356048583984,
            32.165489196777344,
            32.02850341796875,
            31.886371612548828,
            31.777233123779297,
            31.667783737182617,
            31.56766128540039
        ],
        "accuracy": [
            0.0,
            0.0,
            0.0,
            0.0,
            0.0,
            0.0,
            0.0,
            0.0,
            0.0,
            0.0,
            0.0,
            0.0,
            0.0,
            0.0,
            0.0,
            0.0,
            0.0,
            0.0,
            0.0,
            0.0,
            0.0,
            0.0,
            0.0,
            0.0,
            0.0,
            0.0,
            0.0,
            0.0,
            0.0,
            0.0,
            0.0,
            0.0,
            0.0,
            0.0,
            0.0,
            0.0,
            0.0,
            0.0,
            0.0,
            0.0,
            0.0,
            0.0,
            0.0,
            0.0,
            0.0,
            0.0,
            0.0,
            0.0,
            0.0,
            0.0
        ]
    }
}