{
    "Federated": {
        "loss": [
            112.61489868164062,
            115.8891830444336,
            94.34661102294922,
            83.00035095214844,
            79.35535430908203,
            77.84890747070312,
            76.71378326416016,
            75.72130584716797,
            74.97819519042969,
            74.28646087646484,
            73.4706039428711,
            72.72769927978516,
            71.98068237304688,
            71.24600219726562,
            70.72261047363281,
            69.97237396240234,
            69.26331329345703,
            68.66063690185547,
            67.9752426147461,
            67.3953628540039,
            66.82135772705078,
            66.07926177978516,
            65.50021362304688,
            64.88018798828125,
            64.31121826171875
        ],
        "consenso": [
            79.35826873779297,
            60.52922439575195,
            49.697418212890625,
            46.64862060546875,
            45.58354949951172,
            44.93914794921875,
            44.41032791137695,
            43.93264389038086,
            43.47344970703125,
            43.06501770019531,
            42.62270736694336,
            42.18954086303711,
            41.786827087402344,
            41.39336013793945,
            40.97336196899414,
            40.573307037353516,
            40.176761627197266,
            39.76992416381836,
            39.388587951660156,
            39.00791931152344,
            38.6365852355957,
            38.27926254272461,
            37.894344329833984,
            37.54137420654297,
            37.22871017456055
        ],
        "mse": [
            13536.3984375,
            9520.4765625,
            7169.83251953125,
            6407.92724609375,
            6130.21630859375,
            5962.8798828125,
            5829.01220703125,
            5709.3828125,
            5595.99755859375,
            5497.03076171875,
            5389.3310546875,
            5283.92919921875,
            5187.66064453125,
            5094.71484375,
            4995.056640625,
            4900.8203125,
            4808.1689453125,
            4713.46142578125,
            4624.56298828125,
            4534.689453125,
            4448.73193359375,
            4367.30712890625,
            4278.0068359375,
            4198.4541015625,
            4129.98046875
        ],
        "mae": [
            79.35826873779297,
            60.52922439575195,
            49.697418212890625,
            46.64862060546875,
            45.58354949951172,
            44.93914794921875,
            44.41032791137695,
            43.93264389038086,
            43.47344970703125,
            43.06501770019531,
            42.62270736694336,
            42.18954086303711,
            41.786827087402344,
            41.39336013793945,
            40.97336196899414,
            40.573307037353516,
            40.176761627197266,
            39.76992416381836,
            39.388587951660156,
            39.00791931152344,
            38.6365852355957,
            38.27926254272461,
            37.894344329833984,
            37.54137420654297,
            37.22871017456055
        ],
        "accuracy": [
            0.0,
            0.0,
            0.0,
            0.0,
            0.0,
            0.0,
            0.0,
            0.0,
            0.0,
            0.0,
            0.0,
            0.0,
            0.0,
            0.0,
            0.0,
            0.0,
            0.0,
            0.0,
            0.0,
            0.0,
            0.0,
            0.0,
            0.0,
            0.0,
            0.0
        ]
    }
}