{
    "Federated": {
        "loss": [
            32.03349685668945,
            34.563636779785156,
            21.038726806640625,
            16.165800094604492,
            14.951386451721191,
            14.450359344482422,
            14.09287166595459,
            13.820259094238281,
            13.54053783416748,
            13.303982734680176,
            13.093729019165039,
            12.845067024230957,
            12.608282089233398,
            12.388115882873535,
            12.149991035461426,
            11.97777271270752,
            11.742879867553711,
            11.569034576416016,
            11.385451316833496,
            11.169181823730469,
            10.967074394226074,
            10.782003402709961,
            10.597661972045898,
            10.405162811279297,
            10.238969802856445
        ],
        "consenso": [
            30.349910736083984,
            17.68991470336914,
            12.390183448791504,
            11.851685523986816,
            11.711221694946289,
            11.590203285217285,
            11.483735084533691,
            11.381406784057617,
            11.279396057128906,
            11.17034912109375,
            11.065872192382812,
            10.961277961730957,
            10.851204872131348,
            10.73925495147705,
            10.63271713256836,
            10.52463436126709,
            10.417282104492188,
            10.312752723693848,
            10.206951141357422,
            10.105871200561523,
            10.005228042602539,
            9.906343460083008,
            9.817951202392578,
            9.726253509521484,
            9.631431579589844
        ],
        "mse": [
            1827.4896240234375,
            776.2808227539062,
            368.45184326171875,
            295.5916442871094,
            277.71728515625,
            268.25604248046875,
            261.1466064453125,
            255.0426788330078,
            249.45753479003906,
            244.5273895263672,
            239.53411865234375,
            234.8018798828125,
            230.4287567138672,
            226.2568359375,
            222.13345336914062,
            218.2560272216797,
            214.5629425048828,
            211.0281982421875,
            207.70777893066406,
            204.58163452148438,
            201.6353302001953,
            198.86648559570312,
            196.36480712890625,
            193.98377990722656,
            191.66856384277344
        ],
        "mae": [
            30.349910736083984,
            17.68991470336914,
            12.390183448791504,
            11.851685523986816,
            11.711221694946289,
            11.590203285217285,
            11.483735084533691,
            11.381406784057617,
            11.279396057128906,
            11.17034912109375,
            11.065872192382812,
            10.961277961730957,
            10.851204872131348,
            10.73925495147705,
            10.63271713256836,
            10.52463436126709,
            10.417282104492188,
            10.312752723693848,
            10.206951141357422,
            10.105871200561523,
            10.005228042602539,
            9.906343460083008,
            9.817951202392578,
            9.726253509521484,
            9.631431579589844
        ],
        "accuracy": [
            0.0,
            0.0,
            0.0,
            0.0,
            0.0,
            0.0,
            0.0,
            0.0,
            0.0,
            0.0,
            0.0,
            0.0,
            0.0,
            0.0,
            0.0,
            0.0,
            0.0,
            0.0,
            0.0,
            0.0,
            0.0,
            0.0,
            0.0,
            0.0,
            0.0
        ]
    }
}