{
    "Federated": {
        "loss": [
            24.599706649780273,
            18.36825180053711,
            13.89780044555664,
            12.889677047729492,
            11.91777229309082,
            11.060324668884277,
            10.318521499633789,
            9.72242259979248,
            9.230792999267578,
            8.867070198059082,
            8.590408325195312,
            8.378463745117188,
            8.264721870422363,
            8.161871910095215,
            8.074323654174805
        ],
        "consenso": [
            30.62213897705078,
            12.241451263427734,
            11.684284210205078,
            11.091370582580566,
            10.536401748657227,
            10.052179336547852,
            9.63817310333252,
            9.330259323120117,
            9.114749908447266,
            8.966582298278809,
            8.868793487548828,
            8.779436111450195,
            8.739895820617676,
            8.703017234802246,
            8.681143760681152
        ]
    }
}