{
    "Federated": {
        "loss": [
            31.192415237426758,
            33.94337463378906,
            20.941123962402344,
            16.407020568847656,
            15.207503318786621,
            14.705597877502441,
            14.38882827758789,
            14.105738639831543,
            13.78486156463623,
            13.541413307189941,
            13.252671241760254,
            12.978392601013184,
            12.793018341064453,
            12.542962074279785,
            12.286623001098633,
            12.075902938842773,
            11.864969253540039,
            11.654404640197754,
            11.398923873901367,
            11.190967559814453,
            11.00247573852539,
            10.80782699584961,
            10.613136291503906,
            10.40379810333252,
            10.245654106140137,
            10.071762084960938,
            9.914935111999512,
            9.759645462036133,
            9.60756778717041,
            9.483552932739258,
            9.304598808288574,
            9.208224296569824,
            9.072807312011719,
            8.984766960144043,
            8.889435768127441,
            8.78577709197998,
            8.711012840270996,
            8.627538681030273,
            8.573867797851562,
            8.507715225219727,
            8.44914722442627,
            8.387362480163574,
            8.331077575683594,
            8.292134284973145,
            8.265713691711426,
            8.232107162475586,
            8.18439769744873,
            8.162898063659668,
            8.13840389251709,
            8.110764503479004
        ],
        "consenso": [
            29.786693572998047,
            17.32939338684082,
            12.485197067260742,
            11.987892150878906,
            11.843348503112793,
            11.715909957885742,
            11.598649024963379,
            11.486111640930176,
            11.375523567199707,
            11.264296531677246,
            11.147216796875,
            11.032591819763184,
            10.913992881774902,
            10.793513298034668,
            10.675580978393555,
            10.560603141784668,
            10.441402435302734,
            10.336030960083008,
            10.222062110900879,
            10.108122825622559,
            10.005742073059082,
            9.898184776306152,
            9.80051040649414,
            9.706809997558594,
            9.613655090332031,
            9.531797409057617,
            9.449150085449219,
            9.386104583740234,
            9.321675300598145,
            9.259239196777344,
            9.205045700073242,
            9.159295082092285,
            9.10742473602295,
            9.06937313079834,
            9.03447437286377,
            8.999846458435059,
            8.965963363647461,
            8.937566757202148,
            8.912632942199707,
            8.882413864135742,
            8.866267204284668,
            8.84539794921875,
            8.820972442626953,
            8.80683422088623,
            8.798529624938965,
            8.785234451293945,
            8.778238296508789,
            8.764167785644531,
            8.752567291259766,
            8.741032600402832
        ],
        "mse": [
            1774.5946044921875,
            753.7385864257812,
            373.4493713378906,
            303.3079528808594,
            284.6304626464844,
            274.61944580078125,
            266.98760986328125,
            260.40185546875,
            254.195068359375,
            248.35986328125,
            243.0199737548828,
            237.8486328125,
            232.992919921875,
            228.38299560546875,
            223.91622924804688,
            219.6654052734375,
            215.69151306152344,
            211.8364715576172,
            208.26229858398438,
            204.90989685058594,
            201.77838134765625,
            198.8177947998047,
            196.1240997314453,
            193.65040588378906,
            191.32571411132812,
            189.32687377929688,
            187.41029357910156,
            185.88096618652344,
            184.41627502441406,
            183.11329650878906,
            182.0708770751953,
            181.29730224609375,
            180.37261962890625,
            179.86021423339844,
            179.48263549804688,
            179.14878845214844,
            178.82591247558594,
            178.67025756835938,
            178.62368774414062,
            178.33563232421875,
            178.52540588378906,
            178.48744201660156,
            178.2541961669922,
            178.41268920898438,
            178.77871704101562,
            178.85508728027344,
            179.18931579589844,
            179.11390686035156,
            179.11114501953125,
            179.06239318847656
        ],
        "mae": [
            29.786693572998047,
            17.32939338684082,
            12.485197067260742,
            11.987892150878906,
            11.843348503112793,
            11.715909957885742,
            11.598649024963379,
            11.486111640930176,
            11.375523567199707,
            11.264296531677246,
            11.147216796875,
            11.032591819763184,
            10.913992881774902,
            10.793513298034668,
            10.675580978393555,
            10.560603141784668,
            10.441402435302734,
            10.336030960083008,
            10.222062110900879,
            10.108122825622559,
            10.005742073059082,
            9.898184776306152,
            9.80051040649414,
            9.706809997558594,
            9.613655090332031,
            9.531797409057617,
            9.449150085449219,
            9.386104583740234,
            9.321675300598145,
            9.259239196777344,
            9.205045700073242,
            9.159295082092285,
            9.10742473602295,
            9.06937313079834,
            9.03447437286377,
            8.999846458435059,
            8.965963363647461,
            8.937566757202148,
            8.912632942199707,
            8.882413864135742,
            8.866267204284668,
            8.84539794921875,
            8.820972442626953,
            8.80683422088623,
            8.798529624938965,
            8.785234451293945,
            8.778238296508789,
            8.764167785644531,
            8.752567291259766,
            8.741032600402832
        ],
        "accuracy": [
            0.0,
            0.0,
            0.0,
            0.0,
            0.0,
            0.0,
            0.0,
            0.0,
            0.0,
            0.0,
            0.0,
            0.0,
            0.0,
            0.0,
            0.0,
            0.0,
            0.0,
            0.0,
            0.0,
            0.0,
            0.0,
            0.0,
            0.0,
            0.0,
            0.0,
            0.0,
            0.0,
            0.0,
            0.0,
            0.0,
            0.0,
            0.0,
            0.0,
            0.0,
            0.0,
            0.0,
            0.0,
            0.0,
            0.0,
            0.0,
            0.0,
            0.0,
            0.0,
            0.0,
            0.0,
            0.0,
            0.0,
            0.0,
            0.0,
            0.0
        ]
    }
}