{
    "Federated": {
        "loss": [
            4.103147983551025,
            4.816259860992432,
            2.651231288909912,
            2.0194008350372314,
            1.7951442003250122,
            1.6112706661224365,
            1.5291200876235962,
            1.4808809757232666,
            1.452296495437622,
            1.4356582164764404,
            1.4192155599594116,
            1.400604486465454,
            1.3845062255859375,
            1.364720106124878,
            1.3454276323318481,
            1.3263579607009888,
            1.3066747188568115,
            1.286616325378418,
            1.2654720544815063,
            1.2550139427185059,
            1.2336667776107788,
            1.2157905101776123,
            1.2037285566329956,
            1.1877849102020264,
            1.1686928272247314,
            1.161186695098877,
            1.153958797454834,
            1.1466730833053589,
            1.1333909034729004,
            1.1288120746612549,
            1.1307915449142456,
            1.1224008798599243,
            1.1295390129089355,
            1.1202346086502075,
            1.118714690208435,
            1.1178181171417236,
            1.1153345108032227,
            1.113136887550354,
            1.1197048425674438,
            1.1222394704818726,
            1.1202967166900635,
            1.1209815740585327,
            1.1275495290756226,
            1.1204537153244019,
            1.132136344909668,
            1.141614556312561,
            1.139622688293457,
            1.137584924697876,
            1.1578783988952637,
            1.1489030122756958
        ],
        "consenso": [
            43.71241760253906,
            27.809497833251953,
            19.405000686645508,
            17.485618591308594,
            16.84918785095215,
            16.456485748291016,
            16.143205642700195,
            15.863448143005371,
            15.591771125793457,
            15.32708740234375,
            15.07945728302002,
            14.829645156860352,
            14.587930679321289,
            14.353784561157227,
            14.119606971740723,
            13.887198448181152,
            13.670719146728516,
            13.430904388427734,
            13.21456241607666,
            13.010554313659668,
            12.792724609375,
            12.595866203308105,
            12.389201164245605,
            12.191414833068848,
            12.013162612915039,
            11.829917907714844,
            11.662312507629395,
            11.492264747619629,
            11.336930274963379,
            11.190349578857422,
            11.048726081848145,
            10.909640312194824,
            10.792769432067871,
            10.672650337219238,
            10.559985160827637,
            10.458921432495117,
            10.368742942810059,
            10.284693717956543,
            10.205322265625,
            10.138527870178223,
            10.069103240966797,
            10.010339736938477,
            9.960535049438477,
            9.909828186035156,
            9.86008358001709,
            9.818511009216309,
            9.777921676635742,
            9.745128631591797,
            9.713883399963379,
            9.685932159423828
        ],
        "mse": [
            3527.138671875,
            1715.1170654296875,
            899.2468872070312,
            693.6798095703125,
            627.6530151367188,
            591.9659423828125,
            565.1756591796875,
            542.3858642578125,
            520.5404052734375,
            499.8438415527344,
            481.60504150390625,
            463.3963928222656,
            446.6749267578125,
            431.0247497558594,
            415.2532653808594,
            399.8838195800781,
            386.5079040527344,
            370.9228820800781,
            358.0303649902344,
            346.5713195800781,
            333.9696350097656,
            323.6288757324219,
            312.5379638671875,
            302.0981140136719,
            293.19854736328125,
            283.7652587890625,
            275.8284912109375,
            267.419677734375,
            260.2715148925781,
            253.8252716064453,
            247.51991271972656,
            241.4563446044922,
            236.8874969482422,
            231.92332458496094,
            227.38458251953125,
            223.48141479492188,
            220.13302612304688,
            216.983642578125,
            214.08157348632812,
            211.88453674316406,
            209.36668395996094,
            207.42108154296875,
            205.88836669921875,
            204.14938354492188,
            202.4320068359375,
            201.14434814453125,
            199.8154296875,
            198.86862182617188,
            197.95826721191406,
            197.1581268310547
        ],
        "mae": [
            43.71241760253906,
            27.809497833251953,
            19.405000686645508,
            17.485618591308594,
            16.84918785095215,
            16.456485748291016,
            16.143205642700195,
            15.863448143005371,
            15.591771125793457,
            15.32708740234375,
            15.07945728302002,
            14.829645156860352,
            14.587930679321289,
            14.353784561157227,
            14.119606971740723,
            13.887198448181152,
            13.670719146728516,
            13.430904388427734,
            13.21456241607666,
            13.010554313659668,
            12.792724609375,
            12.595867156982422,
            12.389200210571289,
            12.191414833068848,
            12.013162612915039,
            11.829917907714844,
            11.662312507629395,
            11.492264747619629,
            11.336930274963379,
            11.190349578857422,
            11.048726081848145,
            10.909640312194824,
            10.792769432067871,
            10.672650337219238,
            10.559985160827637,
            10.458921432495117,
            10.368742942810059,
            10.284693717956543,
            10.205322265625,
            10.138527870178223,
            10.069103240966797,
            10.010339736938477,
            9.960535049438477,
            9.909828186035156,
            9.86008358001709,
            9.818511009216309,
            9.777921676635742,
            9.745128631591797,
            9.713883399963379,
            9.685932159423828
        ],