{
    "Federated": {
        "loss": [
            4.243330478668213,
            5.0379228591918945,
            2.6921732425689697,
            2.0250513553619385,
            1.794465184211731,
            1.5985631942749023,
            1.5059434175491333,
            1.4605504274368286,
            1.4337791204452515,
            1.4176009893417358,
            1.4016274213790894,
            1.3878425359725952,
            1.3672806024551392,
            1.3564836978912354,
            1.336590051651001,
            1.3172826766967773,
            1.3005621433258057,
            1.2814241647720337,
            1.267034888267517,
            1.2534184455871582,
            1.2352051734924316,
            1.2233295440673828,
            1.2125473022460938,
            1.1985700130462646,
            1.1832319498062134
        ],
        "consenso": [
            44.37790298461914,
            28.262025833129883,
            19.25108528137207,
            17.224777221679688,
            16.590932846069336,
            16.205690383911133,
            15.900877952575684,
            15.630160331726074,
            15.377655029296875,
            15.152242660522461,
            14.911958694458008,
            14.673602104187012,
            14.451517105102539,
            14.237565040588379,
            14.013887405395508,
            13.799856185913086,
            13.588982582092285,
            13.374468803405762,
            13.169480323791504,
            12.963647842407227,
            12.763347625732422,
            12.57191276550293,
            12.368744850158691,
            12.185861587524414,
            12.024499893188477
        ],
        "mse": [
            3613.68359375,
            1753.0933837890625,
            885.0346069335938,
            671.2948608398438,
            606.8815307617188,
            572.1427001953125,
            546.3530883789062,
            524.4107666015625,
            504.3317565917969,
            487.7137145996094,
            469.66314697265625,
            452.4091491699219,
            437.3174743652344,
            423.1156311035156,
            407.9032897949219,
            394.0419006347656,
            380.73602294921875,
            367.3990478515625,
            355.2198181152344,
            343.1745910644531,
            332.0079040527344,
            321.7994384765625,
            310.64556884765625,
            301.23681640625,
            293.5469970703125
        ],
        "mae": [
            44.37790298461914,
            28.262025833129883,
            19.25108528137207,
            17.224777221679688,
            16.590932846069336,
            16.205692291259766,
            15.900877952575684,
            15.630160331726074,
            15.377655029296875,
            15.152242660522461,
            14.911958694458008,
            14.673602104187012,
            14.451517105102539,
            14.237565040588379,
            14.013887405395508,
            13.799856185913086,
            13.588982582092285,
            13.374468803405762,
            13.169480323791504,
            12.963647842407227,
            12.763347625732422,
            12.57191276550293,
            12.368744850158691,
            12.185861587524414,
            12.024499893188477
        ],
        "accuracy": [
            0.048728812485933304,
            0.0,
            0.0,
            0.0,
            0.0346045196056366,
            0.03742937743663788,
            0.03954802080988884,
            0.04096045345067978,
            0.04096045345067978,
            0.04237288236618042,
            0.04307909682393074,
            0.04307909682393074,
            0.04307909682393074,
            0.04307909682393074,
            0.04307909682393074,
            0.04307909682393074,
            0.04307909682393074,
            0.04307909682393074,
            0.04307909682393074,
            0.04307909682393074,
            0.04307909682393074,
            0.04307909682393074,
            0.04307909682393074,
            0.04307909682393074,
            0.04307909682393074
        ]
    }
}