{
    "Federated": {
        "loss": [
            2.660881996154785,
            4.637135982513428,
            1.7022184133529663,
            1.7528785467147827,
            2.0652647018432617,
            2.119074821472168,
            2.1286909580230713,
            2.0801000595092773,
            2.0563747882843018,
            2.031057834625244,
            1.9808872938156128,
            1.9612482786178589,
            1.9105411767959595,
            1.8856126070022583,
            1.8420013189315796,
            1.8128465414047241,
            1.7851585149765015,
            1.7480762004852295,
            1.71937096118927,
            1.688461184501648,
            1.67172110080719,
            1.6415191888809204,
            1.6181533336639404,
            1.6011948585510254,
            1.5661762952804565,
            1.5467814207077026,
            1.5249948501586914,
            1.5100173950195312,
            1.4988983869552612,
            1.4789925813674927,
            1.474163293838501,
            1.4640036821365356,
            1.4649931192398071,
            1.4491500854492188,
            1.4487409591674805,
            1.441554069519043,
            1.433439016342163,
            1.4336529970169067,
            1.4348222017288208,
            1.4307091236114502,
            1.4276036024093628,
            1.429174780845642,
            1.4253579378128052,
            1.4259024858474731,
            1.4266084432601929,
            1.4272502660751343,
            1.4277503490447998,
            1.4281715154647827,
            1.4281598329544067,
            1.4310975074768066
        ],
        "consenso": [
            4.910012245178223,
            1.7903245687484741,
            2.5441510677337646,
            3.1906137466430664,
            3.2574124336242676,
            3.202577829360962,
            3.1457791328430176,
            3.089129686355591,
            3.0430119037628174,
            2.996434211730957,
            2.9380199909210205,
            2.8845767974853516,
            2.8229429721832275,
            2.7566285133361816,
            2.6955137252807617,
            2.6353681087493896,
            2.5610125064849854,
            2.513484239578247,
            2.4452245235443115,
            2.3688995838165283,
            2.3104212284088135,
            2.2346513271331787,
            2.1749446392059326,
            2.116394281387329,
            2.0495705604553223,
            1.9988874197006226,
            1.9390381574630737,
            1.8953838348388672,
            1.8446731567382812,
            1.7959165573120117,
            1.7555521726608276,
            1.7233024835586548,
            1.6828436851501465,
            1.6563607454299927,
            1.632407546043396,
            1.6092931032180786,
            1.5868052244186401,
            1.5690860748291016,
            1.554112195968628,
            1.5373926162719727,
            1.529488444328308,
            1.5208230018615723,
            1.5125986337661743,
            1.5087922811508179,
            1.5070569515228271,
            1.505782961845398,
            1.505423665046692,
            1.506430983543396,
            1.508512020111084,
            1.5112512111663818
        ],
        "mse": [
            47.83269500732422,
            6.788293361663818,
            11.67779541015625,
            18.477277755737305,
            19.918100357055664,
            19.78386878967285,
            19.392759323120117,
            18.891502380371094,
            18.4518985748291,
            17.985958099365234,
            17.376583099365234,
            16.81702995300293,
            16.17591094970703,
            15.48891544342041,
            14.868260383605957,
            14.268230438232422,
            13.540597915649414,
            13.091374397277832,
            12.452966690063477,
            11.754073143005371,
            11.237799644470215,
            10.585756301879883,
            10.086759567260742,
            9.606163024902344,
            9.0746488571167,
            8.678987503051758,
            8.222504615783691,
            7.903564453125,
            7.548229694366455,
            7.222301959991455,
            6.958954811096191,
            6.753243446350098,
            6.501825332641602,
            6.341330051422119,
            6.2026166915893555,
            6.074764728546143,
            5.9588704109191895,
            5.872961521148682,
            5.804922580718994,
            5.73108434677124,
            5.696651935577393,
            5.657794952392578,
            5.622642993927002,
            5.606062412261963,
            5.59736967086792,
            5.587141513824463,
            5.581546306610107,
            5.576547622680664,
            5.57573938369751,
            5.5770158767700195
        ],
        "mae": [
            4.910012245178223,
            1.7903245687484741,
            2.5441510677337646,
            3.1906137466430664,
            3.2574124336242676,
            3.202577829360962,
            3.1457791328430176,
            3.089129686355591,
            3.0430119037628174,
            2.996434211730957,
            2.9380199909210205,
            2.8845767974853516,
            2.8229429721832275,
            2.7566285133361816,
            2.6955137252807617,
            2.6353681087493896,
            2.5610125064849854,
            2.513484239578247,
            2.4452245235443115,
            2.3688995838165283,
            2.3104212284088135,
            2.2346513271331787,
            2.1749446392059326,
            2.116394281387329,
            2.0495705604553223,
            1.9988874197006226,
            1.9390381574630737,
            1.8953838348388672,
            1.8446731567382812,
            1.7959165573120117,
            1.7555521726608276,
            1.7233024835586548,
            1.6828436851501465,
            1.6563607454299927,
            1.632407546043396,
            1.6092931032180786,
            1.5868052244186401,
            1.5690860748291016,
            1.5541123151779175,
            1.5373926162719727,
            1.529488444328308,
            1.5208230018615723,
            1.5125986337661743,
            1.5087922811508179,
            1.5070569515228271,
            1.505782961845398,
            1.505423665046692,
            1.506430983543396,
            1.508512020111084,
            1.5112512111663818
        ],