{
    "Federated": {
        "loss": [
            2.1172657012939453,
            2.1660003662109375,
            1.6359517574310303,
            1.5877238512039185,
            1.5396568775177002,
            1.4963504076004028,
            1.4682499170303345,
            1.4512381553649902,
            1.4353221654891968,
            1.433130145072937,
            1.4315226078033447,
            1.4274580478668213,
            1.429921269416809,
            1.4315109252929688,
            1.432329535484314
        ],
        "consenso": [
            5.093067646026611,
            3.6364684104919434,
            3.2798733711242676,
            2.8924665451049805,
            2.5572993755340576,
            2.2810466289520264,
            2.0113637447357178,
            1.8225436210632324,
            1.6889451742172241,
            1.6017464399337769,
            1.5497453212738037,
            1.505858063697815,
            1.5016982555389404,
            1.5108768939971924,
            1.5183273553848267
        ]
    }
}