{
    "Federated": {
        "loss": [
            3.221527099609375,
            5.227853298187256,
            1.7803398370742798,
            1.7401763200759888,
            2.078219413757324,
            2.117281436920166,
            2.128481864929199,
            2.084641695022583,
            2.0672824382781982,
            2.0335731506347656,
            1.9893296957015991,
            1.94444739818573,
            1.9224390983581543,
            1.879949927330017,
            1.8553321361541748,
            1.8389860391616821,
            1.8049707412719727,
            1.755658507347107,
            1.7398847341537476,
            1.6921842098236084,
            1.6672178506851196,
            1.6395827531814575,
            1.6135501861572266,
            1.6000070571899414,
            1.5719270706176758
        ],
        "consenso": [
            5.075263023376465,
            1.8754018545150757,
            2.4428393840789795,
            3.1099777221679688,
            3.174877166748047,
            3.1204724311828613,
            3.069164276123047,
            3.021862030029297,
            2.977964162826538,
            2.9193167686462402,
            2.8767526149749756,
            2.8325939178466797,
            2.775407075881958,
            2.7140684127807617,
            2.6628477573394775,
            2.6047842502593994,
            2.5455312728881836,
            2.4905459880828857,
            2.4293746948242188,
            2.372292995452881,
            2.3106038570404053,
            2.2450625896453857,
            2.196357488632202,
            2.1355817317962646,
            2.0629687309265137
        ],
        "mse": [
            50.83346939086914,
            7.538182258605957,
            10.814583778381348,
            17.570341110229492,
            18.96180534362793,
            18.8594970703125,
            18.547136306762695,
            18.16384506225586,
            17.7578182220459,
            17.155149459838867,
            16.721460342407227,
            16.268970489501953,
            15.676179885864258,
            15.04680347442627,
            14.53299331665039,
            13.957442283630371,
            13.381904602050781,
            12.859451293945312,
            12.284096717834473,
            11.76327896118164,
            11.215926170349121,
            10.651510238647461,
            10.240968704223633,
            9.740044593811035,
            9.155416488647461
        ],
        "mae": [
            5.075263023376465,
            1.8754018545150757,
            2.4428393840789795,
            3.1099777221679688,
            3.174877166748047,
            3.1204724311828613,
            3.069164276123047,
            3.021862030029297,
            2.977964162826538,
            2.9193167686462402,
            2.8767526149749756,
            2.8325939178466797,
            2.775407075881958,
            2.7140684127807617,
            2.6628477573394775,
            2.6047842502593994,
            2.5455312728881836,
            2.4905459880828857,
            2.4293746948242188,
            2.372292995452881,
            2.3106038570404053,
            2.2450625896453857,
            2.196357488632202,
            2.1355817317962646,
            2.0629687309265137
        ],
        "accuracy": [
            0.0042372881434857845,
            0.0014124293811619282,
            0.0014124293811619282,
            0.0014124293811619282,
            0.004943502601236105,
            0.004943502601236105,
            0.004943502601236105,
            0.0042372881434857845,
            0.0042372881434857845,
            0.0042372881434857845,
            0.0042372881434857845,
            0.0042372881434857845,
            0.0042372881434857845,
            0.0042372881434857845,
            0.0042372881434857845,
            0.0042372881434857845,
            0.0042372881434857845,
            0.0042372881434857845,
            0.0042372881434857845,
            0.0042372881434857845,
            0.0042372881434857845,
            0.0042372881434857845,
            0.0042372881434857845,
            0.0042372881434857845,
            0.0042372881434857845
        ]
    }
}