{
    "Federated": {
        "loss": [
            6.0278120040893555,
            7.061258792877197,
            3.635450839996338,
            2.916475296020508,
            2.7839417457580566,
            2.6782257556915283,
            2.6054842472076416,
            2.556670665740967,
            2.5295679569244385,
            2.5070607662200928,
            2.4779772758483887,
            2.4591565132141113,
            2.435377359390259,
            2.4003405570983887,
            2.368530750274658,
            2.347170114517212,
            2.308619499206543,
            2.2993340492248535,
            2.271608352661133,
            2.23876690864563,
            2.2175452709198,
            2.1949641704559326,
            2.1673543453216553,
            2.1429221630096436,
            2.1309733390808105,
            2.117997407913208,
            2.1056079864501953,
            2.0789883136749268,
            2.07627010345459,
            2.0532588958740234,
            2.0500941276550293,
            2.0492610931396484,
            2.046560287475586,
            2.02620005607605,
            2.0386433601379395,
            2.0372560024261475,
            2.03448486328125,
            2.032255172729492,
            2.031482696533203,
            2.03872013092041,
            2.04242205619812,
            2.046978235244751,
            2.051206111907959,
            2.048565626144409,
            2.0582823753356934,
            2.067941904067993,
            2.067180871963501,
            2.0820655822753906,
            2.0809099674224854,
            2.0950541496276855
        ],
        "consenso": [
            19.075458526611328,
            10.203927040100098,
            7.535950660705566,
            7.528890609741211,
            7.551596641540527,
            7.534206390380859,
            7.51925802230835,
            7.493805408477783,
            7.468796730041504,
            7.440286159515381,
            7.399754524230957,
            7.361818313598633,
            7.317118167877197,
            7.268776893615723,
            7.225656509399414,
            7.183726787567139,
            7.129159927368164,
            7.102115154266357,
            7.066779136657715,
            7.026186466217041,
            7.020130634307861,
            6.97939920425415,
            6.967632293701172,
            6.954357624053955,
            6.919357776641846,
            6.911665916442871,
            6.879703044891357,
            6.880102634429932,
            6.86125373840332,
            6.840163230895996,
            6.83234977722168,
            6.8363423347473145,
            6.8071722984313965,
            6.808412551879883,
            6.810471057891846,
            6.805670738220215,
            6.7943596839904785,
            6.791522979736328,
            6.7928571701049805,
            6.771949768066406,
            6.7841691970825195,
            6.7772345542907715,
            6.754937171936035,
            6.759055137634277,
            6.775055408477783,
            6.771612167358398,
            6.783711910247803,
            6.771090507507324,
            6.762318134307861,
            6.751333236694336
        ],
        "mse": [
            735.7008056640625,
            231.72622680664062,
            108.23628234863281,
            109.69043731689453,
            114.17145538330078,
            116.04762268066406,
            116.93507385253906,
            117.30979919433594,
            117.71846008300781,
            118.03157806396484,
            117.86031341552734,
            117.84037017822266,
            117.53182220458984,
            117.03177642822266,
            116.74203491210938,
            116.5118179321289,
            115.74291229248047,
            116.06062316894531,
            115.55001831054688,
            114.67976379394531,
            114.56820678710938,
            113.70010375976562,
            113.4759750366211,
            113.24696350097656,
            112.5717544555664,
            112.52342987060547,
            111.967041015625,
            112.09696960449219,
            111.80599212646484,
            111.46529388427734,
            111.4017562866211,
            111.59810638427734,
            111.08351135253906,
            111.23524475097656,
            111.40845489501953,
            111.44074249267578,
            111.33151245117188,
            111.38436889648438,
            111.50946807861328,
            111.15288543701172,
            111.48934173583984,
            111.40839385986328,
            111.0046157836914,
            111.14965057373047,
            111.54434967041016,
            111.51282501220703,
            111.80836486816406,
            111.56851196289062,
            111.4143295288086,
            111.20984649658203
        ],
        "mae": [
            19.075458526611328,
            10.203927040100098,
            7.535950660705566,
            7.528890609741211,
            7.551596641540527,
            7.534206390380859,
            7.51925802230835,
            7.493805408477783,
            7.468796730041504,
            7.440286159515381,
            7.399754524230957,
            7.361819267272949,
            7.317118167877197,
            7.268776893615723,
            7.225656509399414,
            7.183726787567139,
            7.129159927368164,
            7.102115154266357,
            7.066779136657715,
            7.026186466217041,
            7.020130634307861,
            6.97939920425415,
            6.967632293701172,
            6.954357624053955,
            6.919357776641846,
            6.911665439605713,
            6.879703044891357,
            6.880102634429932,
            6.86125373840332,
            6.840163707733154,
            6.83234977722168,
            6.8363423347473145,
            6.8071722984313965,
            6.808412551879883,
            6.810471057891846,
            6.805670738220215,
            6.7943596839904785,
            6.791522979736328,
            6.7928571701049805,
            6.771949768066406,
            6.7841691970825195,
            6.7772345542907715,
            6.754937171936035,
            6.759055137634277,
            6.775055408477783,
            6.771612167358398,
            6.783711910247803,
            6.771090507507324,
            6.762318134307861,
            6.751333236694336
        ],
        "accuracy": [
            0.0,
            0.0,
            0.0,
            0.0,
            0.0,
            0.0,
            0.0,
            0.0,
            0.0,
            0.0,
            0.0,
            0.0,
            0.0,
            0.0,
            0.0,
            0.0,
            0.0,
            0.0,
            0.0,
            0.0,
            0.0,
            0.0,
            0.0,
            0.0,
            0.0,
            0.0,
            0.0,
            0.0,
            0.0,
            0.0,
            0.0,
            0.0,
            0.0,
            0.0,
            0.0,
            0.0,
            0.0,
            0.0,
            0.0,
            0.0,
            0.0,
            0.0,
            0.0,
            0.0,
            0.0,
            0.0,
            0.0,
            0.0,
            0.0,
            0.0
        ]
    }
}