{
    "Federated": {
        "loss": [
            4.487785339355469,
            3.6949896812438965,
            2.594839096069336,
            2.4745991230010986,
            2.3683199882507324,
            2.2770707607269287,
            2.1602349281311035,
            2.1058599948883057,
            2.0483827590942383,
            2.019432544708252,
            2.010913848876953,
            2.0274269580841064,
            2.0337822437286377,
            2.050807476043701,
            2.063138961791992
        ],
        "consenso": [
            19.6417293548584,
            7.845918655395508,
            7.707010746002197,
            7.432058334350586,
            7.1768412590026855,
            7.0378828048706055,
            6.860258102416992,
            6.779082298278809,
            6.747237682342529,
            6.749599933624268,
            6.791583061218262,
            6.733829975128174,
            6.76962423324585,
            6.7490410804748535,
            6.754830360412598
        ]
    }
}