{
    "Federated": {
        "loss": [
            6.144026279449463,
            7.327252388000488,
            3.7352473735809326,
            2.892777442932129,
            2.767934799194336,
            2.6400468349456787,
            2.5739777088165283,
            2.533804178237915,
            2.510826587677002,
            2.4766674041748047,
            2.4687857627868652,
            2.4435532093048096,
            2.41363525390625,
            2.3887510299682617,
            2.362708330154419,
            2.3305327892303467,
            2.3127105236053467,
            2.2960360050201416,
            2.261211633682251,
            2.2508606910705566,
            2.220745325088501,
            2.192645788192749,
            2.1724648475646973,
            2.1592094898223877,
            2.141148805618286
        ],
        "consenso": [
            19.506881713867188,
            10.466777801513672,
            7.483828067779541,
            7.461124897003174,
            7.488114356994629,
            7.475803852081299,
            7.46561336517334,
            7.449936866760254,
            7.428511619567871,
            7.389682769775391,
            7.361143112182617,
            7.3307414054870605,
            7.289072036743164,
            7.243585586547852,
            7.208816051483154,
            7.166902542114258,
            7.124810218811035,
            7.092278480529785,
            7.06792688369751,
            7.054619789123535,
            7.0336012840271,
            7.0039777755737305,
            7.005524158477783,
            6.980097770690918,
            6.925496578216553
        ],
        "mse": [
            764.5138549804688,
            243.43333435058594,
            107.33240509033203,
            108.72296142578125,
            113.44055938720703,
            115.54549407958984,
            116.65473937988281,
            117.29484558105469,
            117.7247314453125,
            117.42341613769531,
            117.63924407958984,
            117.78948211669922,
            117.42124938964844,
            116.88533020019531,
            116.80541229248047,
            116.4355697631836,
            116.0353012084961,
            115.82434844970703,
            115.35000610351562,
            115.05374145507812,
            114.58898162841797,
            113.94219207763672,
            113.99795532226562,
            113.48484802246094,
            112.35072326660156
        ],
        "mae": [
            19.506881713867188,
            10.466777801513672,
            7.483828067779541,
            7.461124897003174,
            7.488114356994629,
            7.475803852081299,
            7.46561336517334,
            7.449936866760254,
            7.428511619567871,
            7.389682769775391,
            7.361143112182617,
            7.3307414054870605,
            7.289072036743164,
            7.243585586547852,
            7.208816051483154,
            7.166902542114258,
            7.124810218811035,
            7.092278480529785,
            7.06792688369751,
            7.054619789123535,
            7.0336012840271,
            7.0039777755737305,
            7.005524158477783,
            6.980097770690918,
            6.925496578216553
        ],
        "accuracy": [
            0.0,
            0.0,
            0.0,
            0.0,
            0.0,
            0.0,
            0.0,
            0.0,
            0.0,
            0.0,
            0.0,
            0.0,
            0.0,
            0.0,
            0.0,
            0.0,
            0.0,
            0.0,
            0.0,
            0.0,
            0.0,
            0.0,
            0.0,
            0.0,
            0.0
        ]
    }
}