{
    "Federated": {
        "loss": [
            12.938650131225586,
            14.590476989746094,
            6.563176155090332,
            5.040699005126953,
            4.9438886642456055,
            4.878129005432129,
            4.8226318359375,
            4.750356197357178,
            4.684682846069336,
            4.618917942047119,
            4.567966938018799,
            4.510886192321777,
            4.4579243659973145,
            4.4109272956848145,
            4.325595378875732,
            4.275620937347412,
            4.244241237640381,
            4.193436145782471,
            4.160177230834961,
            4.123806476593018,
            4.087403297424316,
            4.030614376068115,
            4.012876510620117,
            3.9578936100006104,
            3.9313974380493164,
            3.918354034423828,
            3.8840599060058594,
            3.8656487464904785,
            3.8569014072418213,
            3.853128433227539,
            3.8448145389556885,
            3.8331127166748047,
            3.833101749420166,
            3.824004888534546,
            3.8390614986419678,
            3.851168394088745,
            3.8669075965881348,
            3.8451201915740967,
            3.852367639541626,
            3.882628917694092,
            3.8701772689819336,
            3.8778295516967773,
            3.89666748046875,
            3.8980119228363037,
            3.8976337909698486,
            3.913752555847168,
            3.908719539642334,
            3.9146008491516113,
            3.932086706161499,
            3.936776638031006
        ],
        "consenso": [
            17.280353546142578,
            7.2956695556640625,
            4.926701068878174,
            5.700840950012207,
            6.023167610168457,
            6.102227210998535,
            6.119072914123535,
            6.103456497192383,
            6.090919494628906,
            6.070436477661133,
            6.018424987792969,
            5.973336219787598,
            5.909380912780762,
            5.832461833953857,
            5.769244194030762,
            5.708250999450684,
            5.612606525421143,
            5.580761432647705,
            5.497148036956787,
            5.389135837554932,
            5.328325271606445,
            5.22213888168335,
            5.154963970184326,
            5.087833881378174,
            4.999542713165283,
            4.947051525115967,
            4.867623329162598,
            4.825876712799072,
            4.763538360595703,
            4.70226526260376,
            4.6553955078125,
            4.624094009399414,
            4.559881687164307,
            4.52910041809082,
            4.501695156097412,
            4.471662998199463,
            4.436824321746826,
            4.412829875946045,
            4.39358377456665,
            4.357548713684082,
            4.352739334106445,
            4.334512710571289,
            4.306474685668945,
            4.299903869628906,
            4.302281379699707,
            4.291849613189697,
            4.292386531829834,
            4.276549816131592,
            4.264657974243164,
            4.252728462219238
        ],
        "mse": [
            500.40667724609375,
            113.62164306640625,
            42.75353240966797,
            55.8684196472168,
            62.47273254394531,
            64.5600814819336,
            65.24917602539062,
            65.23555755615234,
            65.23912048339844,
            65.0687255859375,
            64.3203353881836,
            63.69900894165039,
            62.726600646972656,
            61.53041076660156,
            60.55242919921875,
            59.601409912109375,
            58.0920524597168,
            57.68315887451172,
            56.439178466796875,
            54.820213317871094,
            53.963905334472656,
            52.38836669921875,
            51.43995666503906,
            50.50362014770508,
            49.18739700317383,
            48.45380401611328,
            47.303070068359375,
            46.766807556152344,
            45.9073486328125,
            45.060970306396484,
            44.45249557495117,
            44.09526824951172,
            43.24433135986328,
            42.914703369140625,
            42.62732696533203,
            42.287841796875,
            41.87871170043945,
            41.62810516357422,
            41.437503814697266,
            40.9908332824707,
            40.97951889038086,
            40.754852294921875,
            40.37159729003906,
            40.311763763427734,
            40.3851203918457,
            40.26570129394531,
            40.30884552001953,
            40.10108947753906,
            39.9539680480957,
            39.797645568847656
        ],
        "mae": [
            17.280353546142578,
            7.2956695556640625,
            4.926701068878174,
            5.700840950012207,
            6.023167610168457,
            6.102227210998535,
            6.119072914123535,
            6.103456497192383,
            6.090919494628906,
            6.070436477661133,
            6.018424987792969,
            5.973336219787598,
            5.909380912780762,
            5.832461833953857,
            5.769244194030762,
            5.708250999450684,
            5.612606525421143,
            5.580761432647705,
            5.497148036956787,
            5.389135837554932,
            5.328325271606445,
            5.22213888168335,
            5.154963970184326,
            5.087833881378174,
            4.999542713165283,
            4.947051525115967,
            4.867623329162598,
            4.825876712799072,
            4.763538360595703,
            4.70226526260376,
            4.6553955078125,
            4.624094009399414,
            4.559881687164307,
            4.52910041809082,
            4.501695156097412,
            4.471662521362305,
            4.436824321746826,
            4.412829875946045,
            4.39358377456665,
            4.357548713684082,
            4.352739334106445,
            4.334512710571289,
            4.306474685668945,
            4.299903869628906,
            4.302281379699707,
            4.291849613189697,
            4.292386531829834,
            4.276549816131592,
            4.264657974243164,
            4.252728462219238
        ],
        "accuracy": [
            0.0,
            0.0,
            0.0,
            0.0,
            0.0,
            0.0,
            0.0,
            0.0,
            0.0,
            0.0,
            0.0,
            0.0,
            0.0,
            0.0,
            0.0,
            0.0,
            0.0,
            0.0,
            0.0,
            0.0,
            0.0,
            0.0,
            0.0,
            0.0,
            0.0,
            0.0,
            0.0,
            0.0,
            0.0,
            0.0,
            0.0,
            0.0,
            0.0,
            0.0,
            0.0,
            0.0,
            0.0,
            0.0,
            0.0,
            0.0,
            0.0,
            0.0,
            0.0,
            0.0,
            0.0,
            0.0,
            0.0,
            0.0,
            0.0,
            0.0
        ]
    }
}