{
    "Federated": {
        "loss": [
            8.419907569885254,
            6.748179912567139,
            4.739094257354736,
            4.469520092010498,
            4.249748229980469,
            4.063921928405762,
            3.940988063812256,
            3.8616437911987305,
            3.8117446899414062,
            3.807335615158081,
            3.8126771450042725,
            3.8378376960754395,
            3.8557279109954834,
            3.8834547996520996,
            3.898958921432495
        ],
        "consenso": [
            17.5484619140625,
            6.823735237121582,
            6.665153503417969,
            6.137751579284668,
            5.6598310470581055,
            5.28571891784668,
            4.8820109367370605,
            4.645993232727051,
            4.488773822784424,
            4.389228343963623,
            4.345560073852539,
            4.251771926879883,
            4.245205879211426,
            4.2098259925842285,
            4.197582721710205
        ]
    }
}