{
    "Federated": {
        "loss": [
            53.377742767333984,
            55.531314849853516,
            39.08427047729492,
            31.293560028076172,
            28.9018497467041,
            27.90572738647461,
            27.20690155029297,
            26.638975143432617,
            26.088573455810547,
            25.579551696777344,
            25.157238006591797,
            24.67478370666504,
            24.237438201904297,
            23.846651077270508,
            23.384363174438477,
            22.976171493530273,
            22.581661224365234,
            22.238069534301758,
            21.859821319580078,
            21.533103942871094,
            21.13391876220703,
            20.72954559326172,
            20.32367515563965,
            20.02818489074707,
            19.71465301513672
        ],
        "consenso": [
            56.368167877197266,
            38.815006256103516,
            28.56041717529297,
            25.896806716918945,
            24.984115600585938,
            24.430118560791016,
            23.989498138427734,
            23.59410858154297,
            23.21952247619629,
            22.888961791992188,
            22.53101348876953,
            22.17864418029785,
            21.85211944580078,
            21.5342960357666,
            21.19329261779785,
            20.867813110351562,
            20.547094345092773,
            20.217979431152344,
            19.90658187866211,
            19.59437370300293,
            19.294097900390625,
            19.0074405670166,
            18.69445037841797,
            18.412092208862305,
            18.16456413269043
        ],
        "mse": [
            5936.73681640625,
            3334.321044921875,
            1977.339111328125,
            1590.623046875,
            1462.03955078125,
            1389.1221923828125,
            1333.2376708984375,
            1284.7032470703125,
            1239.6173095703125,
            1201.5823974609375,
            1160.0821533203125,
            1120.0006103515625,
            1084.39697265625,
            1050.5623779296875,
            1014.1429443359375,
            980.4861450195312,
            947.8362426757812,
            914.7392578125,
            884.22412109375,
            853.664794921875,
            824.983642578125,
            798.404296875,
            768.9993896484375,
            743.763427734375,
            722.91357421875
        ],
        "mae": [
            56.368167877197266,
            38.815006256103516,
            28.56041717529297,
            25.896806716918945,
            24.984115600585938,
            24.430118560791016,
            23.989498138427734,
            23.59410858154297,
            23.21952247619629,
            22.888961791992188,
            22.53101348876953,
            22.17864418029785,
            21.85211944580078,
            21.5342960357666,
            21.19329261779785,
            20.867813110351562,
            20.547094345092773,
            20.217979431152344,
            19.90658187866211,
            19.59437370300293,
            19.294097900390625,
            19.0074405670166,
            18.69445037841797,
            18.412092208862305,
            18.16456413269043
        ],
        "accuracy": [
            0.0,
            0.0007062146905809641,
            0.0007062146905809641,
            0.0007062146905809641,
            0.0007062146905809641,
            0.0007062146905809641,
            0.0007062146905809641,
            0.0007062146905809641,
            0.0007062146905809641,
            0.0007062146905809641,
            0.0007062146905809641,
            0.0007062146905809641,
            0.0007062146905809641,
            0.0007062146905809641,
            0.0007062146905809641,
            0.0007062146905809641,
            0.0007062146905809641,
            0.0007062146905809641,
            0.0007062146905809641,
            0.0007062146905809641,
            0.0007062146905809641,
            0.0007062146905809641,
            0.0007062146905809641,
            0.0007062146905809641,
            0.0007062146905809641
        ]
    }
}