{
    "Federated": {
        "loss": [
            41.15557098388672,
            31.811874389648438,
            24.859376907348633,
            23.11760902404785,
            21.76999282836914,
            20.3330078125,
            18.965030670166016,
            17.825477600097656,
            16.887313842773438,
            16.040813446044922,
            15.426013946533203,
            14.810340881347656,
            14.392337799072266,
            14.074714660644531,
            13.779168128967285
        ],
        "consenso": [
            56.89551544189453,
            25.73248291015625,
            23.977130889892578,
            22.550004959106445,
            21.158559799194336,
            19.826372146606445,
            18.71608543395996,
            17.682649612426758,
            16.7998046875,
            16.055301666259766,
            15.441346168518066,
            15.041744232177734,
            14.647388458251953,
            14.373673439025879,
            14.130529403686523
        ]
    }
}