{
    "Federated": {
        "loss": [
            37.72341537475586,
            42.039764404296875,
            25.91065216064453,
            18.817031860351562,
            17.012086868286133,
            16.328506469726562,
            15.806381225585938,
            15.506075859069824,
            15.13286304473877,
            14.912906646728516,
            14.635392189025879,
            14.370451927185059,
            14.102804183959961,
            13.871932029724121,
            13.705469131469727,
            13.47240161895752,
            13.24500560760498,
            13.065743446350098,
            12.877148628234863,
            12.605892181396484,
            12.446330070495605,
            12.237900733947754,
            12.079859733581543,
            11.863387107849121,
            11.683431625366211
        ],
        "consenso": [
            46.713104248046875,
            30.18069076538086,
            20.74601173400879,
            18.246307373046875,
            17.488628387451172,
            17.080097198486328,
            16.775466918945312,
            16.514135360717773,
            16.27031135559082,
            16.06679916381836,
            15.842016220092773,
            15.624502182006836,
            15.430110931396484,
            15.244819641113281,
            15.046615600585938,
            14.860302925109863,
            14.677364349365234,
            14.490856170654297,
            14.318109512329102,
            14.141375541687012,
            13.97549057006836,
            13.821876525878906,
            13.651771545410156,
            13.502045631408691,
            13.37768840789795
        ],
        "mse": [
            3597.13818359375,
            1667.4398193359375,
            798.8953247070312,
            597.717529296875,
            541.274658203125,
            512.5781860351562,
            491.8963317871094,
            474.72125244140625,
            459.2802429199219,
            446.8702697753906,
            433.31524658203125,
            420.5773620605469,
            409.6728515625,
            399.5781555175781,
            388.8005676269531,
            379.11602783203125,
            369.9377746582031,
            360.7867431640625,
            352.69464111328125,
            344.7450256347656,
            337.5274658203125,
            331.04266357421875,
            324.04443359375,
            318.2585144042969,
            313.6697692871094
        ],
        "mae": [
            46.713104248046875,
            30.18069076538086,
            20.74601173400879,
            18.246307373046875,
            17.488628387451172,
            17.080097198486328,
            16.775466918945312,
            16.514135360717773,
            16.27031135559082,
            16.06679916381836,
            15.842016220092773,
            15.624502182006836,
            15.430110931396484,
            15.244819641113281,
            15.046615600585938,
            14.860302925109863,
            14.677364349365234,
            14.490856170654297,
            14.318109512329102,
            14.141375541687012,
            13.97549057006836,
            13.821876525878906,
            13.651771545410156,
            13.502045631408691,
            13.37768840789795
        ],
        "accuracy": [
            0.0,
            0.0,
            0.0,
            0.0,
            0.0,
            0.0,
            0.0,
            0.0,
            0.0,
            0.0,
            0.0,
            0.0,
            0.0,
            0.0,
            0.0,
            0.0,
            0.0,
            0.0,
            0.0,
            0.0,
            0.0,
            0.0,
            0.0,
            0.0,
            0.0
        ]
    }
}