{
    "Federated": {
        "loss": [
            40.506893157958984,
            41.710609436035156,
            26.016372680664062,
            19.19737434387207,
            17.288541793823242,
            16.61773681640625,
            16.152408599853516,
            15.787886619567871,
            15.45754337310791,
            15.18682861328125,
            14.860657691955566,
            14.584514617919922,
            14.289083480834961,
            14.069969177246094,
            13.813411712646484,
            13.559319496154785,
            13.398695945739746,
            13.064929008483887,
            12.914926528930664,
            12.667926788330078,
            12.44824504852295,
            12.312432289123535,
            12.157957077026367,
            11.927574157714844,
            11.767850875854492,
            11.589445114135742,
            11.457483291625977,
            11.263609886169434,
            11.142663955688477,
            10.965719223022461,
            10.864099502563477,
            10.742264747619629,
            10.623101234436035,
            10.506414413452148,
            10.430965423583984,
            10.331993103027344,
            10.282050132751465,
            10.205402374267578,
            10.134173393249512,
            10.05263614654541,
            10.015188217163086,
            9.973285675048828,
            9.944694519042969,
            9.897043228149414,
            9.856234550476074,
            9.8090181350708,
            9.785792350769043,
            9.747629165649414,
            9.724283218383789,
            9.698383331298828
        ],
        "consenso": [
            46.00201416015625,
            29.74825668334961,
            20.88506317138672,
            18.496265411376953,
            17.731199264526367,
            17.31656265258789,
            17.003616333007812,
            16.73226547241211,
            16.468021392822266,
            16.2127685546875,
            15.985594749450684,
            15.755186080932617,
            15.540565490722656,
            15.335295677185059,
            15.126379013061523,
            14.92166519165039,
            14.737706184387207,
            14.519806861877441,
            14.334827423095703,
            14.16696834564209,
            13.977792739868164,
            13.820566177368164,
            13.649920463562012,
            13.484180450439453,
            13.339200019836426,
            13.18404769897461,
            13.053815841674805,
            12.913681983947754,
            12.79159927368164,
            12.67895221710205,
            12.56892204284668,
            12.461170196533203,
            12.376912117004395,
            12.28586483001709,
            12.202194213867188,
            12.126521110534668,
            12.059320449829102,
            11.994119644165039,
            11.932236671447754,
            11.881682395935059,
            11.826082229614258,
            11.780008316040039,
            11.74249267578125,
            11.702377319335938,
            11.664764404296875,
            11.634197235107422,
            11.604817390441895,
            11.581140518188477,
            11.558794975280762,
            11.538843154907227
        ],
        "mse": [
            3504.029296875,
            1627.4053955078125,
            810.5596923828125,
            616.3458251953125,
            558.08251953125,
            528.2247314453125,
            506.5411682128906,
            488.61163330078125,
            471.5677185058594,
            455.6895446777344,
            441.9286193847656,
            428.3529357910156,
            416.1040344238281,
            404.80853271484375,
            393.4654846191406,
            382.5948181152344,
            373.34930419921875,
            362.46484375,
            353.7190856933594,
            346.2083740234375,
            337.8794860839844,
            331.29083251953125,
            324.2424011230469,
            317.7339172363281,
            312.35455322265625,
            306.72589111328125,
            302.1396484375,
            297.39190673828125,
            293.4870300292969,
            290.05670166015625,
            286.8539123535156,
            283.8997497558594,
            281.70489501953125,
            279.5057067871094,
            277.6221008300781,
            276.0752868652344,
            274.8028564453125,
            273.7102966308594,
            272.80963134765625,
            272.03485107421875,
            271.46014404296875,
            270.9496154785156,
            270.4356384277344,
            270.1376953125,
            270.0249328613281,
            269.8294677734375,
            269.8370666503906,
            269.6075134277344,
            269.45458984375,
            269.28558349609375
        ],
        "mae": [
            46.00201416015625,
            29.74825668334961,
            20.88506317138672,
            18.496265411376953,
            17.731199264526367,
            17.31656265258789,
            17.003616333007812,
            16.73226547241211,
            16.468021392822266,
            16.2127685546875,
            15.985594749450684,
            15.755186080932617,
            15.540565490722656,
            15.335295677185059,
            15.126379013061523,
            14.92166519165039,
            14.737706184387207,
            14.519806861877441,
            14.334827423095703,
            14.16696834564209,
            13.977792739868164,
            13.820566177368164,
            13.649920463562012,
            13.484180450439453,
            13.339200019836426,
            13.18404769897461,
            13.053815841674805,
            12.913681983947754,
            12.79159927368164,
            12.67895221710205,
            12.56892204284668,
            12.461170196533203,
            12.376912117004395,
            12.28586483001709,
            12.202194213867188,
            12.126521110534668,
            12.059320449829102,
            11.994119644165039,
            11.932236671447754,
            11.881682395935059,
            11.826082229614258,
            11.780008316040039,
            11.74249267578125,
            11.702377319335938,
            11.664764404296875,
            11.634197235107422,
            11.604817390441895,
            11.581140518188477,
            11.558794975280762,
            11.538843154907227
        ],
        "accuracy": [
            0.0,
            0.0,
            0.0,
            0.0,
            0.0,
            0.0,
            0.0,
            0.0,
            0.0,
            0.0,
            0.0,
            0.0,
            0.0,
            0.0,
            0.0,
            0.0,
            0.0,
            0.0,
            0.0,
            0.0,
            0.0,
            0.0,
            0.0,
            0.0,
            0.0,
            0.0,
            0.0,
            0.0,
            0.0,
            0.0,
            0.0,
            0.0,
            0.0,
            0.0,
            0.0,
            0.0,
            0.0,
            0.0,
            0.0,
            0.0,
            0.0,
            0.0,
            0.0,
            0.0,
            0.0,
            0.0,
            0.0,
            0.0,
            0.0,
            0.0
        ]
    }
}