{
    "Federated": {
        "loss": [
            27.433446884155273,
            20.991024017333984,
            15.044238090515137,
            14.094182014465332,
            13.233887672424316,
            12.491247177124023,
            11.797619819641113,
            11.235998153686523,
            10.787057876586914,
            10.458952903747559,
            10.195591926574707,
            10.006806373596191,
            9.883184432983398,
            9.77838134765625,
            9.720947265625
        ],
        "consenso": [
            46.78487014770508,
            17.551406860351562,
            16.410812377929688,
            15.5855131149292,
            14.804021835327148,
            14.062317848205566,
            13.486677169799805,
            12.963017463684082,
            12.54483699798584,
            12.226696968078613,
            11.981001853942871,
            11.825912475585938,
            11.690045356750488,
            11.604130744934082,
            11.539689064025879
        ]
    }
}