{
    "Federated": {
        "loss": [
            9.076981544494629,
            7.313614368438721,
            5.3776984214782715,
            5.1419901847839355,
            4.892343044281006,
            4.666142463684082,
            4.48594856262207,
            4.3699631690979,
            4.277793884277344,
            4.246973037719727,
            4.225319862365723,
            4.225376129150391,
            4.252475261688232,
            4.269516944885254,
            4.295357704162598
        ],
        "consenso": [
            15.616572380065918,
            6.583998203277588,
            6.612218379974365,
            6.360184669494629,
            6.107780456542969,
            5.902473449707031,
            5.63978910446167,
            5.484635353088379,
            5.384980201721191,
            5.333067417144775,
            5.326043605804443,
            5.249493598937988,
            5.256161689758301,
            5.223576068878174,
            5.214399337768555
        ]
    }
}