{
    "Federated": {
        "loss": [
            12.952585220336914,
            15.551700592041016,
            7.38397741317749,
            5.555694103240967,
            5.435201168060303,
            5.359057426452637,
            5.327008247375488,
            5.28043794631958,
            5.191627025604248,
            5.149013519287109,
            5.129657745361328,
            5.04566764831543,
            5.010230541229248,
            4.965728282928467,
            4.909545421600342,
            4.860976219177246,
            4.806283950805664,
            4.74590539932251,
            4.70557165145874,
            4.665160179138184,
            4.615267753601074,
            4.584443092346191,
            4.525619983673096,
            4.497344017028809,
            4.461976051330566
        ],
        "consenso": [
            15.461076736450195,
            7.998436450958252,
            5.660048007965088,
            5.961900234222412,
            6.108738422393799,
            6.144486427307129,
            6.176272869110107,
            6.195959568023682,
            6.2057719230651855,
            6.1838884353637695,
            6.18416690826416,
            6.180261135101318,
            6.1530609130859375,
            6.116764068603516,
            6.097552299499512,
            6.064887523651123,
            6.029911994934082,
            6.001849174499512,
            5.9613237380981445,
            5.927257061004639,
            5.88506555557251,
            5.833984851837158,
            5.811281204223633,
            5.764374256134033,
            5.690817832946777
        ],
        "mse": [
            522.6730346679688,
            150.0248565673828,
            68.97216033935547,
            78.5914077758789,
            84.49496459960938,
            86.84886169433594,
            88.0074462890625,
            88.60956573486328,
            88.94938659667969,
            88.52327728271484,
            88.59053039550781,
            88.55669403076172,
            87.99873352050781,
            87.26118469238281,
            86.9322509765625,
            86.32030487060547,
            85.66556549072266,
            85.17752838134766,
            84.4173583984375,
            83.81587982177734,
            83.04901885986328,
            82.11888885498047,
            81.80123138427734,
            80.98744201660156,
            79.62987518310547
        ],
        "mae": [
            15.461076736450195,
            7.998436450958252,
            5.660048007965088,
            5.961900234222412,
            6.108738422393799,
            6.144486427307129,
            6.176272869110107,
            6.195959568023682,
            6.2057719230651855,
            6.1838884353637695,
            6.18416690826416,
            6.180261135101318,
            6.1530609130859375,
            6.116764068603516,
            6.097552299499512,
            6.064887523651123,
            6.029911994934082,
            6.001849174499512,
            5.9613237380981445,
            5.927257061004639,
            5.88506555557251,
            5.833984851837158,
            5.811281204223633,
            5.764374256134033,
            5.690817832946777
        ],
        "accuracy": [
            0.0007062146905809641,
            0.0,
            0.0,
            0.0,
            0.0007062146905809641,
            0.0007062146905809641,
            0.0007062146905809641,
            0.0007062146905809641,
            0.0007062146905809641,
            0.0007062146905809641,
            0.0007062146905809641,
            0.0007062146905809641,
            0.0007062146905809641,
            0.0007062146905809641,
            0.0007062146905809641,
            0.0007062146905809641,
            0.0007062146905809641,
            0.0007062146905809641,
            0.0007062146905809641,
            0.0007062146905809641,
            0.0007062146905809641,
            0.0007062146905809641,
            0.0007062146905809641,
            0.0007062146905809641,
            0.0007062146905809641
        ]
    }
}