{
    "Federated": {
        "loss": [
            12.615242958068848,
            14.990985870361328,
            7.263648986816406,
            5.619873046875,
            5.505342483520508,
            5.427781105041504,
            5.371028423309326,
            5.313207149505615,
            5.2365803718566895,
            5.203653335571289,
            5.155991554260254,
            5.103045463562012,
            5.03532600402832,
            4.98701286315918,
            4.913231372833252,
            4.867709636688232,
            4.828247547149658,
            4.772189140319824,
            4.7052693367004395,
            4.656732082366943,
            4.624764442443848,
            4.567173957824707,
            4.534355163574219,
            4.488088130950928,
            4.438578128814697,
            4.41591215133667,
            4.3875651359558105,
            4.3558030128479,
            4.334664821624756,
            4.308050155639648,
            4.287312030792236,
            4.291347026824951,
            4.28416633605957,
            4.273277759552002,
            4.258490085601807,
            4.256201267242432,
            4.241471290588379,
            4.240786075592041,
            4.2579731941223145,
            4.2681355476379395,
            4.272492408752441,
            4.268025875091553,
            4.277475357055664,
            4.279809474945068,
            4.273937702178955,
            4.292031288146973,
            4.292252063751221,
            4.303446292877197,
            4.314659595489502,
            4.3119425773620605
        ],
        "consenso": [
            15.100773811340332,
            7.772805690765381,
            5.709214210510254,
            6.009396553039551,
            6.148984432220459,
            6.1832661628723145,
            6.204163074493408,
            6.211551189422607,
            6.219590187072754,
            6.221624374389648,
            6.203004360198975,
            6.190720558166504,
            6.164822578430176,
            6.128920555114746,
            6.100225925445557,
            6.071908950805664,
            6.018867015838623,
            6.012114524841309,
            5.968794345855713,
            5.907804012298584,
            5.879061222076416,
            5.815837383270264,
            5.779076099395752,
            5.741394519805908,
            5.684284210205078,
            5.653714656829834,
            5.601296901702881,
            5.580564498901367,
            5.5430779457092285,
            5.503865718841553,
            5.476778507232666,
            5.461655616760254,
            5.417786598205566,
            5.402182102203369,
            5.388875484466553,
            5.371936798095703,
            5.350468158721924,
            5.337411403656006,
            5.327758312225342,
            5.30129337310791,
            5.301793098449707,
            5.288070201873779,
            5.263138294219971,
            5.259754180908203,
            5.26522970199585,
            5.256943225860596,
            5.260488986968994,
            5.246222019195557,
            5.235672473907471,
            5.224435806274414
        ],
        "mse": [
            501.2301330566406,
            141.70301818847656,
            69.77777862548828,
            79.29885864257812,
            85.10595703125,
            87.30970001220703,
            88.29286193847656,
            88.65450286865234,
            89.0091552734375,
            89.21581268310547,
            88.90797424316406,
            88.71405029296875,
            88.21128845214844,
            87.4996337890625,
            86.97708892822266,
            86.48171997070312,
            85.4608154296875,
            85.44795227050781,
            84.64802551269531,
            83.49224090576172,
            83.03364562988281,
            81.87651062011719,
            81.29721069335938,
            80.71147918701172,
            79.73029327392578,
            79.29923248291016,
            78.42744445800781,
            78.1551284790039,
            77.52635192871094,
            76.8739242553711,
            76.45287322998047,
            76.26858520507812,
            75.5146484375,
            75.31553649902344,
            75.14276885986328,
            74.88223266601562,
            74.51768493652344,
            74.31177520751953,
            74.16596221923828,
            73.67487335205078,
            73.7210693359375,
            73.47384643554688,
            72.99793243408203,
            72.94432830810547,
            73.07510375976562,
            72.92183685302734,
            73.00222778320312,
            72.71566772460938,
            72.50174713134766,
            72.26729583740234
        ],
        "mae": [
            15.100773811340332,
            7.772805690765381,
            5.709214210510254,
            6.009396553039551,
            6.148984432220459,
            6.183266639709473,
            6.204163074493408,
            6.211551189422607,
            6.219590187072754,
            6.221624374389648,
            6.203004360198975,
            6.190720558166504,
            6.164822578430176,
            6.128920555114746,
            6.100225925445557,
            6.071908950805664,
            6.018867015838623,
            6.012114524841309,
            5.968794345855713,
            5.907804012298584,
            5.879061222076416,
            5.815837383270264,
            5.779076099395752,
            5.741394519805908,
            5.684284210205078,
            5.653714656829834,
            5.601296901702881,
            5.580564498901367,
            5.5430779457092285,
            5.503865718841553,
            5.476778030395508,
            5.461655616760254,
            5.417786598205566,
            5.402182102203369,
            5.388875484466553,
            5.371936798095703,
            5.350468158721924,
            5.337411403656006,
            5.327758312225342,
            5.30129337310791,
            5.301793098449707,
            5.288070201873779,
            5.263138294219971,
            5.259754180908203,
            5.26522970199585,
            5.256943225860596,
            5.260488986968994,
            5.246222019195557,
            5.235672473907471,
            5.224435806274414
        ],