{
    "Federated": {
        "loss": [
            37.63238525390625,
            39.39369201660156,
            23.316219329833984,
            17.014501571655273,
            15.358904838562012,
            14.732505798339844,
            14.306527137756348,
            13.927842140197754,
            13.597091674804688,
            13.280067443847656,
            12.99899673461914,
            12.779122352600098,
            12.491169929504395,
            12.208013534545898,
            11.96374797821045,
            11.711362838745117,
            11.498857498168945,
            11.22457504272461,
            10.978860855102539,
            10.772153854370117,
            10.572525978088379,
            10.29442310333252,
            10.099963188171387,
            9.915600776672363,
            9.685434341430664,
            9.543196678161621,
            9.336509704589844,
            9.162020683288574,
            8.991186141967773,
            8.8358736038208,
            8.667336463928223,
            8.542001724243164,
            8.408652305603027,
            8.282903671264648,
            8.173174858093262,
            8.108763694763184,
            8.003764152526855,
            7.911068439483643,
            7.826788425445557,
            7.763443946838379,
            7.686214923858643,
            7.618658065795898,
            7.577741622924805,
            7.525694847106934,
            7.466430187225342,
            7.428502082824707,
            7.39441442489624,
            7.367430210113525,
            7.337426662445068,
            7.321580410003662
        ],
        "consenso": [
            41.42936706542969,
            25.453022003173828,
            17.6885929107666,
            16.21682357788086,
            15.710371971130371,
            15.386089324951172,
            15.11519718170166,
            14.86805248260498,
            14.625265121459961,
            14.386971473693848,
            14.156970977783203,
            13.927428245544434,
            13.706029891967773,
            13.48781681060791,
            13.270610809326172,
            13.054399490356445,
            12.844881057739258,
            12.630955696105957,
            12.428417205810547,
            12.233102798461914,
            12.038481712341309,
            11.851062774658203,
            11.665342330932617,
            11.484233856201172,
            11.311731338500977,
            11.14552116394043,
            10.988407135009766,
            10.839010238647461,
            10.696806907653809,
            10.564068794250488,
            10.437525749206543,
            10.316930770874023,
            10.205465316772461,
            10.101289749145508,
            10.003868103027344,
            9.9148588180542,
            9.833518028259277,
            9.757894515991211,
            9.68800163269043,
            9.6243257522583,
            9.565515518188477,
            9.512048721313477,
            9.464455604553223,
            9.419713973999023,
            9.377995491027832,
            9.340509414672852,
            9.306794166564941,
            9.275829315185547,
            9.246588706970215,
            9.2193021774292
        ],
        "mse": [
            3175.909912109375,
            1526.12646484375,
            803.7246704101562,
            627.6904296875,
            571.564208984375,
            540.7943725585938,
            517.4678344726562,
            497.53680419921875,
            478.385986328125,
            460.2259826660156,
            444.01019287109375,
            427.8974609375,
            412.9849548339844,
            398.9549865722656,
            384.8333435058594,
            371.1141052246094,
            358.9989318847656,
            345.15771484375,
            333.4708557128906,
            323.0462646484375,
            311.7153015136719,
            302.24261474609375,
            292.22796630859375,
            282.7635498046875,
            274.5911560058594,
            266.0597839355469,
            258.7646484375,
            251.1660919189453,
            244.6128387451172,
            238.66673278808594,
            232.92677307128906,
            227.41123962402344,
            223.137939453125,
            218.6142120361328,
            214.47789001464844,
            210.87149047851562,
            207.77432250976562,
            204.84974670410156,
            202.1781463623047,
            200.0740203857422,
            197.7753143310547,
            195.93374633789062,
            194.4370574951172,
            192.82040405273438,
            191.25865173339844,
            190.02200317382812,
            188.7961883544922,
            187.85935974121094,
            186.96212768554688,
            186.15982055664062
        ],
        "mae": [
            41.42936706542969,
            25.453022003173828,
            17.6885929107666,
            16.21682357788086,
            15.710371971130371,
            15.386089324951172,
            15.11519718170166,
            14.86805248260498,
            14.625265121459961,
            14.386971473693848,
            14.156970977783203,
            13.927428245544434,
            13.706029891967773,
            13.487817764282227,
            13.270610809326172,
            13.054399490356445,
            12.844881057739258,
            12.630955696105957,
            12.428417205810547,
            12.233102798461914,
            12.038481712341309,
            11.851062774658203,
            11.665342330932617,
            11.484233856201172,
            11.311731338500977,
            11.14552116394043,
            10.988407135009766,
            10.839010238647461,
            10.696806907653809,
            10.564068794250488,
            10.437525749206543,
            10.316930770874023,
            10.205465316772461,
            10.101289749145508,
            10.003868103027344,
            9.9148588180542,
            9.833518028259277,
            9.757894515991211,
            9.68800163269043,
            9.6243257522583,
            9.565515518188477,
            9.512048721313477,
            9.464455604553223,
            9.419713973999023,
            9.377995491027832,
            9.340509414672852,
            9.306794166564941,
            9.275829315185547,
            9.246588706970215,
            9.2193021774292
        ],
        "accuracy": [
            0.0,
            0.0,
            0.0,
            0.0,
            0.0,
            0.0,
            0.0,
            0.0,
            0.0,
            0.0,
            0.0,
            0.0,
            0.0,
            0.0,
            0.0,
            0.0,
            0.0,
            0.0,
            0.0,
            0.0,
            0.0,
            0.0,
            0.0,
            0.0,
            0.0,
            0.0,
            0.0,
            0.0,
            0.0,
            0.0,
            0.0,
            0.0,
            0.0,
            0.0,
            0.0,
            0.0,
            0.0,
            0.0,
            0.0,
            0.0,
            0.0,
            0.0,
            0.0,
            0.0,
            0.0,
            0.0,
            0.0,
            0.0,
            0.0,
            0.0
        ]
    }
}