{
    "Federated": {
        "loss": [
            25.38003158569336,
            19.105932235717773,
            13.596945762634277,
            12.501033782958984,
            11.429546356201172,
            10.536303520202637,
            9.739483833312988,
            9.075146675109863,
            8.52840805053711,
            8.14181900024414,
            7.8386454582214355,
            7.616680145263672,
            7.478426456451416,
            7.378352165222168,
            7.301192760467529
        ],
        "consenso": [
            42.661407470703125,
            16.292917251586914,
            15.168971061706543,
            14.169076919555664,
            13.23233699798584,
            12.38161849975586,
            11.65522289276123,
            11.053305625915527,
            10.572333335876465,
            10.191000938415527,
            9.904989242553711,
            9.7056884765625,
            9.544589042663574,
            9.429248809814453,
            9.336450576782227
        ]
    }
}