{
    "Federated": {
        "loss": [
            37.33045959472656,
            40.449302673339844,
            23.497814178466797,
            16.796354293823242,
            15.090272903442383,
            14.441566467285156,
            14.00356674194336,
            13.66168212890625,
            13.338046073913574,
            13.075308799743652,
            12.786785125732422,
            12.545044898986816,
            12.301533699035645,
            12.060393333435059,
            11.809048652648926,
            11.57231616973877,
            11.37051010131836,
            11.151355743408203,
            10.88757610321045,
            10.740218162536621,
            10.482754707336426,
            10.28197193145752,
            10.076093673706055,
            9.894951820373535,
            9.664717674255371
        ],
        "consenso": [
            42.115150451660156,
            25.919370651245117,
            17.532087326049805,
            15.961134910583496,
            15.466462135314941,
            15.148787498474121,
            14.890303611755371,
            14.654565811157227,
            14.429323196411133,
            14.217668533325195,
            13.99964714050293,
            13.787063598632812,
            13.581890106201172,
            13.381749153137207,
            13.176589965820312,
            12.975960731506348,
            12.77866268157959,
            12.581830024719238,
            12.392073631286621,
            12.205724716186523,
            12.023072242736816,
            11.845413208007812,
            11.668339729309082,
            11.4970121383667,
            11.332538604736328
        ],
        "mse": [
            3257.5341796875,
            1560.7880859375,
            791.1010131835938,
            607.9996337890625,
            553.2877197265625,
            523.4886474609375,
            501.10137939453125,
            481.9421691894531,
            464.3588562011719,
            449.5829772949219,
            433.6687927246094,
            418.4570007324219,
            404.96600341796875,
            392.2192687988281,
            378.7256774902344,
            366.2915344238281,
            354.3251647949219,
            342.3403625488281,
            331.3840026855469,
            320.5508117675781,
            310.4582824707031,
            301.1473693847656,
            291.177734375,
            282.5722351074219,
            275.3822021484375
        ],
        "mae": [
            42.115150451660156,
            25.919370651245117,
            17.532087326049805,
            15.961134910583496,
            15.466462135314941,
            15.148787498474121,
            14.890303611755371,
            14.654565811157227,
            14.429323196411133,
            14.217668533325195,
            13.99964714050293,
            13.787063598632812,
            13.581890106201172,
            13.381749153137207,
            13.176589965820312,
            12.975960731506348,
            12.77866268157959,
            12.581830024719238,
            12.392073631286621,
            12.205724716186523,
            12.023072242736816,
            11.845413208007812,
            11.668339729309082,
            11.4970121383667,
            11.332538604736328
        ],
        "accuracy": [
            0.0,
            0.0,
            0.0,
            0.0,
            0.0,
            0.0,
            0.0,
            0.0,
            0.0,
            0.0,
            0.0,
            0.0,
            0.0,
            0.0,
            0.0,
            0.0,
            0.0,
            0.0,
            0.0,
            0.0,
            0.0,
            0.0,
            0.0,
            0.0,
            0.0
        ]
    }
}