{
    "Federated": {
        "loss": [
            3.9724533557891846,
            3.169149875640869,
            2.110985517501831,
            2.036907434463501,
            1.9538906812667847,
            1.8668420314788818,
            1.793763518333435,
            1.7555415630340576,
            1.739022135734558,
            1.738622784614563,
            1.7490885257720947,
            1.7707678079605103,
            1.7926377058029175,
            1.8035258054733276,
            1.8239115476608276
        ],
        "consenso": [
            14.001547813415527,
            6.301275730133057,
            6.21167516708374,
            5.788758754730225,
            5.397104740142822,
            5.093847274780273,
            4.755581855773926,
            4.552214622497559,
            4.414819240570068,
            4.329766750335693,
            4.289905548095703,
            4.20058536529541,
            4.189571857452393,
            4.1524858474731445,
            4.136612415313721
        ]
    }
}