{
    "Federated": {
        "loss": [
            5.985299587249756,
            7.802194595336914,
            3.2864632606506348,
            2.3473212718963623,
            2.274453639984131,
            2.1845991611480713,
            2.1439309120178223,
            2.1184167861938477,
            2.0817055702209473,
            2.0724613666534424,
            2.077218532562256,
            2.0340447425842285,
            2.022364854812622,
            2.010347843170166,
            1.9834390878677368,
            1.9583641290664673,
            1.9435205459594727,
            1.9370838403701782,
            1.918813705444336,
            1.8900169134140015,
            1.89143705368042,
            1.8615885972976685,
            1.842544674873352,
            1.8351237773895264,
            1.8280185461044312
        ],
        "consenso": [
            13.879622459411621,
            6.201152801513672,
            4.533885478973389,
            5.245602607727051,
            5.545581817626953,
            5.641860008239746,
            5.680028438568115,
            5.691640853881836,
            5.6899733543396,
            5.645906448364258,
            5.62941312789917,
            5.607213973999023,
            5.555427074432373,
            5.494380474090576,
            5.454000949859619,
            5.39803409576416,
            5.340088844299316,
            5.290215015411377,
            5.225255012512207,
            5.169334888458252,
            5.105125904083252,
            5.0318474769592285,
            4.990386962890625,
            4.923795700073242,
            4.829814910888672
        ],
        "mse": [
            374.98724365234375,
            88.06897735595703,
            39.95163345336914,
            54.483123779296875,
            60.701107025146484,
            62.77317810058594,
            63.612388610839844,
            63.89657974243164,
            63.922027587890625,
            63.18434524536133,
            62.93698501586914,
            62.5811767578125,
            61.71045684814453,
            60.66680908203125,
            60.00885009765625,
            59.084381103515625,
            58.120601654052734,
            57.31463623046875,
            56.256988525390625,
            55.35279846191406,
            54.303466796875,
            53.119903564453125,
            52.488441467285156,
            51.43210220336914,
            49.92536926269531
        ],
        "mae": [
            13.879622459411621,
            6.201152801513672,
            4.533885478973389,
            5.245602607727051,
            5.545581817626953,
            5.641860008239746,
            5.680028438568115,
            5.691640853881836,
            5.6899733543396,
            5.645906448364258,
            5.62941312789917,
            5.607213973999023,
            5.555427074432373,
            5.494380474090576,
            5.454000949859619,
            5.39803409576416,
            5.340088844299316,
            5.290215015411377,
            5.225255012512207,
            5.169334888458252,
            5.105125427246094,
            5.0318474769592285,
            4.990386962890625,
            4.923795700073242,
            4.829814910888672
        ],
        "accuracy": [
            0.0035310734529048204,
            0.0007062146905809641,
            0.0007062146905809641,
            0.0007062146905809641,
            0.0042372881434857845,
            0.0042372881434857845,
            0.0042372881434857845,
            0.0042372881434857845,
            0.0042372881434857845,
            0.0042372881434857845,
            0.0042372881434857845,
            0.0042372881434857845,
            0.0042372881434857845,
            0.0042372881434857845,
            0.0042372881434857845,
            0.0042372881434857845,
            0.0042372881434857845,
            0.0042372881434857845,
            0.0042372881434857845,
            0.0042372881434857845,
            0.0042372881434857845,
            0.0042372881434857845,
            0.0042372881434857845,
            0.0042372881434857845,
            0.0042372881434857845
        ]
    }
}