{
    "Federated": {
        "loss": [
            20.008586883544922,
            17.237829208374023,
            14.388399124145508,
            13.651802062988281,
            12.913278579711914,
            12.228418350219727,
            11.614989280700684,
            11.042409896850586,
            10.607244491577148,
            10.234825134277344,
            9.943209648132324,
            9.719783782958984,
            9.539677619934082,
            9.40839672088623,
            9.286314010620117
        ],
        "consenso": [
            97.54415893554688,
            56.5383186340332,
            53.3765869140625,
            50.85317611694336,
            48.31898880004883,
            45.8353157043457,
            43.735076904296875,
            41.69084930419922,
            39.85993957519531,
            38.27937316894531,
            36.901241302490234,
            35.98906326293945,
            35.048851013183594,
            34.39739227294922,
            33.79826354980469
        ]
    }
}