{
    "Federated": {
        "loss": [
            25.254653930664062,
            26.925508499145508,
            18.03620719909668,
            15.348212242126465,
            14.85010814666748,
            14.61080551147461,
            14.422303199768066,
            14.247272491455078,
            14.079069137573242,
            13.906261444091797,
            13.741106033325195,
            13.566666603088379,
            13.391129493713379,
            13.213611602783203,
            13.050479888916016,
            12.880789756774902,
            12.706995010375977,
            12.539670944213867,
            12.373848915100098,
            12.214460372924805,
            12.050477981567383,
            11.88747787475586,
            11.72336196899414,
            11.572198867797852,
            11.424559593200684,
            11.280070304870605,
            11.139814376831055,
            11.004592895507812,
            10.877596855163574,
            10.751726150512695,
            10.627264976501465,
            10.511799812316895,
            10.41147518157959,
            10.312275886535645,
            10.214033126831055,
            10.125516891479492,
            10.0472412109375,
            9.96453857421875,
            9.894639015197754,
            9.820094108581543,
            9.753687858581543,
            9.701373100280762,
            9.634466171264648,
            9.58492374420166,
            9.532608032226562,
            9.484631538391113,
            9.441690444946289,
            9.40746784210205,
            9.370918273925781,
            9.33718490600586
        ],
        "consenso": [
            97.12132263183594,
            76.30342102050781,
            63.31393814086914,
            58.827083587646484,
            57.05633544921875,
            55.9960823059082,
            55.133724212646484,
            54.36089324951172,
            53.592567443847656,
            52.834320068359375,
            52.1334342956543,
            51.41506576538086,
            50.72801971435547,
            50.060237884521484,
            49.370887756347656,
            48.68008041381836,
            48.051326751708984,
            47.31235122680664,
            46.67161560058594,
            46.08038330078125,
            45.42262649536133,
            44.851219177246094,
            44.22296142578125,
            43.603660583496094,
            43.04652786254883,
            42.4376335144043,
            41.89646911621094,
            41.304141998291016,
            40.77214050292969,
            40.26852798461914,
            39.756492614746094,
            39.241485595703125,
            38.82899856567383,
            38.36844253540039,
            37.92137145996094,
            37.512630462646484,
            37.13998794555664,
            36.77232360839844,
            36.415306091308594,
            36.13054656982422,
            35.787925720214844,
            35.508785247802734,
            35.27877426147461,
            35.00749969482422,
            34.722530364990234,
            34.49943923950195,
            34.253204345703125,
            34.0779914855957,
            33.90163040161133,
            33.742435455322266
        ],
        "mse": [
            15794.9423828125,
            10694.353515625,
            7735.4697265625,
            6747.69140625,
            6367.6396484375,
            6139.91943359375,
            5957.935546875,
            5796.34375,
            5637.533203125,
            5483.140625,
            5342.33837890625,
            5199.5556640625,
            5064.787109375,
            4935.6142578125,
            4803.5888671875,
            4672.43994140625,
            4554.400390625,
            4416.9306640625,
            4298.474609375,
            4190.04931640625,
            4069.83251953125,
            3967.10302734375,
            3855.56396484375,
            3747.484130859375,
            3651.880615234375,
            3548.659912109375,
            3458.241455078125,
            3360.303955078125,
            3273.45068359375,
            3192.254150390625,
            3110.268798828125,
            3028.366455078125,
            2963.594970703125,
            2891.06640625,
            2821.683837890625,
            2759.15576171875,
            2703.1396484375,
            2648.0888671875,
            2594.98388671875,
            2553.18798828125,
            2502.791748046875,
            2462.220458984375,
            2429.3173828125,
            2389.918701171875,
            2348.451171875,
            2316.486328125,
            2280.981201171875,
            2256.149658203125,
            2231.19677734375,
            2208.8486328125
        ],
        "mae": [
            97.12132263183594,
            76.30342102050781,
            63.31393814086914,
            58.827083587646484,
            57.05633544921875,
            55.9960823059082,
            55.133724212646484,
            54.36089324951172,
            53.592567443847656,
            52.834320068359375,
            52.1334342956543,
            51.41506576538086,
            50.72801971435547,
            50.060237884521484,
            49.370887756347656,
            48.68008041381836,
            48.051326751708984,
            47.31235122680664,
            46.67161560058594,
            46.08038330078125,
            45.42262649536133,
            44.851219177246094,
            44.22296142578125,
            43.603660583496094,
            43.04652786254883,
            42.4376335144043,
            41.89646911621094,
            41.304141998291016,
            40.77214050292969,
            40.26852798461914,
            39.756492614746094,
            39.241485595703125,
            38.82899856567383,
            38.36844253540039,
            37.92137145996094,
            37.512630462646484,
            37.13998794555664,
            36.77232360839844,
            36.415306091308594,
            36.13054656982422,
            35.787925720214844,
            35.508785247802734,
            35.27877426147461,
            35.00749969482422,
            34.722530364990234,
            34.49943923950195,
            34.253204345703125,
            34.0779914855957,
            33.90163040161133,
            33.742435455322266
        ],