{
    "Federated": {
        "loss": [
            25.700719833374023,
            27.406713485717773,
            18.088279724121094,
            15.190021514892578,
            14.697263717651367,
            14.465136528015137,
            14.282466888427734,
            14.116501808166504,
            13.954486846923828,
            13.796892166137695,
            13.641419410705566,
            13.482538223266602,
            13.328601837158203,
            13.161837577819824,
            13.008232116699219,
            12.843713760375977,
            12.6880464553833,
            12.534172058105469,
            12.369492530822754,
            12.21625804901123,
            12.06479549407959,
            11.910408020019531,
            11.755403518676758,
            11.609115600585938,
            11.476032257080078
        ],
        "consenso": [
            97.9447250366211,
            76.74895477294922,
            62.94538879394531,
            58.218685150146484,
            56.46464538574219,
            55.41203308105469,
            54.570167541503906,
            53.81525421142578,
            53.09165954589844,
            52.45853042602539,
            51.76133346557617,
            51.072509765625,
            50.44038391113281,
            49.82545471191406,
            49.15703201293945,
            48.52566146850586,
            47.9001350402832,
            47.25568389892578,
            46.64991760253906,
            46.0352783203125,
            45.445587158203125,
            44.88338851928711,
            44.25337219238281,
            43.69048309326172,
            43.205101013183594
        ],
        "mse": [
            16005.2890625,
            10784.9482421875,
            7651.34228515625,
            6619.2392578125,
            6243.97900390625,
            6019.927734375,
            5842.7587890625,
            5685.43798828125,
            5536.92236328125,
            5408.6826171875,
            5268.82568359375,
            5132.13818359375,
            5008.5439453125,
            4889.66845703125,
            4761.53857421875,
            4641.5068359375,
            4523.92236328125,
            4404.0439453125,
            4291.572265625,
            4178.22265625,
            4070.310302734375,
            3968.89892578125,
            3856.66748046875,
            3758.356689453125,
            3674.856201171875
        ],
        "mae": [
            97.9447250366211,
            76.74895477294922,
            62.94538879394531,
            58.218685150146484,
            56.46464538574219,
            55.41203308105469,
            54.570167541503906,
            53.81525421142578,
            53.09165954589844,
            52.45853042602539,
            51.76133346557617,
            51.07250213623047,
            50.44038391113281,
            49.82545471191406,
            49.15703201293945,
            48.52566146850586,
            47.9001350402832,
            47.25568389892578,
            46.64991760253906,
            46.0352783203125,
            45.445587158203125,
            44.88338851928711,
            44.25336837768555,
            43.69048309326172,
            43.205101013183594
        ],
        "accuracy": [
            0.0014124293811619282,
            0.0014124293811619282,
            0.0014124293811619282,
            0.0014124293811619282,
            0.0014124293811619282,
            0.0014124293811619282,
            0.0014124293811619282,
            0.0014124293811619282,
            0.0014124293811619282,
            0.0014124293811619282,
            0.0014124293811619282,
            0.0014124293811619282,
            0.0014124293811619282,
            0.0014124293811619282,
            0.0014124293811619282,
            0.0014124293811619282,
            0.0014124293811619282,
            0.0014124293811619282,
            0.0014124293811619282,
            0.0014124293811619282,
            0.0014124293811619282,
            0.0014124293811619282,
            0.0014124293811619282,
            0.0014124293811619282,
            0.0014124293811619282
        ]
    }
}