{
    "Federated": {
        "loss": [
            37.03211212158203,
            38.9463005065918,
            23.989845275878906,
            18.0419979095459,
            16.366682052612305,
            15.703960418701172,
            15.220937728881836,
            14.835226058959961,
            14.52762508392334,
            14.284383773803711,
            13.971837043762207,
            13.716535568237305,
            13.388237953186035,
            13.155157089233398,
            12.934298515319824,
            12.734001159667969,
            12.478446006774902,
            12.249252319335938,
            12.032584190368652,
            11.865447044372559,
            11.658221244812012,
            11.447561264038086,
            11.283642768859863,
            11.096083641052246,
            10.882392883300781,
            10.753323554992676,
            10.599027633666992,
            10.4625244140625,
            10.315462112426758,
            10.185877799987793,
            10.071846961975098,
            9.965757369995117,
            9.839775085449219,
            9.775815963745117,
            9.691307067871094,
            9.6107759475708,
            9.527490615844727,
            9.46184253692627,
            9.414810180664062,
            9.358804702758789,
            9.3184175491333,
            9.273431777954102,
            9.249981880187988,
            9.205607414245605,
            9.169941902160645,
            9.13693618774414,
            9.11960506439209,
            9.0939359664917,
            9.06735610961914,
            9.054291725158691
        ],
        "consenso": [
            46.81414031982422,
            29.1914119720459,
            19.899372100830078,
            17.642858505249023,
            16.951133728027344,
            16.563980102539062,
            16.26150131225586,
            16.00033187866211,
            15.747901916503906,
            15.50383472442627,
            15.282492637634277,
            15.06291389465332,
            14.855583190917969,
            14.657955169677734,
            14.45598030090332,
            14.25704574584961,
            14.075735092163086,
            13.873098373413086,
            13.696065902709961,
            13.535539627075195,
            13.359628677368164,
            13.206018447875977,
            13.042808532714844,
            12.885445594787598,
            12.746914863586426,
            12.602686882019043,
            12.47528076171875,
            12.341862678527832,
            12.223849296569824,
            12.114910125732422,
            12.0093355178833,
            11.906132698059082,
            11.825024604797363,
            11.739249229431152,
            11.66464614868164,
            11.601348876953125,
            11.548067092895508,
            11.500625610351562,
            11.458122253417969,
            11.423093795776367,
            11.390972137451172,
            11.36497688293457,
            11.341224670410156,
            11.31861686706543,
            11.300127029418945,
            11.284592628479004,
            11.272700309753418,
            11.260327339172363,
            11.249385833740234,
            11.239105224609375
        ],
        "mse": [
            3389.1787109375,
            1519.7491455078125,
            727.2647705078125,
            546.3470458984375,
            493.74749755859375,
            467.2773132324219,
            448.2962646484375,
            432.7475280761719,
            418.0623779296875,
            404.469970703125,
            392.78253173828125,
            381.3078308105469,
            371.0254211425781,
            361.60601806640625,
            352.19580078125,
            343.236328125,
            335.68798828125,
            326.8387145996094,
            319.8145751953125,
            313.8432922363281,
            307.2716369628906,
            302.1459045410156,
            296.71820068359375,
            291.7823181152344,
            287.7735595703125,
            283.6492919921875,
            280.3634338378906,
            277.04351806640625,
            274.3939208984375,
            272.1402282714844,
            270.1195373535156,
            268.3584289550781,
            267.09600830078125,
            265.9445495605469,
            265.05902099609375,
            264.4156494140625,
            263.9429626464844,
            263.6435241699219,
            263.4976501464844,
            263.3248291015625,
            263.4566955566406,
            263.5228271484375,
            263.4815673828125,
            263.728759765625,
            264.1722717285156,
            264.4194030761719,
            264.8951416015625,
            265.004638671875,
            265.1907043457031,
            265.32513427734375
        ],
        "mae": [
            46.81414031982422,
            29.1914119720459,
            19.899372100830078,
            17.642858505249023,
            16.951133728027344,
            16.563980102539062,
            16.26150131225586,
            16.00033187866211,
            15.747901916503906,
            15.50383472442627,
            15.282492637634277,
            15.06291389465332,
            14.855583190917969,
            14.657955169677734,
            14.45598030090332,
            14.25704574584961,
            14.075735092163086,
            13.873098373413086,
            13.696065902709961,
            13.535539627075195,
            13.359628677368164,
            13.206018447875977,
            13.042808532714844,
            12.885445594787598,
            12.746912956237793,
            12.602686882019043,
            12.47528076171875,
            12.341862678527832,
            12.223849296569824,
            12.114910125732422,
            12.0093355178833,
            11.906132698059082,
            11.825024604797363,
            11.739249229431152,
            11.66464614868164,
            11.601348876953125,
            11.548067092895508,
            11.500625610351562,
            11.458122253417969,
            11.423093795776367,
            11.390972137451172,
            11.36497688293457,
            11.341224670410156,
            11.31861686706543,
            11.300127029418945,
            11.284592628479004,
            11.272700309753418,
            11.260327339172363,
            11.249385833740234,
            11.239105224609375
        ],