{
    "Federated": {
        "loss": [
            37.42430877685547,
            40.072078704833984,
            24.36252784729004,
            17.816781997680664,
            16.120203018188477,
            15.4201078414917,
            14.972904205322266,
            14.602777481079102,
            14.292550086975098,
            13.990220069885254,
            13.774717330932617,
            13.518880844116211,
            13.243766784667969,
            13.02145004272461,
            12.794731140136719,
            12.552297592163086,
            12.373842239379883,
            12.168401718139648,
            11.945181846618652,
            11.78499984741211,
            11.608222961425781,
            11.3539400100708,
            11.244561195373535,
            11.080249786376953,
            10.911606788635254
        ],
        "consenso": [
            47.5753059387207,
            29.680835723876953,
            19.75862693786621,
            17.391992568969727,
            16.71240997314453,
            16.33082389831543,
            16.039533615112305,
            15.788959503173828,
            15.55500602722168,
            15.354485511779785,
            15.140204429626465,
            14.933578491210938,
            14.7462797164917,
            14.565802574157715,
            14.374088287353516,
            14.192602157592773,
            14.016594886779785,
            13.839075088500977,
            13.675047874450684,
            13.510200500488281,
            13.352258682250977,
            13.202795028686523,
            13.041980743408203,
            12.898630142211914,
            12.77646255493164
        ],
        "mse": [
            3482.885498046875,
            1560.373291015625,
            717.0447998046875,
            529.7021484375,
            478.8630676269531,
            453.48529052734375,
            435.43731689453125,
            420.59661865234375,
            407.3578796386719,
            396.8156433105469,
            385.33514404296875,
            374.6142272949219,
            365.5098571777344,
            357.1341857910156,
            348.2270812988281,
            340.2893371582031,
            332.8204345703125,
            325.4290771484375,
            318.95330810546875,
            312.6488037109375,
            306.98687744140625,
            301.9583435058594,
            296.5935363769531,
            292.2299499511719,
            288.8247985839844
        ],
        "mae": [
            47.5753059387207,
            29.680835723876953,
            19.75862693786621,
            17.391992568969727,
            16.71240997314453,
            16.33082389831543,
            16.039533615112305,
            15.788959503173828,
            15.55500602722168,
            15.354485511779785,
            15.140204429626465,
            14.933578491210938,
            14.7462797164917,
            14.565802574157715,
            14.374088287353516,
            14.192602157592773,
            14.016594886779785,
            13.839075088500977,
            13.675047874450684,
            13.510200500488281,
            13.352258682250977,
            13.202795028686523,
            13.041980743408203,
            12.898630142211914,
            12.77646255493164
        ],
        "accuracy": [
            0.007062146905809641,
            0.0,
            0.0,
            0.0,
            0.004943502601236105,
            0.004943502601236105,
            0.004943502601236105,
            0.004943502601236105,
            0.004943502601236105,
            0.004943502601236105,
            0.004943502601236105,
            0.004943502601236105,
            0.004943502601236105,
            0.004943502601236105,
            0.004943502601236105,
            0.004943502601236105,
            0.004943502601236105,
            0.004943502601236105,
            0.004943502601236105,
            0.004943502601236105,
            0.004943502601236105,
            0.004943502601236105,
            0.004943502601236105,
            0.004943502601236105,
            0.004943502601236105
        ]
    }
}