{
    "Federated": {
        "loss": [
            27.492706298828125,
            29.936586380004883,
            16.863204956054688,
            11.805558204650879,
            10.653543472290039,
            10.247410774230957,
            10.026548385620117,
            9.835038185119629,
            9.663557052612305,
            9.515229225158691,
            9.369526863098145,
            9.225066184997559,
            9.066496849060059,
            8.972121238708496,
            8.85212230682373,
            8.713020324707031,
            8.604464530944824,
            8.489151000976562,
            8.362508773803711,
            8.268425941467285,
            8.154151916503906,
            8.055709838867188,
            7.960155963897705,
            7.864505290985107,
            7.7831807136535645,
            7.693411350250244,
            7.617660999298096,
            7.548461437225342,
            7.4796462059021,
            7.4269609451293945,
            7.36613655090332,
            7.311646938323975,
            7.266657829284668,
            7.224401950836182,
            7.185275554656982,
            7.1517252922058105,
            7.122076034545898,
            7.096223831176758,
            7.079001426696777,
            7.0596795082092285,
            7.045907974243164,
            7.029130458831787,
            7.014469623565674,
            7.001306056976318,
            6.985499858856201,
            6.991874694824219,
            6.977927207946777,
            6.99200439453125,
            6.970634460449219,
            6.967655658721924
        ],
        "consenso": [
            38.504249572753906,
            22.895057678222656,
            14.72998046875,
            12.832174301147461,
            12.262983322143555,
            11.981547355651855,
            11.779358863830566,
            11.607694625854492,
            11.442392349243164,
            11.285223007202148,
            11.141297340393066,
            10.997718811035156,
            10.862664222717285,
            10.73432445526123,
            10.604217529296875,
            10.476962089538574,
            10.36258602142334,
            10.2411527633667,
            10.134121894836426,
            10.036335945129395,
            9.938358306884766,
            9.847590446472168,
            9.758196830749512,
            9.678386688232422,
            9.607230186462402,
            9.543244361877441,
            9.482669830322266,
            9.431418418884277,
            9.381878852844238,
            9.338282585144043,
            9.304226875305176,
            9.27767276763916,
            9.24586296081543,
            9.232161521911621,
            9.224000930786133,
            9.216073036193848,
            9.207001686096191,
            9.205059051513672,
            9.20727252960205,
            9.196529388427734,
            9.213279724121094,
            9.215690612792969,
            9.2041597366333,
            9.21600341796875,
            9.239823341369629,
            9.246288299560547,
            9.267062187194824,
            9.26286506652832,
            9.263705253601074,
            9.261425971984863
        ],
        "mse": [
            2313.11328125,
            901.0789794921875,
            370.016357421875,
            273.0670166015625,
            250.07000732421875,
            239.59884643554688,
            232.42416381835938,
            226.69461059570312,
            221.44955444335938,
            216.72808837890625,
            212.6774139404297,
            208.8389129638672,
            205.40933227539062,
            202.27651977539062,
            199.30003356933594,
            196.56785583496094,
            194.127685546875,
            191.8477020263672,
            189.83050537109375,
            187.97093200683594,
            186.40451049804688,
            184.87635803222656,
            183.6828155517578,
            182.6894073486328,
            181.68783569335938,
            181.113525390625,
            180.43910217285156,
            180.28700256347656,
            180.01638793945312,
            179.81295776367188,
            179.8856201171875,
            180.2855987548828,
            180.1343231201172,
            180.6230926513672,
            181.2013397216797,
            181.69996643066406,
            182.03402709960938,
            182.58995056152344,
            183.21978759765625,
            183.27813720703125,
            184.1685028076172,
            184.5478515625,
            184.46829223632812,
            185.08782958984375,
            186.0286407470703,
            186.40846252441406,
            187.20477294921875,
            187.20941162109375,
            187.34231567382812,
            187.37460327148438
        ],
        "mae": [
            38.504249572753906,
            22.895057678222656,
            14.72998046875,
            12.832174301147461,
            12.262983322143555,
            11.981547355651855,
            11.779358863830566,
            11.607694625854492,
            11.442392349243164,
            11.285223007202148,
            11.141297340393066,
            10.997718811035156,
            10.862664222717285,
            10.73432445526123,
            10.604217529296875,
            10.476962089538574,
            10.36258602142334,
            10.2411527633667,
            10.134121894836426,
            10.036335945129395,
            9.938358306884766,
            9.847590446472168,
            9.758196830749512,
            9.678386688232422,
            9.607230186462402,
            9.543244361877441,
            9.482669830322266,
            9.431418418884277,
            9.381878852844238,
            9.338282585144043,
            9.304226875305176,
            9.27767276763916,
            9.24586296081543,
            9.232161521911621,
            9.224000930786133,
            9.216073036193848,
            9.207001686096191,
            9.205059051513672,
            9.20727252960205,
            9.196529388427734,
            9.213279724121094,
            9.215690612792969,
            9.2041597366333,
            9.21600341796875,
            9.239823341369629,
            9.246288299560547,
            9.267062187194824,
            9.26286506652832,
            9.263705253601074,
            9.261425971984863
        ],
        "accuracy": [
            0.0,
            0.0,
            0.0,
            0.0,
            0.0,
            0.0,
            0.0,
            0.0,
            0.0,
            0.0,
            0.0,
            0.0,
            0.0,
            0.0,
            0.0,
            0.0,
            0.0,
            0.0,
            0.0,
            0.0,
            0.0,
            0.0,
            0.0,
            0.0,
            0.0,
            0.0,
            0.0,
            0.0,
            0.0,
            0.0,
            0.0,
            0.0,
            0.0,
            0.0,
            0.0,
            0.0,
            0.0,
            0.0,
            0.0,
            0.0,
            0.0,
            0.0,
            0.0,
            0.0,
            0.0,
            0.0,
            0.0,
            0.0,
            0.0,
            0.0
        ]
    }
}