{
    "Federated": {
        "loss": [
            18.199478149414062,
            13.92223834991455,
            9.866323471069336,
            9.322868347167969,
            8.812838554382324,
            8.363092422485352,
            7.977845191955566,
            7.664752960205078,
            7.4271440505981445,
            7.277149200439453,
            7.162125587463379,
            7.087149620056152,
            7.048582553863525,
            7.026031494140625,
            7.014488220214844
        ],
        "consenso": [
            38.98931884765625,
            12.078080177307129,
            11.390424728393555,
            10.863431930541992,
            10.377192497253418,
            9.966219902038574,
            9.648337364196777,
            9.424498558044434,
            9.28465461730957,
            9.228715896606445,
            9.242907524108887,
            9.214117050170898,
            9.269891738891602,
            9.276725769042969,
            9.308162689208984
        ]
    }
}