{
    "Federated": {
        "loss": [
            26.217077255249023,
            19.654436111450195,
            14.240401268005371,
            13.275862693786621,
            12.371214866638184,
            11.613115310668945,
            10.969670295715332,
            10.460184097290039,
            10.01939582824707,
            9.720932960510254,
            9.480632781982422,
            9.33912467956543,
            9.232634544372559,
            9.145601272583008,
            9.08703327178955
        ],
        "consenso": [
            47.57919692993164,
            16.841703414916992,
            15.733120918273926,
            14.893378257751465,
            14.11074161529541,
            13.401591300964355,
            12.83657455444336,
            12.342864036560059,
            11.94972038269043,
            11.657766342163086,
            11.469432830810547,
            11.369793891906738,
            11.300443649291992,
            11.258997917175293,
            11.238760948181152
        ]
    }
}