{
    "Federated": {
        "loss": [
            5.197384357452393,
            7.15434455871582,
            2.569145917892456,
            2.344242811203003,
            2.6612281799316406,
            2.7450971603393555,
            2.719463348388672,
            2.7263638973236084,
            2.6817219257354736,
            2.6739284992218018,
            2.6536476612091064,
            2.591381788253784,
            2.563258647918701,
            2.504277467727661,
            2.487936496734619,
            2.441070079803467,
            2.4108035564422607,
            2.3952677249908447,
            2.3778271675109863,
            2.3412630558013916,
            2.293734073638916,
            2.279013156890869,
            2.2380664348602295,
            2.226496458053589,
            2.211517095565796,
            2.1746633052825928,
            2.158238410949707,
            2.1467912197113037,
            2.135409116744995,
            2.1273958683013916,
            2.119817018508911,
            2.1085541248321533,
            2.0905518531799316,
            2.0887489318847656,
            2.078555107116699,
            2.077604293823242,
            2.085683822631836,
            2.074610710144043,
            2.0790042877197266,
            2.0814898014068604,
            2.07253098487854,
            2.0735514163970947,
            2.081413507461548,
            2.0740742683410645,
            2.0736870765686035,
            2.074448347091675,
            2.077021837234497,
            2.0768303871154785,
            2.078047037124634,
            2.075456142425537
        ],
        "consenso": [
            9.664179801940918,
            3.5604217052459717,
            3.2454020977020264,
            4.5033063888549805,
            4.785446643829346,
            4.813501834869385,
            4.791350364685059,
            4.747316360473633,
            4.70803689956665,
            4.661288738250732,
            4.5890398025512695,
            4.521762371063232,
            4.438706398010254,
            4.345372200012207,
            4.261048316955566,
            4.177483558654785,
            4.067230701446533,
            4.005336761474609,
            3.9049620628356934,
            3.7872729301452637,
            3.703681468963623,
            3.5864906311035156,
            3.4979443550109863,
            3.408747911453247,
            3.3009259700775146,
            3.2210872173309326,
            3.121565818786621,
            3.053617477416992,
            2.9698445796966553,
            2.887763738632202,
            2.8192028999328613,
            2.7656848430633545,
            2.6884827613830566,
            2.6394875049591064,
            2.593890428543091,
            2.5481960773468018,
            2.5033223628997803,
            2.4686150550842285,
            2.438615083694458,
            2.3997390270233154,
            2.383017063140869,
            2.3583269119262695,
            2.329118251800537,
            2.316174030303955,
            2.3096585273742676,
            2.297067642211914,
            2.291482925415039,
            2.278430461883545,
            2.2687885761260986,
            2.2609500885009766
        ],
        "mse": [
            169.37078857421875,
            24.701374053955078,
            19.599416732788086,
            34.84612274169922,
            39.70380783081055,
            40.692386627197266,
            40.65591812133789,
            40.12808609008789,
            39.621253967285156,
            38.98447036743164,
            37.94760513305664,
            36.9963493347168,
            35.80988311767578,
            34.48099899291992,
            33.29912567138672,
            32.14067077636719,
            30.638559341430664,
            29.831924438476562,
            28.5184268951416,
            27.003799438476562,
            25.960182189941406,
            24.519630432128906,
            23.46685791015625,
            22.44167709350586,
            21.23975372314453,
            20.385835647583008,
            19.3376407623291,
            18.644790649414062,
            17.817161560058594,
            17.03782081604004,
            16.408845901489258,
            15.928411483764648,
            15.267210006713867,
            14.865265846252441,
            14.50794506072998,
            14.159821510314941,
            13.819305419921875,
            13.564388275146484,
            13.353344917297363,
            13.086363792419434,
            12.973610877990723,
            12.816629409790039,
            12.639957427978516,
            12.56052303314209,
            12.520134925842285,
            12.447243690490723,
            12.414068222045898,
            12.342866897583008,
            12.291455268859863,
            12.246782302856445
        ],
        "mae": [
            9.664179801940918,
            3.5604217052459717,
            3.2454020977020264,
            4.5033063888549805,
            4.785446643829346,
            4.813501834869385,
            4.791350364685059,
            4.747316360473633,
            4.70803689956665,
            4.661288738250732,
            4.5890398025512695,
            4.521762371063232,
            4.438706398010254,
            4.345372200012207,
            4.261048316955566,
            4.177483558654785,
            4.067230701446533,
            4.005336761474609,
            3.9049620628356934,
            3.7872729301452637,
            3.703681468963623,
            3.5864906311035156,
            3.4979443550109863,
            3.408747911453247,
            3.3009259700775146,
            3.2210872173309326,
            3.121565818786621,
            3.053617477416992,
            2.9698445796966553,
            2.887763738632202,
            2.8192028999328613,
            2.7656848430633545,
            2.6884827613830566,
            2.6394875049591064,
            2.593890428543091,
            2.5481960773468018,
            2.5033223628997803,
            2.4686150550842285,
            2.438615083694458,
            2.3997390270233154,
            2.383017063140869,
            2.3583269119262695,
            2.329118251800537,
            2.316174030303955,
            2.3096585273742676,
            2.297067642211914,
            2.291482925415039,
            2.278430461883545,
            2.2687885761260986,
            2.2609500885009766
        ],