{
    "Federated": {
        "loss": [
            4.590950965881348,
            7.174516201019287,
            2.6512649059295654,
            2.301323652267456,
            2.592857837677002,
            2.676934003829956,
            2.6663978099823,
            2.6530821323394775,
            2.6514782905578613,
            2.603724718093872,
            2.5882225036621094,
            2.570584535598755,
            2.5366389751434326,
            2.510739326477051,
            2.473862409591675,
            2.44229793548584,
            2.41526198387146,
            2.3709418773651123,
            2.3418102264404297,
            2.317173957824707,
            2.3011226654052734,
            2.2701101303100586,
            2.243938684463501,
            2.2193243503570557,
            2.216254234313965
        ],
        "consenso": [
            9.95750617980957,
            3.778817892074585,
            3.115100145339966,
            4.407453536987305,
            4.686549186706543,
            4.717885971069336,
            4.704326629638672,
            4.673989772796631,
            4.635976791381836,
            4.561670780181885,
            4.512467384338379,
            4.458074569702148,
            4.3782057762146,
            4.289405345916748,
            4.2191033363342285,
            4.135025501251221,
            4.047989368438721,
            3.9684717655181885,
            3.874924898147583,
            3.7894513607025146,
            3.6957170963287354,
            3.594576120376587,
            3.5226047039031982,
            3.4277658462524414,
            3.30653715133667
        ],
        "mse": [
            179.06689453125,
            28.00899314880371,
            18.33290672302246,
            33.511722564697266,
            38.25825119018555,
            39.30337142944336,
            39.40619659423828,
            39.10263442993164,
            38.61609649658203,
            37.55021667480469,
            36.87144470214844,
            36.10919952392578,
            34.9647331237793,
            33.700103759765625,
            32.721744537353516,
            31.56304931640625,
            30.38648223876953,
            29.336458206176758,
            28.116901397705078,
            27.0245418548584,
            25.849044799804688,
            24.60692024230957,
            23.75196075439453,
            22.64328384399414,
            21.278099060058594
        ],
        "mae": [
            9.95750617980957,
            3.778817892074585,
            3.115100145339966,
            4.407453536987305,
            4.686549186706543,
            4.717885971069336,
            4.704326629638672,
            4.673990249633789,
            4.635976791381836,
            4.561670780181885,
            4.512467384338379,
            4.458074569702148,
            4.3782057762146,
            4.289405345916748,
            4.2191033363342285,
            4.135025501251221,
            4.047989368438721,
            3.9684717655181885,
            3.874924898147583,
            3.7894513607025146,
            3.6957170963287354,
            3.594576120376587,
            3.5226047039031982,
            3.4277658462524414,
            3.30653715133667
        ],
        "accuracy": [
            0.007768361363559961,
            0.0,
            0.0,
            0.0,
            0.007062146905809641,
            0.007768361363559961,
            0.007768361363559961,
            0.007768361363559961,
            0.007768361363559961,
            0.007768361363559961,
            0.007768361363559961,
            0.007768361363559961,
            0.007768361363559961,
            0.007768361363559961,
            0.007768361363559961,
            0.007768361363559961,
            0.007768361363559961,
            0.007768361363559961,
            0.007768361363559961,
            0.007768361363559961,
            0.007768361363559961,
            0.007768361363559961,
            0.007768361363559961,
            0.007768361363559961,
            0.007768361363559961
        ]
    }
}