{
    "Federated": {
        "loss": [
            4.167916774749756,
            5.7458415031433105,
            2.1383235454559326,
            1.7523550987243652,
            1.824825644493103,
            1.8299702405929565,
            1.7586380243301392,
            1.7400869131088257,
            1.7128221988677979,
            1.7230350971221924,
            1.6887587308883667,
            1.6643245220184326,
            1.6465548276901245,
            1.635877251625061,
            1.6060795783996582,
            1.5782462358474731,
            1.5594345331192017,
            1.5114277601242065,
            1.5029863119125366,
            1.4743107557296753,
            1.4364863634109497,
            1.428106427192688,
            1.4197214841842651,
            1.3902642726898193,
            1.372226595878601,
            1.3594521284103394,
            1.3472555875778198,
            1.3380072116851807,
            1.3212236166000366,
            1.3164716958999634,
            1.308976173400879,
            1.3008263111114502,
            1.3131908178329468,
            1.303256630897522,
            1.298912525177002,
            1.305645227432251,
            1.3123923540115356,
            1.317051887512207,
            1.3202024698257446,
            1.334413766860962,
            1.332480549812317,
            1.3374756574630737,
            1.3376597166061401,
            1.3435550928115845,
            1.3465884923934937,
            1.3491179943084717,
            1.3609342575073242,
            1.3579996824264526,
            1.3624699115753174,
            1.3654640913009644
        ],
        "consenso": [
            22.95484733581543,
            11.09920597076416,
            6.4585490226745605,
            6.764589786529541,
            6.977621078491211,
            7.017704963684082,
            7.010797500610352,
            6.980837821960449,
            6.954517364501953,
            6.922615051269531,
            6.8699421882629395,
            6.823172569274902,
            6.761434078216553,
            6.68979024887085,
            6.626162052154541,
            6.564128875732422,
            6.476097106933594,
            6.440348148345947,
            6.364298343658447,
            6.26943826675415,
            6.213231086730957,
            6.118592262268066,
            6.054887294769287,
            5.992579936981201,
            5.909238815307617,
            5.863245964050293,
            5.7923102378845215,
            5.76529598236084,
            5.716020584106445,
            5.664981365203857,
            5.630772590637207,
            5.617285251617432,
            5.562277793884277,
            5.550670146942139,
            5.540384292602539,
            5.522642135620117,
            5.496464252471924,
            5.484093189239502,
            5.475326061248779,
            5.436184883117676,
            5.442509651184082,
            5.423190116882324,
            5.382674694061279,
            5.380045413970947,
            5.3929123878479,
            5.381536483764648,
            5.39020299911499,
            5.3662028312683105,
            5.349198818206787,
            5.330533027648926
        ],
        "mse": [
            897.3638916015625,
            253.7162322998047,
            85.18751525878906,
            81.0060043334961,
            84.40005493164062,
            85.6014404296875,
            85.90753936767578,
            85.7136001586914,
            85.58296203613281,
            85.35276794433594,
            84.6434097290039,
            84.080078125,
            83.21796417236328,
            82.1615982055664,
            81.33349609375,
            80.55231475830078,
            79.22846221923828,
            79.034912109375,
            78.00439453125,
            76.57736206054688,
            75.96385192871094,
            74.57185363769531,
            73.8591079711914,
            73.16123962402344,
            72.01872253417969,
            71.53180694580078,
            70.5463638305664,
            70.27188110351562,
            69.5922622680664,
            68.89681243896484,
            68.4736557006836,
            68.35116577148438,
            67.54711151123047,
            67.40776824951172,
            67.30577087402344,
            67.1042251586914,
            66.7680435180664,
            66.63211059570312,
            66.56111907958984,
            66.07123565673828,
            66.22777557373047,
            66.02953338623047,
            65.54673767089844,
            65.57015991210938,
            65.80665588378906,
            65.7048568725586,
            65.87353515625,
            65.59071350097656,
            65.40118408203125,
            65.1812515258789
        ],
        "mae": [
            22.95484733581543,
            11.09920597076416,
            6.4585490226745605,
            6.764589786529541,
            6.977621078491211,
            7.017704963684082,
            7.010797500610352,
            6.980837821960449,
            6.954517364501953,
            6.922615051269531,
            6.8699421882629395,
            6.823172569274902,
            6.761434078216553,
            6.68979024887085,
            6.626162052154541,
            6.564128875732422,
            6.476097106933594,
            6.440348148345947,
            6.364298343658447,
            6.26943826675415,
            6.213231086730957,
            6.118592262268066,
            6.054887294769287,
            5.992579936981201,
            5.909239768981934,
            5.863245964050293,
            5.7923102378845215,
            5.76529598236084,
            5.716020584106445,
            5.664981365203857,
            5.630772590637207,
            5.617285251617432,
            5.562277793884277,
            5.550670146942139,
            5.540384292602539,
            5.522642135620117,
            5.496464252471924,
            5.484093189239502,
            5.475326061248779,
            5.436184883117676,
            5.442509651184082,
            5.423190116882324,
            5.382674694061279,
            5.380045413970947,
            5.3929123878479,
            5.381536483764648,
            5.39020299911499,
            5.3662028312683105,
            5.349198818206787,
            5.330533027648926
        ],
        "accuracy": [
            0.00988700520247221,
            0.0,
            0.0,
            0.0,
            0.00918079074472189,
            0.00918079074472189,
            0.00918079074472189,
            0.00918079074472189,
            0.00918079074472189,
            0.00918079074472189,
            0.00918079074472189,
            0.00918079074472189,
            0.00918079074472189,
            0.00988700520247221,
            0.00988700520247221,
            0.00988700520247221,
            0.00988700520247221,
            0.00988700520247221,
            0.00988700520247221,
            0.00988700520247221,
            0.00988700520247221,
            0.00988700520247221,
            0.00988700520247221,
            0.00988700520247221,
            0.00988700520247221,
            0.00988700520247221,
            0.00988700520247221,
            0.00988700520247221,
            0.00988700520247221,
            0.00988700520247221,
            0.00988700520247221,
            0.00988700520247221,
            0.00988700520247221,
            0.00988700520247221,
            0.00988700520247221,
            0.00988700520247221,
            0.00988700520247221,
            0.00988700520247221,
            0.00988700520247221,
            0.00988700520247221,
            0.00988700520247221,
            0.00988700520247221,
            0.00988700520247221,
            0.00988700520247221,
            0.00988700520247221,
            0.00988700520247221,
            0.00988700520247221,
            0.00988700520247221,
            0.00988700520247221,
            0.00988700520247221
        ]
    }
}