{
    "Federated": {
        "loss": [
            4.190104961395264,
            5.933248519897461,
            2.1985456943511963,
            1.7348393201828003,
            1.7988996505737305,
            1.8025643825531006,
            1.7474919557571411,
            1.714663028717041,
            1.7275197505950928,
            1.6846734285354614,
            1.6671593189239502,
            1.6488673686981201,
            1.637380599975586,
            1.6137936115264893,
            1.572914481163025,
            1.5776264667510986,
            1.5459538698196411,
            1.5266491174697876,
            1.516323208808899,
            1.4693242311477661,
            1.4513661861419678,
            1.4476871490478516,
            1.40479576587677,
            1.3983451128005981,
            1.3817509412765503
        ],
        "consenso": [
            23.4866943359375,
            11.49233341217041,
            6.396285533905029,
            6.692773342132568,
            6.909309387207031,
            6.9547858238220215,
            6.958285808563232,
            6.942952632904053,
            6.919610023498535,
            6.863307476043701,
            6.832322120666504,
            6.796041965484619,
            6.735220432281494,
            6.664730548858643,
            6.613895893096924,
            6.5503950119018555,
            6.484662055969238,
            6.428149700164795,
            6.356997966766357,
            6.295504093170166,
            6.225959777832031,
            6.146883487701416,
            6.101651668548584,
            6.03085470199585,
            5.928295135498047
        ],
        "mse": [
            934.091796875,
            268.9226379394531,
            84.12248992919922,
            79.55936431884766,
            83.24408721923828,
            84.70084381103516,
            85.27513885498047,
            85.41295623779297,
            85.35566711425781,
            84.55404663085938,
            84.29694366455078,
            83.96444702148438,
            83.10366821289062,
            82.06747436523438,
            81.48912048339844,
            80.63390350341797,
            79.75122833251953,
            79.08293151855469,
            78.11360931396484,
            77.34832763671875,
            76.41673278808594,
            75.31676483154297,
            74.92708587646484,
            74.00074768066406,
            72.45866394042969
        ],
        "mae": [
            23.4866943359375,
            11.49233341217041,
            6.396285533905029,
            6.692773342132568,
            6.909309387207031,
            6.9547858238220215,
            6.958285808563232,
            6.942952632904053,
            6.919610023498535,
            6.863307476043701,
            6.832322120666504,
            6.796041965484619,
            6.735220432281494,
            6.664730548858643,
            6.613895893096924,
            6.5503950119018555,
            6.484662055969238,
            6.428149700164795,
            6.356997966766357,
            6.295504093170166,
            6.225959777832031,
            6.146883487701416,
            6.101651668548584,
            6.03085470199585,
            5.928295135498047
        ],
        "accuracy": [
            0.00988700520247221,
            0.0,
            0.0,
            0.0,
            0.00918079074472189,
            0.00918079074472189,
            0.00918079074472189,
            0.00918079074472189,
            0.00918079074472189,
            0.00918079074472189,
            0.00918079074472189,
            0.00918079074472189,
            0.00988700520247221,
            0.00988700520247221,
            0.00988700520247221,
            0.00988700520247221,
            0.00988700520247221,
            0.00988700520247221,
            0.00988700520247221,
            0.00988700520247221,
            0.00988700520247221,
            0.00988700520247221,
            0.00988700520247221,
            0.00988700520247221,
            0.00988700520247221
        ]
    }
}