{
    "Federated": {
        "loss": [
            17.31304168701172,
            13.725504875183105,
            10.230766296386719,
            9.417078018188477,
            8.659737586975098,
            7.979912757873535,
            7.416080474853516,
            6.975828170776367,
            6.621884822845459,
            6.365123748779297,
            6.199775695800781,
            6.093253135681152,
            6.037815093994141,
            6.001286029815674,
            5.981096267700195
        ],
        "consenso": [
            26.461902618408203,
            10.286537170410156,
            9.745108604431152,
            9.154358863830566,
            8.618345260620117,
            8.165956497192383,
            7.768257141113281,
            7.47625732421875,
            7.263630390167236,
            7.1176934242248535,
            7.029975414276123,
            6.942702293395996,
            6.914377212524414,
            6.881434440612793,
            6.875947952270508
        ]
    }
}