{
    "Federated": {
        "loss": [
            34.141136169433594,
            36.6535758972168,
            22.06666374206543,
            16.560731887817383,
            15.289011001586914,
            14.758956909179688,
            14.391646385192871,
            14.128738403320312,
            13.839568138122559,
            13.618070602416992,
            13.375519752502441,
            13.151592254638672,
            12.959518432617188,
            12.68518352508545,
            12.45915699005127,
            12.266668319702148,
            12.054126739501953,
            11.811902046203613,
            11.67220687866211,
            11.463747024536133,
            11.265835762023926,
            11.078983306884766,
            10.926777839660645,
            10.76559066772461,
            10.575960159301758
        ],
        "consenso": [
            34.934234619140625,
            20.601375579833984,
            14.13149642944336,
            13.147852897644043,
            12.896783828735352,
            12.738748550415039,
            12.60715389251709,
            12.484378814697266,
            12.364301681518555,
            12.248252868652344,
            12.132139205932617,
            12.017308235168457,
            11.903573036193848,
            11.79090404510498,
            11.679675102233887,
            11.570338249206543,
            11.46456241607666,
            11.359253883361816,
            11.25484561920166,
            11.153368949890137,
            11.053561210632324,
            10.957208633422852,
            10.86680793762207,
            10.774930000305176,
            10.683664321899414
        ],
        "mse": [
            2172.013916015625,
            922.0635375976562,
            429.4989318847656,
            339.11541748046875,
            317.1346740722656,
            305.9208984375,
            297.6481018066406,
            290.63671875,
            284.2701416015625,
            278.7713317871094,
            273.1299133300781,
            267.8130798339844,
            262.9759521484375,
            258.3926696777344,
            253.82113647460938,
            249.5599822998047,
            245.51329040527344,
            241.63087463378906,
            238.0211181640625,
            234.61456298828125,
            231.4253387451172,
            228.44561767578125,
            225.72067260742188,
            223.1667938232422,
            220.71055603027344
        ],
        "mae": [
            34.934234619140625,
            20.601375579833984,
            14.13149642944336,
            13.147852897644043,
            12.896783828735352,
            12.738748550415039,
            12.60715389251709,
            12.484378814697266,
            12.364301681518555,
            12.248252868652344,
            12.132139205932617,
            12.017308235168457,
            11.903573036193848,
            11.79090404510498,
            11.679675102233887,
            11.570338249206543,
            11.46456241607666,
            11.359253883361816,
            11.25484561920166,
            11.153368949890137,
            11.053561210632324,
            10.957208633422852,
            10.86680793762207,
            10.774930000305176,
            10.683664321899414
        ],
        "accuracy": [
            0.0007062146905809641,
            0.0007062146905809641,
            0.0007062146905809641,
            0.0007062146905809641,
            0.0,
            0.0,
            0.0,
            0.0,
            0.0,
            0.0,
            0.0,
            0.0,
            0.0,
            0.0,
            0.0,
            0.0,
            0.0,
            0.0,
            0.0,
            0.0,
            0.0,
            0.0,
            0.0,
            0.0,
            0.0
        ]
    }
}