{
    "Federated": {
        "loss": [
            34.385704040527344,
            35.942665100097656,
            21.95555305480957,
            16.811141967773438,
            15.52916431427002,
            15.016104698181152,
            14.672591209411621,
            14.344971656799316,
            14.086856842041016,
            13.807234764099121,
            13.526205062866211,
            13.293763160705566,
            13.061084747314453,
            12.823955535888672,
            12.575956344604492,
            12.417108535766602,
            12.142522811889648,
            11.94507122039795,
            11.68094539642334,
            11.511815071105957,
            11.307969093322754,
            11.121146202087402,
            10.929505348205566,
            10.740922927856445,
            10.585525512695312,
            10.391170501708984,
            10.256608009338379,
            10.116339683532715,
            9.961692810058594,
            9.809109687805176,
            9.686055183410645,
            9.564033508300781,
            9.452802658081055,
            9.373434066772461,
            9.272102355957031,
            9.172600746154785,
            9.121214866638184,
            9.042645454406738,
            8.974013328552246,
            8.936980247497559,
            8.867676734924316,
            8.822776794433594,
            8.78847885131836,
            8.748270988464355,
            8.716757774353027,
            8.688619613647461,
            8.66698932647705,
            8.634882926940918,
            8.619715690612793,
            8.599706649780273
        ],
        "consenso": [
            34.30390548706055,
            20.19394874572754,
            14.224708557128906,
            13.297877311706543,
            13.041138648986816,
            12.87475872039795,
            12.732915878295898,
            12.600570678710938,
            12.470734596252441,
            12.34218692779541,
            12.216086387634277,
            12.091344833374023,
            11.967486381530762,
            11.844606399536133,
            11.723895072937012,
            11.605335235595703,
            11.48829460144043,
            11.378680229187012,
            11.2665376663208,
            11.155553817749023,
            11.050406455993652,
            10.946907043457031,
            10.850706100463867,
            10.756027221679688,
            10.662357330322266,
            10.573038101196289,
            10.488005638122559,
            10.413034439086914,
            10.342050552368164,
            10.275172233581543,
            10.213129043579102,
            10.158119201660156,
            10.101744651794434,
            10.054535865783691,
            10.01114559173584,
            9.970159530639648,
            9.933892250061035,
            9.903037071228027,
            9.875798225402832,
            9.84771728515625,
            9.830310821533203,
            9.811308860778809,
            9.790700912475586,
            9.778844833374023,
            9.77238941192627,
            9.762434959411621,
            9.759065628051758,
            9.748117446899414,
            9.739707946777344,
            9.731303215026855
        ],
        "mse": [
            2108.900146484375,
            895.2709350585938,
            435.0984802246094,
            347.908935546875,
            324.9291687011719,
            313.04425048828125,
            304.1739501953125,
            296.6408996582031,
            289.5452880859375,
            282.915771484375,
            276.92822265625,
            271.13006591796875,
            265.73956298828125,
            260.6571350097656,
            255.71482849121094,
            251.0224151611328,
            246.70213317871094,
            242.41189575195312,
            238.52322387695312,
            234.91615295410156,
            231.4965362548828,
            228.32269287109375,
            225.4027862548828,
            222.73228454589844,
            220.24607849121094,
            218.0927276611328,
            216.0489959716797,
            214.41253662109375,
            212.855224609375,
            211.47329711914062,
            210.3658905029297,
            209.56332397460938,
            208.57510375976562,
            208.04689025878906,
            207.66529846191406,
            207.3326416015625,
            206.98802185058594,
            206.84593200683594,
            206.8133544921875,
            206.49005126953125,
            206.7253875732422,
            206.69171142578125,
            206.41123962402344,
            206.5962371826172,
            207.01551818847656,
            207.1087646484375,
            207.48936462402344,
            207.38356018066406,
            207.37449645996094,
            207.31349182128906
        ],
        "mae": [
            34.30390548706055,
            20.19394874572754,
            14.224708557128906,
            13.297877311706543,
            13.041138648986816,
            12.87475872039795,
            12.732915878295898,
            12.600570678710938,
            12.470734596252441,
            12.34218692779541,
            12.216086387634277,
            12.091344833374023,
            11.967486381530762,
            11.844606399536133,
            11.723895072937012,
            11.605335235595703,
            11.48829460144043,
            11.378680229187012,
            11.2665376663208,
            11.155553817749023,
            11.050406455993652,
            10.946907043457031,
            10.850706100463867,
            10.756027221679688,
            10.662357330322266,
            10.573038101196289,
            10.488005638122559,
            10.413034439086914,
            10.342050552368164,
            10.275172233581543,
            10.213129043579102,
            10.158119201660156,
            10.101744651794434,
            10.054535865783691,
            10.01114559173584,
            9.970159530639648,
            9.933891296386719,
            9.903037071228027,
            9.875798225402832,
            9.84771728515625,
            9.830310821533203,
            9.811308860778809,
            9.790700912475586,
            9.778844833374023,
            9.77238941192627,
            9.762434959411621,
            9.759065628051758,
            9.748117446899414,
            9.739707946777344,
            9.731303215026855
        ],
        "accuracy": [
            0.0,
            0.0007062146905809641,
            0.0007062146905809641,
            0.0007062146905809641,
            0.0,
            0.0,
            0.0,
            0.0,
            0.0,
            0.0,
            0.0,
            0.0,
            0.0,
            0.0,
            0.0,
            0.0,
            0.0,
            0.0,
            0.0,
            0.0,
            0.0,
            0.0,
            0.0,
            0.0,
            0.0,
            0.0,
            0.0,
            0.0,
            0.0,
            0.0,
            0.0,
            0.0,
            0.0,
            0.0,
            0.0,
            0.0,
            0.0,
            0.0,
            0.0,
            0.0,
            0.0,
            0.0,
            0.0,
            0.0,
            0.0,
            0.0,
            0.0,
            0.0,
            0.0,
            0.0
        ]
    }
}