{
    "Federated": {
        "loss": [
            25.23609161376953,
            18.968242645263672,
            14.183318138122559,
            13.169965744018555,
            12.188755989074707,
            11.347578048706055,
            10.660164833068848,
            10.079102516174316,
            9.603681564331055,
            9.273523330688477,
            9.04810619354248,
            8.867437362670898,
            8.75308895111084,
            8.666169166564941,
            8.60924243927002
        ],
        "consenso": [
            35.14787292480469,
            13.339591979980469,
            12.735782623291016,
            12.153471946716309,
            11.618996620178223,
            11.15494155883789,
            10.759791374206543,
            10.439082145690918,
            10.20472526550293,
            10.032782554626465,
            9.921976089477539,
            9.839832305908203,
            9.803665161132812,
            9.773764610290527,
            9.760467529296875
        ]
    }
}