{
    "Federated": {
        "loss": [
            57.87166213989258,
            61.84849548339844,
            42.50742721557617,
            33.293426513671875,
            30.545740127563477,
            29.440631866455078,
            28.722789764404297,
            28.151399612426758,
            27.639915466308594,
            27.17833709716797,
            26.63086700439453,
            26.220094680786133,
            25.820213317871094,
            25.42696762084961,
            24.972095489501953,
            24.59581184387207,
            24.147829055786133,
            23.781557083129883,
            23.342771530151367,
            23.06207847595215,
            22.704391479492188,
            22.346782684326172,
            21.998144149780273,
            21.69658088684082,
            21.429454803466797
        ],
        "consenso": [
            61.30859375,
            42.28824996948242,
            30.665630340576172,
            27.294729232788086,
            26.226585388183594,
            25.625659942626953,
            25.170291900634766,
            24.775774002075195,
            24.406089782714844,
            24.090486526489258,
            23.74634552001953,
            23.410736083984375,
            23.108657836914062,
            22.818330764770508,
            22.505313873291016,
            22.213031768798828,
            21.926422119140625,
            21.630542755126953,
            21.352148056030273,
            21.07163429260254,
            20.804710388183594,
            20.5516357421875,
            20.27197265625,
            20.029891967773438,
            19.822458267211914
        ],
        "mse": [
            6258.67529296875,
            3450.292724609375,
            2019.6072998046875,
            1624.253662109375,
            1496.55859375,
            1425.6959228515625,
            1371.9786376953125,
            1325.68994140625,
            1282.9259033203125,
            1247.20458984375,
            1208.117431640625,
            1170.5296630859375,
            1137.3824462890625,
            1106.0262451171875,
            1072.240966796875,
            1041.161865234375,
            1011.1024169921875,
            980.648681640625,
            952.787353515625,
            924.9039306640625,
            898.87255859375,
            874.8552856445312,
            848.2366943359375,
            825.5513916015625,
            807.0145874023438
        ],
        "mae": [
            61.30859375,
            42.28824996948242,
            30.665630340576172,
            27.294729232788086,
            26.226585388183594,
            25.625659942626953,
            25.170291900634766,
            24.775774002075195,
            24.406089782714844,
            24.090486526489258,
            23.74634552001953,
            23.410736083984375,
            23.108657836914062,
            22.818330764770508,
            22.505313873291016,
            22.213031768798828,
            21.926422119140625,
            21.630542755126953,
            21.352148056030273,
            21.07163429260254,
            20.804710388183594,
            20.5516357421875,
            20.27197265625,
            20.029891967773438,
            19.822458267211914
        ],
        "accuracy": [
            0.0451977401971817,
            0.0,
            0.0,
            0.0,
            0.03742937743663788,
            0.03954802080988884,
            0.03954802080988884,
            0.03954802080988884,
            0.03954802080988884,
            0.03954802080988884,
            0.03954802080988884,
            0.03954802080988884,
            0.03954802080988884,
            0.03954802080988884,
            0.03954802080988884,
            0.03954802080988884,
            0.03954802080988884,
            0.03954802080988884,
            0.03954802080988884,
            0.03954802080988884,
            0.03954802080988884,
            0.03954802080988884,
            0.03954802080988884,
            0.03954802080988884,
            0.03954802080988884
        ]
    }
}