{
    "Federated": {
        "loss": [
            59.99172592163086,
            61.465003967285156,
            42.41523742675781,
            33.69877243041992,
            31.071575164794922,
            29.98465347290039,
            29.278305053710938,
            28.637226104736328,
            28.048744201660156,
            27.498937606811523,
            27.03301429748535,
            26.53912925720215,
            26.044363021850586,
            25.688997268676758,
            25.24314308166504,
            24.75299835205078,
            24.34406852722168,
            23.977750778198242,
            23.508668899536133,
            23.161474227905273,
            22.847318649291992,
            22.42634391784668,
            22.071683883666992,
            21.708154678344727,
            21.386886596679688,
            21.080472946166992,
            20.749961853027344,
            20.410188674926758,
            20.126224517822266,
            19.856605529785156,
            19.579607009887695,
            19.336994171142578,
            19.104516983032227,
            18.895776748657227,
            18.625341415405273,
            18.419353485107422,
            18.223922729492188,
            18.04311180114746,
            17.81060791015625,
            17.65370750427246,
            17.47705078125,
            17.361818313598633,
            17.23680305480957,
            17.08314323425293,
            17.001605987548828,
            16.893146514892578,
            16.77760124206543,
            16.70115089416504,
            16.620769500732422,
            16.531936645507812
        ],
        "consenso": [
            60.52214813232422,
            41.80653762817383,
            30.867250442504883,
            27.656354904174805,
            26.568679809570312,
            25.960376739501953,
            25.486173629760742,
            25.080284118652344,
            24.684843063354492,
            24.299901962280273,
            23.95088005065918,
            23.59870147705078,
            23.266754150390625,
            22.948394775390625,
            22.622804641723633,
            22.30084800720215,
            22.0125789642334,
            21.672893524169922,
            21.377784729003906,
            21.108367919921875,
            20.80867576599121,
            20.551515579223633,
            20.270484924316406,
            20.002395629882812,
            19.764955520629883,
            19.507503509521484,
            19.280914306640625,
            19.036048889160156,
            18.819473266601562,
            18.6202392578125,
            18.42378044128418,
            18.228408813476562,
            18.07293128967285,
            17.90817642211914,
            17.751121520996094,
            17.60833168029785,
            17.484432220458984,
            17.36396598815918,
            17.249120712280273,
            17.154115676879883,
            17.048870086669922,
            16.961397171020508,
            16.8870849609375,
            16.804719924926758,
            16.722278594970703,
            16.65552520751953,
            16.58641242980957,
            16.532968521118164,
            16.479976654052734,
            16.431636810302734
        ],
        "mse": [
            6131.2900390625,
            3395.473876953125,
            2047.0570068359375,
            1667.072509765625,
            1536.7261962890625,
            1464.060302734375,
            1408.49755859375,
            1360.7354736328125,
            1314.44189453125,
            1270.2508544921875,
            1230.8831787109375,
            1191.3834228515625,
            1154.82421875,
            1120.382568359375,
            1085.360595703125,
            1051.0439453125,
            1020.9910888671875,
            985.4688110351562,
            955.8779296875,
            929.5740356445312,
            900.1076049804688,
            875.8800048828125,
            849.4638061523438,
            824.26904296875,
            802.67529296875,
            779.32373046875,
            759.55615234375,
            738.0924072265625,
            719.6669921875,
            702.77734375,
            685.9713745117188,
            669.337158203125,
            656.8121337890625,
            642.7022705078125,
            629.5048828125,
            617.8843383789062,
            607.8078002929688,
            597.9637451171875,
            588.6839599609375,
            581.6686401367188,
            573.112060546875,
            566.4537353515625,
            561.267333984375,
            554.9525756835938,
            548.4126586914062,
            543.4949951171875,
            538.1114501953125,
            534.4779052734375,
            530.8400268554688,
            527.6141357421875
        ],
        "mae": [
            60.52214813232422,
            41.80653762817383,
            30.867250442504883,
            27.656354904174805,
            26.568679809570312,
            25.960376739501953,
            25.486173629760742,
            25.080284118652344,
            24.684843063354492,
            24.299901962280273,
            23.95088005065918,
            23.59870147705078,
            23.266754150390625,
            22.948394775390625,
            22.622804641723633,
            22.30084800720215,
            22.0125789642334,
            21.672893524169922,
            21.377784729003906,
            21.108367919921875,
            20.80867576599121,
            20.551515579223633,
            20.270484924316406,
            20.002395629882812,
            19.764955520629883,
            19.507503509521484,
            19.280914306640625,
            19.036048889160156,
            18.819473266601562,
            18.6202392578125,
            18.42378044128418,
            18.228408813476562,
            18.07293128967285,
            17.90817642211914,
            17.751121520996094,
            17.60833168029785,
            17.484432220458984,
            17.36396598815918,
            17.249120712280273,
            17.154115676879883,
            17.048870086669922,
            16.961397171020508,
            16.8870849609375,
            16.804719924926758,
            16.722278594970703,
            16.65552520751953,
            16.58641242980957,
            16.532968521118164,
            16.4799747467041,
            16.431636810302734
        ],