{
    "Federated": {
        "loss": [
            0.44274401664733887,
            0.7190108299255371,
            0.6283073425292969,
            0.7006458044052124,
            0.6061027646064758,
            0.44411879777908325,
            0.37940266728401184,
            0.33731698989868164,
            0.3276419937610626,
            0.3303612172603607,
            0.32840052247047424,
            0.32096365094184875,
            0.32104840874671936,
            0.32105007767677307,
            0.3126802146434784,
            0.3033788204193115,
            0.29829975962638855,
            0.29255202412605286,
            0.29007747769355774,
            0.27505412697792053,
            0.27671054005622864,
            0.26486843824386597,
            0.25990307331085205,
            0.2578522562980652,
            0.25692999362945557,
            0.2519359290599823,
            0.24870315194129944,
            0.24506093561649323,
            0.24382510781288147,
            0.24237461388111115,
            0.2401409149169922,
            0.23994626104831696,
            0.239177867770195,
            0.23802103102207184,
            0.23871439695358276,
            0.238463893532753,
            0.23903517425060272,
            0.2383897453546524,
            0.23881463706493378,
            0.23992127180099487,
            0.2403290569782257,
            0.24163323640823364,
            0.24339152872562408,
            0.24239566922187805,
            0.24548432230949402,
            0.24809692800045013,
            0.2498074620962143,
            0.2539943754673004,
            0.2544018626213074,
            0.255784273147583
        ],
        "consenso": [
            9.577553749084473,
            3.6851937770843506,
            3.819073438644409,
            5.012139797210693,
            5.284658908843994,
            5.310081958770752,
            5.283905029296875,
            5.234393119812012,
            5.192543983459473,
            5.142917633056641,
            5.068265914916992,
            4.998149871826172,
            4.912077903747559,
            4.815207004547119,
            4.7263617515563965,
            4.6378984451293945,
            4.525306701660156,
            4.459044933319092,
            4.3570661544799805,
            4.239413261413574,
            4.153973579406738,
            4.038150310516357,
            3.9488461017608643,
            3.859574317932129,
            3.7551372051239014,
            3.676849842071533,
            3.583540916442871,
            3.5199332237243652,
            3.445039987564087,
            3.375560998916626,
            3.318040370941162,
            3.273599624633789,
            3.2117161750793457,
            3.171982526779175,
            3.1363840103149414,
            3.1018576622009277,
            3.0682883262634277,
            3.042570114135742,
            3.020610809326172,
            2.99249267578125,
            2.980178117752075,
            2.9626331329345703,
            2.9426183700561523,
            2.934272050857544,
            2.9304070472717285,
            2.923276424407959,
            2.9203574657440186,
            2.913567066192627,
            2.908958911895752,
            2.9051320552825928
        ],
        "mse": [
            151.96897888183594,
            25.075849533081055,
            26.344924926757812,
            42.457359313964844,
            47.31611251831055,
            48.19478225708008,
            48.0439567565918,
            47.40768051147461,
            46.7971305847168,
            46.059730529785156,
            44.92121124267578,
            43.87333297729492,
            42.59259796142578,
            41.1720085144043,
            39.90049743652344,
            38.65797805786133,
            37.0743522644043,
            36.1882209777832,
            34.79866027832031,
            33.21760559082031,
            32.10676956176758,
            30.607192993164062,
            29.49721336364746,
            28.41830062866211,
            27.170082092285156,
            26.271995544433594,
            25.185792922973633,
            24.457406997680664,
            23.599899291992188,
            22.794471740722656,
            22.143936157226562,
            21.643068313598633,
            20.967937469482422,
            20.553159713745117,
            20.1854190826416,
            19.829084396362305,
            19.483522415161133,
            19.223371505737305,
            19.00904083251953,
            18.739927291870117,
            18.625516891479492,
            18.46710777282715,
            18.289398193359375,
            18.2091121673584,
            18.169681549072266,
            18.09615707397461,
            18.06370735168457,
            17.991382598876953,
            17.938982009887695,
            17.892576217651367
        ],
        "mae": [
            9.577553749084473,
            3.6851937770843506,
            3.819073438644409,
            5.012139797210693,
            5.284658908843994,
            5.310081958770752,
            5.283905029296875,
            5.234393119812012,
            5.192543983459473,
            5.142917633056641,
            5.068265914916992,
            4.998149871826172,
            4.912077903747559,
            4.815207004547119,
            4.7263617515563965,
            4.6378984451293945,
            4.525306701660156,
            4.459044933319092,
            4.3570661544799805,
            4.239413261413574,
            4.153973579406738,
            4.038150310516357,
            3.9488461017608643,
            3.859574317932129,
            3.7551372051239014,
            3.676849842071533,
            3.583540916442871,
            3.5199332237243652,
            3.445039987564087,
            3.375560998916626,
            3.318040370941162,
            3.273599624633789,
            3.2117161750793457,
            3.171982526779175,
            3.1363840103149414,
            3.1018576622009277,
            3.0682883262634277,
            3.042570114135742,
            3.020610809326172,
            2.99249267578125,
            2.980178117752075,
            2.9626331329345703,
            2.9426183700561523,
            2.934272050857544,
            2.9304070472717285,
            2.923276424407959,
            2.9203574657440186,
            2.913567066192627,
            2.908958911895752,
            2.9051320552825928
        ],