{
    "Federated": {
        "loss": [
            0.29338470101356506,
            0.423105388879776,
            0.29792824387550354,
            0.28251591324806213,
            0.2779654562473297,
            0.2751644551753998,
            0.2592170238494873,
            0.24817296862602234,
            0.23850837349891663,
            0.2356998473405838,
            0.2346363514661789,
            0.2361343502998352,
            0.237672358751297,
            0.23861420154571533,
            0.24255941808223724
        ],
        "consenso": [
            9.67953109741211,
            5.897166728973389,
            5.582520484924316,
            5.033936500549316,
            4.518028259277344,
            4.091156482696533,
            3.6531424522399902,
            3.3673794269561768,
            3.174924612045288,
            3.052659511566162,
            2.9848949909210205,
            2.910759687423706,
            2.893486976623535,
            2.878277063369751,
            2.874537706375122
        ]
    }
}