{
    "Federated": {
        "loss": [
            9.322802543640137,
            11.761695861816406,
            5.139192581176758,
            3.871187210083008,
            3.8315041065216064,
            3.8206043243408203,
            3.800990581512451,
            3.783489942550659,
            3.7631659507751465,
            3.7302114963531494,
            3.7018849849700928,
            3.680109977722168,
            3.638211250305176,
            3.6269729137420654,
            3.562319278717041,
            3.5359549522399902,
            3.507197618484497,
            3.4652953147888184,
            3.445530891418457,
            3.4186177253723145,
            3.3796215057373047,
            3.363400459289551,
            3.3152856826782227,
            3.30141544342041,
            3.2793664932250977
        ],
        "consenso": [
            14.18527889251709,
            6.485540390014648,
            4.521036148071289,
            5.2102789878845215,
            5.606554985046387,
            5.719101905822754,
            5.761446475982666,
            5.775413990020752,
            5.78186559677124,
            5.742172718048096,
            5.729787826538086,
            5.7114081382751465,
            5.659669876098633,
            5.596457481384277,
            5.558528423309326,
            5.5001325607299805,
            5.438714981079102,
            5.384450912475586,
            5.318512916564941,
            5.258686065673828,
            5.1902265548706055,
            5.111025810241699,
            5.067295074462891,
            4.991109371185303,
            4.8851799964904785
        ],
        "mse": [
            390.6119384765625,
            89.93154907226562,
            38.81764602661133,
            53.698577880859375,
            60.17205047607422,
            62.4163703918457,
            63.319915771484375,
            63.64421081542969,
            63.69972229003906,
            62.946861267089844,
            62.686859130859375,
            62.33952331542969,
            61.42920684814453,
            60.34282302856445,
            59.694541931152344,
            58.715782165527344,
            57.691062927246094,
            56.79364776611328,
            55.71525573730469,
            54.764015197753906,
            53.66459655761719,
            52.406673431396484,
            51.75030517578125,
            50.58888244628906,
            48.98134231567383
        ],
        "mae": [
            14.18527889251709,
            6.485540390014648,
            4.521036148071289,
            5.2102789878845215,
            5.606554985046387,
            5.719101905822754,
            5.761446475982666,
            5.775413990020752,
            5.78186559677124,
            5.742171764373779,
            5.729787826538086,
            5.7114081382751465,
            5.659669876098633,
            5.596457481384277,
            5.558528423309326,
            5.5001325607299805,
            5.438714981079102,
            5.384450912475586,
            5.318512439727783,
            5.258686065673828,
            5.1902265548706055,
            5.111025810241699,
            5.067295074462891,
            4.991109371185303,
            4.8851799964904785
        ],
        "accuracy": [
            0.12711864709854126,
            0.0,
            0.0,
            0.0,
            0.09745762497186661,
            0.10240112990140915,
            0.10310734808444977,
            0.10381355881690979,
            0.10451977699995041,
            0.10522598773241043,
            0.10522598773241043,
            0.10593220591545105,
            0.10593220591545105,
            0.10593220591545105,
            0.10593220591545105,
            0.10593220591545105,
            0.10734463483095169,
            0.10805084556341171,
            0.10805084556341171,
            0.10805084556341171,
            0.10805084556341171,
            0.10805084556341171,
            0.10805084556341171,
            0.10805084556341171,
            0.10875706374645233
        ]
    }
}