{
    "Federated": {
        "loss": [
            44.2098503112793,
            47.297271728515625,
            29.243314743041992,
            21.473342895507812,
            19.41492462158203,
            18.540740966796875,
            18.016429901123047,
            17.490924835205078,
            17.121946334838867,
            16.769771575927734,
            16.423551559448242,
            16.0491886138916,
            15.723292350769043,
            15.450465202331543,
            15.1527681350708,
            14.797765731811523,
            14.486863136291504,
            14.203144073486328,
            13.911972045898438,
            13.71402359008789,
            13.367944717407227,
            13.102775573730469,
            12.875883102416992,
            12.572378158569336,
            12.4199857711792
        ],
        "consenso": [
            50.0842170715332,
            32.20844268798828,
            22.11882209777832,
            19.689109802246094,
            18.885583877563477,
            18.402889251708984,
            18.019996643066406,
            17.677480697631836,
            17.352615356445312,
            17.066265106201172,
            16.756574630737305,
            16.449827194213867,
            16.165300369262695,
            15.888349533081055,
            15.593663215637207,
            15.311283111572266,
            15.032942771911621,
            14.747786521911621,
            14.476728439331055,
            14.208486557006836,
            13.951193809509277,
            13.704689025878906,
            13.438464164733887,
            13.196113586425781,
            12.981897354125977
        ],
        "mse": [
            4272.56298828125,
            2111.61572265625,
            1072.723388671875,
            805.6275634765625,
            722.7185668945312,
            677.4028930664062,
            643.4752197265625,
            614.4822998046875,
            587.86669921875,
            565.7529907226562,
            541.6741943359375,
            518.6154174804688,
            498.3682861328125,
            479.2798767089844,
            458.794677734375,
            440.04595947265625,
            421.99310302734375,
            403.811279296875,
            387.2159118652344,
            370.715576171875,
            355.37774658203125,
            341.30078125,
            325.8340759277344,
            312.7236022949219,
            302.02398681640625
        ],
        "mae": [
            50.0842170715332,
            32.20844268798828,
            22.11882209777832,
            19.689109802246094,
            18.885583877563477,
            18.402889251708984,
            18.019996643066406,
            17.677480697631836,
            17.352615356445312,
            17.066265106201172,
            16.756574630737305,
            16.449827194213867,
            16.165300369262695,
            15.888349533081055,
            15.593663215637207,
            15.311283111572266,
            15.032942771911621,
            14.747786521911621,
            14.476728439331055,
            14.208486557006836,
            13.951193809509277,
            13.704689025878906,
            13.438464164733887,
            13.196113586425781,
            12.981897354125977
        ],
        "accuracy": [
            0.0,
            0.0,
            0.0,
            0.0,
            0.0,
            0.0,
            0.0,
            0.0,
            0.0,
            0.0,
            0.0,
            0.0,
            0.0,
            0.0,
            0.0,
            0.0,
            0.0,
            0.0,
            0.0,
            0.0,
            0.0,
            0.0,
            0.0,
            0.0,
            0.0
        ]
    }
}