{
    "Federated": {
        "loss": [
            44.130043029785156,
            46.431541442871094,
            29.026588439941406,
            21.817853927612305,
            19.85434913635254,
            18.94614601135254,
            18.422443389892578,
            17.954954147338867,
            17.553443908691406,
            17.047826766967773,
            16.60936164855957,
            16.409025192260742,
            16.00704574584961,
            15.632408142089844,
            15.323779106140137,
            14.972685813903809,
            14.633916854858398,
            14.306417465209961,
            14.05128002166748,
            13.762801170349121,
            13.454888343811035,
            13.222920417785645,
            12.95370101928711,
            12.631495475769043,
            12.380356788635254,
            12.117323875427246,
            11.858478546142578,
            11.700763702392578,
            11.424240112304688,
            11.272047996520996,
            10.994016647338867,
            10.846378326416016,
            10.675722122192383,
            10.500175476074219,
            10.344185829162598,
            10.169032096862793,
            10.05434799194336,
            9.947726249694824,
            9.832249641418457,
            9.723936080932617,
            9.614800453186035,
            9.538414001464844,
            9.441132545471191,
            9.370138168334961,
            9.292287826538086,
            9.235847473144531,
            9.17116641998291,
            9.100050926208496,
            9.063825607299805,
            9.00864315032959
        ],
        "consenso": [
            49.35096740722656,
            31.705974578857422,
            22.31329917907715,
            20.017919540405273,
            19.209875106811523,
            18.72083282470703,
            18.3270206451416,
            17.973539352416992,
            17.62602424621582,
            17.286235809326172,
            16.971403121948242,
            16.65018081665039,
            16.34017562866211,
            16.039283752441406,
            15.73262882232666,
            15.425737380981445,
            15.140979766845703,
            14.821033477783203,
            14.532683372497559,
            14.266582489013672,
            13.983394622802734,
            13.730995178222656,
            13.461344718933105,
            13.19887638092041,
            12.960752487182617,
            12.71108341217041,
            12.48463249206543,
            12.248800277709961,
            12.033331871032715,
            11.830206871032715,
            11.628809928894043,
            11.429327964782715,
            11.265432357788086,
            11.091341972351074,
            10.926380157470703,
            10.776530265808105,
            10.641092300415039,
            10.510786056518555,
            10.386495590209961,
            10.287235260009766,
            10.173300743103027,
            10.0784273147583,
            9.999812126159668,
            9.90964412689209,
            9.816415786743164,
            9.743432998657227,
            9.664813041687012,
            9.608186721801758,
            9.551950454711914,
            9.501914978027344
        ],
        "mse": [
            4172.5517578125,
            2068.492431640625,
            1091.3682861328125,
            834.6400756835938,
            749.8368530273438,
            703.3204345703125,
            668.1507568359375,
            638.1331787109375,
            609.2423095703125,
            581.8028564453125,
            557.4964599609375,
            533.2001953125,
            510.8125915527344,
            489.8006286621094,
            468.5472412109375,
            447.80120849609375,
            429.6917419433594,
            408.4686279296875,
            390.8534240722656,
            375.2179260253906,
            357.8727111816406,
            343.64007568359375,
            328.2635192871094,
            313.7059326171875,
            301.28082275390625,
            287.98907470703125,
            276.7870788574219,
            264.7818603515625,
            254.54562377929688,
            245.25390625,
            236.1002197265625,
            227.1746063232422,
            220.4830322265625,
            213.0709686279297,
            206.2289276123047,
            200.288330078125,
            195.18565368652344,
            190.2957305908203,
            185.74520874023438,
            182.33680725097656,
            178.27085876464844,
            175.14797973632812,
            172.73472595214844,
            169.8602294921875,
            166.93719482421875,
            164.7781219482422,
            162.45761108398438,
            160.9012451171875,
            159.36888122558594,
            158.031982421875
        ],
        "mae": [
            49.35096740722656,
            31.705974578857422,
            22.31329917907715,
            20.017919540405273,
            19.209875106811523,
            18.72083282470703,
            18.3270206451416,
            17.97353744506836,
            17.62602424621582,
            17.286235809326172,
            16.971403121948242,
            16.65018081665039,
            16.34017562866211,
            16.039283752441406,
            15.73262882232666,
            15.425737380981445,
            15.140979766845703,
            14.821033477783203,
            14.532683372497559,
            14.266582489013672,
            13.983394622802734,
            13.730995178222656,
            13.461344718933105,
            13.19887638092041,
            12.960752487182617,
            12.71108341217041,
            12.48463249206543,
            12.248800277709961,
            12.033331871032715,
            11.830206871032715,
            11.628809928894043,
            11.429327964782715,
            11.265432357788086,
            11.091341972351074,
            10.926380157470703,
            10.776530265808105,
            10.641092300415039,
            10.510786056518555,
            10.386495590209961,
            10.287235260009766,
            10.173300743103027,
            10.0784273147583,
            9.999812126159668,
            9.90964412689209,
            9.816415786743164,
            9.743432998657227,
            9.664813041687012,
            9.608186721801758,
            9.551950454711914,
            9.501914978027344
        ],
        "accuracy": [
            0.0,
            0.0,
            0.0,
            0.0,
            0.0,
            0.0,
            0.0,
            0.0,
            0.0,
            0.0,
            0.0,
            0.0,
            0.0,
            0.0,
            0.0,
            0.0,
            0.0,
            0.0,
            0.0,
            0.0,
            0.0,
            0.0,
            0.0,
            0.0,
            0.0,
            0.0,
            0.0,
            0.0,
            0.0,
            0.0,
            0.0,
            0.0,
            0.0,
            0.0,
            0.0,
            0.0,
            0.0,
            0.0,
            0.0,
            0.0,
            0.0,
            0.0,
            0.0,
            0.0,
            0.0,
            0.0,
            0.0,
            0.0,
            0.0,
            0.0
        ]
    }
}