{
    "Federated": {
        "loss": [
            13.797395706176758,
            11.255340576171875,
            8.59244155883789,
            8.165643692016602,
            7.773305892944336,
            7.419458866119385,
            7.118870258331299,
            6.894289493560791,
            6.736926078796387,
            6.624225616455078,
            6.569733142852783,
            6.529958724975586,
            6.514317989349365,
            6.506422519683838,
            6.50445556640625
        ],
        "consenso": [
            28.58585548400879,
            8.925326347351074,
            8.577374458312988,
            8.169480323791504,
            7.806905269622803,
            7.527956485748291,
            7.285915374755859,
            7.145988464355469,
            7.0740766525268555,
            7.068607807159424,
            7.118541717529297,
            7.084838390350342,
            7.1378703117370605,
            7.1412153244018555,
            7.1703877449035645
        ]
    }
}