{
    "Federated": {
        "loss": [
            20.66042137145996,
            22.141454696655273,
            11.940281867980957,
            9.168342590332031,
            8.784217834472656,
            8.62954044342041,
            8.511621475219727,
            8.40967082977295,
            8.319437980651855,
            8.222187995910645,
            8.1312837600708,
            8.039884567260742,
            7.937722206115723,
            7.852374076843262,
            7.763117790222168,
            7.675641059875488,
            7.586181640625,
            7.5139079093933105,
            7.428064823150635,
            7.345417022705078,
            7.267708778381348,
            7.198474884033203,
            7.129583358764648,
            7.055099010467529,
            6.998195171356201,
            6.942832946777344,
            6.876407623291016,
            6.832149505615234,
            6.783214569091797,
            6.7416300773620605,
            6.713610649108887,
            6.669435024261475,
            6.643299102783203,
            6.616055488586426,
            6.594236373901367,
            6.576760768890381,
            6.565287113189697,
            6.548435688018799,
            6.536991596221924,
            6.531996250152588,
            6.520766258239746,
            6.513304233551025,
            6.510168552398682,
            6.495729446411133,
            6.500351428985596,
            6.506443977355957,
            6.504292964935303,
            6.495336532592773,
            6.498763561248779,
            6.505427360534668
        ],
        "consenso": [
            27.992095947265625,
            14.910761833190918,
            9.46120548248291,
            8.780426979064941,
            8.649916648864746,
            8.557294845581055,
            8.478395462036133,
            8.402838706970215,
            8.332629203796387,
            8.264677047729492,
            8.192733764648438,
            8.12539291381836,
            8.052556037902832,
            7.97705078125,
            7.906219005584717,
            7.838692665100098,
            7.761661529541016,
            7.708179473876953,
            7.641233444213867,
            7.569955348968506,
            7.519460201263428,
            7.454622268676758,
            7.407589912414551,
            7.364335536956787,
            7.3138427734375,
            7.282665729522705,
            7.2401251792907715,
            7.219687461853027,
            7.189399242401123,
            7.160874366760254,
            7.143615245819092,
            7.1410627365112305,
            7.114670753479004,
            7.114013195037842,
            7.11711311340332,
            7.117717266082764,
            7.112668991088867,
            7.1167707443237305,
            7.123266220092773,
            7.110788345336914,
            7.1282830238342285,
            7.128757953643799,
            7.114984512329102,
            7.125126361846924,
            7.145967960357666,
            7.149558067321777,
            7.167891979217529,
            7.16191291809082,
            7.160892009735107,
            7.157208442687988
        ],
        "mse": [
            1336.39599609375,
            451.69561767578125,
            169.3916473388672,
            136.28631591796875,
            131.69944763183594,
            129.58859252929688,
            127.9311752319336,
            126.40514373779297,
            125.0900650024414,
            123.88433837890625,
            122.56990051269531,
            121.4298095703125,
            120.2181625366211,
            118.97049713134766,
            117.9341049194336,
            117.00900268554688,
            115.7984848022461,
            115.4278564453125,
            114.55475616455078,
            113.44694519042969,
            112.99932861328125,
            112.0096435546875,
            111.59673309326172,
            111.25086975097656,
            110.5740966796875,
            110.4870376586914,
            110.00212860107422,
            110.17362976074219,
            110.00598907470703,
            109.82958984375,
            109.91905975341797,
            110.31245422363281,
            110.01657104492188,
            110.38896179199219,
            110.80093383789062,
            111.09642028808594,
            111.21984100341797,
            111.54296875,
            111.92102813720703,
            111.79183959960938,
            112.3885726928711,
            112.54593658447266,
            112.33255004882812,
            112.70240783691406,
            113.32270812988281,
            113.50045013427734,
            114.0019302368164,
            113.90283966064453,
            113.9078598022461,
            113.84766387939453
        ],
        "mae": [
            27.992095947265625,
            14.910761833190918,
            9.46120548248291,
            8.780426979064941,
            8.649916648864746,
            8.557294845581055,
            8.478395462036133,
            8.402838706970215,
            8.332629203796387,
            8.264677047729492,
            8.192733764648438,
            8.125391960144043,
            8.052556037902832,
            7.97705078125,
            7.906219005584717,
            7.838692665100098,
            7.761661529541016,
            7.708179473876953,
            7.641233444213867,
            7.569955348968506,
            7.519460201263428,
            7.454622268676758,
            7.407589912414551,
            7.364335536956787,
            7.3138427734375,
            7.282665729522705,
            7.240126132965088,
            7.219687461853027,
            7.189399242401123,
            7.160874366760254,
            7.143615245819092,
            7.1410627365112305,
            7.114670753479004,
            7.114013195037842,
            7.11711311340332,
            7.117717266082764,
            7.112668991088867,
            7.1167707443237305,
            7.123266220092773,
            7.110788345336914,
            7.1282830238342285,
            7.128757953643799,
            7.114984512329102,
            7.125126361846924,
            7.145967960357666,
            7.149558067321777,
            7.167891979217529,
            7.16191291809082,
            7.160892009735107,
            7.157209396362305
        ],