{
    "Federated": {
        "loss": [
            47.2264518737793,
            48.50029373168945,
            32.95528793334961,
            26.237306594848633,
            24.328432083129883,
            23.512832641601562,
            22.965862274169922,
            22.504480361938477,
            22.158245086669922,
            21.808900833129883,
            21.450145721435547,
            21.03812599182129,
            20.66876792907715,
            20.40436363220215,
            20.054357528686523,
            19.794261932373047,
            19.469846725463867,
            19.103551864624023,
            18.880704879760742,
            18.559728622436523,
            18.270963668823242,
            17.97890281677246,
            17.667163848876953,
            17.48057746887207,
            17.239564895629883
        ],
        "consenso": [
            56.22997283935547,
            39.404972076416016,
            29.602489471435547,
            26.863248825073242,
            25.918230056762695,
            25.35288429260254,
            24.908414840698242,
            24.517045974731445,
            24.152246475219727,
            23.835397720336914,
            23.488473892211914,
            23.148887634277344,
            22.839946746826172,
            22.53953742980957,
            22.21384048461914,
            21.905311584472656,
            21.600797653198242,
            21.28898811340332,
            20.994810104370117,
            20.69857406616211,
            20.41356086730957,
            20.142227172851562,
            19.842853546142578,
            19.577980041503906,
            19.348203659057617
        ],
        "mse": [
            6001.2421875,
            3391.86962890625,
            2028.7867431640625,
            1640.5902099609375,
            1512.1571044921875,
            1439.7000732421875,
            1384.3865966796875,
            1336.42919921875,
            1291.92333984375,
            1254.51806640625,
            1213.6624755859375,
            1174.2119140625,
            1139.2996826171875,
            1106.1600341796875,
            1070.4202880859375,
            1037.5072021484375,
            1005.6193237304688,
            973.3380737304688,
            943.5567016601562,
            913.7763671875,
            885.8682250976562,
            860.0763549804688,
            831.4620361328125,
            807.0515747070312,
            786.9473266601562
        ],
        "mae": [
            56.22997283935547,
            39.404972076416016,
            29.602489471435547,
            26.863248825073242,
            25.918230056762695,
            25.35288429260254,
            24.908414840698242,
            24.517045974731445,
            24.152246475219727,
            23.835397720336914,
            23.488473892211914,
            23.148887634277344,
            22.839946746826172,
            22.53953742980957,
            22.21384048461914,
            21.905311584472656,
            21.600797653198242,
            21.288986206054688,
            20.994810104370117,
            20.69857406616211,
            20.413558959960938,
            20.142227172851562,
            19.842853546142578,
            19.577980041503906,
            19.348203659057617
        ],
        "accuracy": [
            0.0798022598028183,
            0.0007062146905809641,
            0.0007062146905809641,
            0.0007062146905809641,
            0.07838983088731766,
            0.07909604161977768,
            0.07909604161977768,
            0.07909604161977768,
            0.07909604161977768,
            0.07909604161977768,
            0.07909604161977768,
            0.07909604161977768,
            0.07909604161977768,
            0.07909604161977768,
            0.07909604161977768,
            0.07909604161977768,
            0.07909604161977768,
            0.07909604161977768,
            0.07909604161977768,
            0.07909604161977768,
            0.07909604161977768,
            0.07909604161977768,
            0.07909604161977768,
            0.07909604161977768,
            0.07909604161977768
        ]
    }
}