{
    "Federated": {
        "loss": [
            35.857357025146484,
            27.922863006591797,
            21.88763427734375,
            20.51776123046875,
            19.222631454467773,
            18.103715896606445,
            17.03118324279785,
            16.13020896911621,
            15.333412170410156,
            14.711281776428223,
            14.164094924926758,
            13.772207260131836,
            13.464376449584961,
            13.209781646728516,
            13.025115013122559
        ],
        "consenso": [
            56.01919174194336,
            26.00348472595215,
            24.351839065551758,
            23.0570011138916,
            21.785537719726562,
            20.559606552124023,
            19.530927658081055,
            18.589826583862305,
            17.790985107421875,
            17.139019012451172,
            16.606462478637695,
            16.244876861572266,
            15.894083976745605,
            15.646650314331055,
            15.425992965698242
        ]
    }
}