{
    "Federated": {
        "loss": [
            3.372026205062866,
            3.207982063293457,
            2.5129473209381104,
            2.4436228275299072,
            2.391653299331665,
            2.3471362590789795,
            2.3205292224884033,
            2.290827989578247,
            2.2830448150634766,
            2.2847650051116943,
            2.2813334465026855,
            2.291496992111206,
            2.2943155765533447,
            2.2945291996002197,
            2.2999861240386963
        ],
        "consenso": [
            8.053980827331543,
            4.779239654541016,
            4.479684352874756,
            4.011961936950684,
            3.572913885116577,
            3.2055294513702393,
            2.8251798152923584,
            2.558936595916748,
            2.370198965072632,
            2.2489097118377686,
            2.181668281555176,
            2.101567268371582,
            2.08120059967041,
            2.05547833442688,
            2.0446271896362305
        ]
    }
}