{
    "Federated": {
        "loss": [
            4.983264923095703,
            6.684995651245117,
            2.7366037368774414,
            2.5770766735076904,
            2.8668460845947266,
            2.918917655944824,
            2.923593282699585,
            2.8924388885498047,
            2.8965179920196533,
            2.854529619216919,
            2.8269283771514893,
            2.8091516494750977,
            2.7716145515441895,
            2.729229211807251,
            2.69692325592041,
            2.645925998687744,
            2.6388394832611084,
            2.598222255706787,
            2.563673973083496,
            2.5503666400909424,
            2.5246644020080566,
            2.5066263675689697,
            2.4668281078338623,
            2.4390928745269775,
            2.420034646987915,
            2.4021310806274414,
            2.3779642581939697,
            2.3705317974090576,
            2.36393666267395,
            2.353461980819702,
            2.346348524093628,
            2.331150531768799,
            2.3321900367736816,
            2.3208043575286865,
            2.315183639526367,
            2.316072463989258,
            2.310716152191162,
            2.3054866790771484,
            2.310082197189331,
            2.3040366172790527,
            2.3066346645355225,
            2.304842233657837,
            2.3059582710266113,
            2.3065145015716553,
            2.305614471435547,
            2.3124759197235107,
            2.3128583431243896,
            2.311875104904175,
            2.31075382232666,
            2.307513475418091
        ],
        "consenso": [
            7.758055210113525,
            2.973283529281616,
            3.0171709060668945,
            4.032699108123779,
            4.224409580230713,
            4.21919059753418,
            4.186770915985107,
            4.1414570808410645,
            4.104926586151123,
            4.062747478485107,
            3.9998128414154053,
            3.9415786266326904,
            3.8700451850891113,
            3.789520740509033,
            3.715780735015869,
            3.6427714824676514,
            3.5480144023895264,
            3.4932303428649902,
            3.4069299697875977,
            3.3070554733276367,
            3.2335102558135986,
            3.1326193809509277,
            3.055868625640869,
            2.9800822734832764,
            2.891286849975586,
            2.825221061706543,
            2.7422940731048584,
            2.6851446628570557,
            2.6166586875915527,
            2.549795150756836,
            2.493995189666748,
            2.450714111328125,
            2.39176869392395,
            2.3549227714538574,
            2.32116961479187,
            2.287430763244629,
            2.2541921138763428,
            2.228325366973877,
            2.206474781036377,
            2.177746534347534,
            2.16605544090271,
            2.148813247680664,
            2.128074884414673,
            2.118746042251587,
            2.114389657974243,
            2.1053364276885986,
            2.1016175746917725,
            2.0918397903442383,
            2.0845561027526855,
            2.0777242183685303
        ],
        "mse": [
            125.37377166748047,
            19.64998435974121,
            17.909147262573242,
            29.828927993774414,
            33.42279815673828,
            34.04536819458008,
            33.928916931152344,
            33.464210510253906,
            33.03007125854492,
            32.50465774536133,
            31.670848846435547,
            30.90894317626953,
            29.969348907470703,
            28.91963768005371,
            27.983509063720703,
            27.070728302001953,
            25.88871955871582,
            25.246057510375977,
            24.2083683013916,
            23.02387237548828,
            22.19757652282715,
            21.068607330322266,
            20.236679077148438,
            19.424882888793945,
            18.4792423248291,
            17.800884246826172,
            16.971553802490234,
            16.41843032836914,
            15.760930061340332,
            15.140364646911621,
            14.639225959777832,
            14.251221656799316,
            13.723275184631348,
            13.398659706115723,
            13.108945846557617,
            12.825288772583008,
            12.548827171325684,
            12.338397979736328,
            12.163911819458008,
            11.942558288574219,
            11.846705436706543,
            11.713116645812988,
            11.561910629272461,
            11.491788864135742,
            11.455863952636719,
            11.390009880065918,
            11.359856605529785,
            11.294636726379395,
            11.245540618896484,
            11.201728820800781
        ],
        "mae": [
            7.758055210113525,
            2.973283529281616,
            3.0171709060668945,
            4.032699108123779,
            4.224409580230713,
            4.21919059753418,
            4.186770915985107,
            4.1414570808410645,
            4.104926586151123,
            4.062747478485107,
            3.9998128414154053,
            3.9415786266326904,
            3.8700451850891113,
            3.789520740509033,
            3.715780735015869,
            3.6427714824676514,
            3.5480144023895264,
            3.4932303428649902,
            3.4069299697875977,
            3.3070554733276367,
            3.2335102558135986,
            3.1326193809509277,
            3.055868625640869,
            2.980081796646118,
            2.891286849975586,
            2.825221061706543,
            2.7422940731048584,
            2.6851446628570557,
            2.6166586875915527,
            2.549795150756836,
            2.493995189666748,
            2.450714111328125,
            2.39176869392395,
            2.3549227714538574,
            2.32116961479187,
            2.287430763244629,
            2.2541921138763428,
            2.228325366973877,
            2.206474781036377,
            2.177746534347534,
            2.16605544090271,
            2.148813247680664,
            2.128074884414673,
            2.118746042251587,
            2.114389657974243,
            2.1053364276885986,
            2.1016175746917725,
            2.0918397903442383,
            2.0845561027526855,
            2.0777242183685303
        ],