{
    "Federated": {
        "loss": [
            3.1510791778564453,
            2.7759225368499756,
            2.014096736907959,
            1.9779618978500366,
            1.9258004426956177,
            1.8604525327682495,
            1.8295964002609253,
            1.8039615154266357,
            1.7954562902450562,
            1.7805880308151245,
            1.789331316947937,
            1.7864958047866821,
            1.78988516330719,
            1.7939573526382446,
            1.796879529953003
        ],
        "consenso": [
            6.801608562469482,
            4.37384033203125,
            4.079369068145752,
            3.6725120544433594,
            3.301297187805176,
            2.9885334968566895,
            2.6618402004241943,
            2.4318881034851074,
            2.2624268531799316,
            2.1444320678710938,
            2.075810432434082,
            1.9935691356658936,
            1.9691495895385742,
            1.9408962726593018,
            1.9297293424606323
        ]
    }
}