{
    "Federated": {
        "loss": [
            4.606682300567627,
            6.15557861328125,
            2.3645265102386475,
            2.11499285697937,
            2.3943700790405273,
            2.4346015453338623,
            2.4341177940368652,
            2.4233944416046143,
            2.3832695484161377,
            2.387239456176758,
            2.3305504322052,
            2.3039119243621826,
            2.2726118564605713,
            2.2409510612487793,
            2.206869125366211,
            2.181820869445801,
            2.1563403606414795,
            2.139078378677368,
            2.1040525436401367,
            2.0761196613311768,
            2.038311243057251,
            2.0249643325805664,
            1.9796242713928223,
            1.9621193408966064,
            1.9488452672958374,
            1.9211833477020264,
            1.8967280387878418,
            1.8906805515289307,
            1.8723915815353394,
            1.8559833765029907,
            1.833556890487671,
            1.834343433380127,
            1.8234984874725342,
            1.82119619846344,
            1.8112430572509766,
            1.8124399185180664,
            1.7993112802505493,
            1.806705117225647,
            1.8036524057388306,
            1.797080636024475,
            1.8004318475723267,
            1.8005995750427246,
            1.7983548641204834,
            1.8010096549987793,
            1.7929953336715698,
            1.7983551025390625,
            1.7986947298049927,
            1.7981679439544678,
            1.8006099462509155,
            1.800590991973877
        ],
        "consenso": [
            6.53959846496582,
            2.6290433406829834,
            2.920976400375366,
            3.7563939094543457,
            3.8952553272247314,
            3.8754072189331055,
            3.838097095489502,
            3.7930712699890137,
            3.7575182914733887,
            3.718543529510498,
            3.662379264831543,
            3.611076831817627,
            3.54917049407959,
            3.4801278114318848,
            3.4168570041656494,
            3.3543176651000977,
            3.2738196849823,
            3.2263927459716797,
            3.1523633003234863,
            3.0677573680877686,
            3.004997730255127,
            2.920030117034912,
            2.8547229766845703,
            2.7893569469451904,
            2.7120494842529297,
            2.6540815830230713,
            2.5829179286956787,
            2.533137083053589,
            2.4733219146728516,
            2.4151687622070312,
            2.3668458461761475,
            2.3271849155426025,
            2.2724509239196777,
            2.2367210388183594,
            2.2042739391326904,
            2.1709890365600586,
            2.1384737491607666,
            2.112377405166626,
            2.0905885696411133,
            2.0621776580810547,
            2.049436330795288,
            2.0308141708374023,
            2.0088448524475098,
            1.9986850023269653,
            1.993838906288147,
            1.9844691753387451,
            1.9804586172103882,
            1.9710474014282227,
            1.9633541107177734,
            1.956229567527771
        ],
        "mse": [
            98.64373779296875,
            16.388538360595703,
            17.09840965270996,
            27.234899520874023,
            30.141576766967773,
            30.565317153930664,
            30.4023494720459,
            29.971940994262695,
            29.570552825927734,
            29.099838256835938,
            28.36703872680664,
            27.70195198059082,
            26.888324737548828,
            25.984786987304688,
            25.172266006469727,
            24.38639259338379,
            23.376100540161133,
            22.81083869934082,
            21.91566276550293,
            20.91240119934082,
            20.19742202758789,
            19.23759651184082,
            18.52287483215332,
            17.82255744934082,
            17.015880584716797,
            16.431245803833008,
            15.722949028015137,
            15.24338436126709,
            14.679258346557617,
            14.145341873168945,
            13.71658992767334,
            13.377598762512207,
            12.92699909210205,
            12.645598411560059,
            12.394426345825195,
            12.1466646194458,
            11.910240173339844,
            11.724762916564941,
            11.57292652130127,
            11.381152153015137,
            11.29586410522461,
            11.177745819091797,
            11.045969009399414,
            10.982820510864258,
            10.95053768157959,
            10.890295028686523,
            10.863028526306152,
            10.804596900939941,
            10.759557723999023,
            10.718818664550781
        ],
        "mae": [
            6.53959846496582,
            2.6290431022644043,
            2.920976400375366,
            3.7563939094543457,
            3.8952553272247314,
            3.8754072189331055,
            3.838097095489502,
            3.7930712699890137,
            3.7575182914733887,
            3.718543529510498,
            3.662379264831543,
            3.611076831817627,
            3.54917049407959,
            3.4801278114318848,
            3.4168570041656494,
            3.3543176651000977,
            3.2738196849823,
            3.2263927459716797,
            3.1523633003234863,
            3.0677573680877686,
            3.004997730255127,
            2.920030117034912,
            2.8547229766845703,
            2.7893569469451904,
            2.7120494842529297,
            2.6540815830230713,
            2.5829179286956787,
            2.533137083053589,
            2.4733219146728516,
            2.4151687622070312,
            2.3668458461761475,
            2.3271851539611816,
            2.2724509239196777,
            2.2367210388183594,
            2.2042739391326904,
            2.1709890365600586,
            2.1384737491607666,
            2.112377405166626,
            2.0905885696411133,
            2.0621776580810547,
            2.049436330795288,
            2.0308141708374023,
            2.0088448524475098,
            1.9986850023269653,
            1.993838906288147,
            1.9844691753387451,
            1.9804589748382568,
            1.9710474014282227,
            1.9633541107177734,
            1.956229567527771
        ],