{
    "Federated": {
        "loss": [
            4.657333850860596,
            6.504199981689453,
            2.443397283554077,
            2.0925376415252686,
            2.366962432861328,
            2.410639762878418,
            2.4356801509857178,
            2.409750461578369,
            2.400876522064209,
            2.3416695594787598,
            2.318202495574951,
            2.2619223594665527,
            2.271054983139038,
            2.243924617767334,
            2.2164876461029053,
            2.1768128871917725,
            2.1323516368865967,
            2.1058273315429688,
            2.0725388526916504,
            2.0566389560699463,
            2.0493578910827637,
            2.0160562992095947,
            2.0059118270874023,
            1.9732002019882202,
            1.9326343536376953
        ],
        "consenso": [
            6.739482879638672,
            2.737985610961914,
            2.8168673515319824,
            3.6815860271453857,
            3.818932056427002,
            3.8004863262176514,
            3.7688701152801514,
            3.73341703414917,
            3.699004888534546,
            3.642139196395874,
            3.603172540664673,
            3.561375856399536,
            3.5020079612731934,
            3.437039613723755,
            3.384615898132324,
            3.322319746017456,
            3.2584168910980225,
            3.1993215084075928,
            3.1319613456726074,
            3.069641351699829,
            3.0015206336975098,
            2.927706718444824,
            2.874629259109497,
            2.805208444595337,
            2.718724489212036
        ],
        "mse": [
            104.19969177246094,
            18.135215759277344,
            16.128475189208984,
            26.248353958129883,
            29.083410263061523,
            29.557573318481445,
            29.49313735961914,
            29.208267211914062,
            28.82672882080078,
            28.085052490234375,
            27.593687057495117,
            27.059886932373047,
            26.279056549072266,
            25.425600051879883,
            24.76300621032715,
            23.976829528808594,
            23.18048667907715,
            22.458337783813477,
            21.646587371826172,
            20.911094665527344,
            20.12238121032715,
            19.289039611816406,
            18.711397171020508,
            17.958587646484375,
            17.045040130615234
        ],
        "mae": [
            6.739482879638672,
            2.737985610961914,
            2.8168673515319824,
            3.6815860271453857,
            3.818932056427002,
            3.8004863262176514,
            3.7688701152801514,
            3.73341703414917,
            3.699004888534546,
            3.642139196395874,
            3.603172540664673,
            3.561375856399536,
            3.5020079612731934,
            3.437039613723755,
            3.384615898132324,
            3.322319746017456,
            3.2584168910980225,
            3.1993215084075928,
            3.1319613456726074,
            3.069641351699829,
            3.0015206336975098,
            2.927706718444824,
            2.874629259109497,
            2.805208444595337,
            2.718724489212036
        ],
        "accuracy": [
            0.0381355918943882,
            0.0014124293811619282,
            0.0014124293811619282,
            0.0014124293811619282,
            0.031073445454239845,
            0.033192090690135956,
            0.0346045196056366,
            0.0346045196056366,
            0.0346045196056366,
            0.0346045196056366,
            0.0346045196056366,
            0.0346045196056366,
            0.0346045196056366,
            0.0346045196056366,
            0.0346045196056366,
            0.0346045196056366,
            0.0346045196056366,
            0.0346045196056366,
            0.0346045196056366,
            0.0346045196056366,
            0.0346045196056366,
            0.0346045196056366,
            0.0346045196056366,
            0.0346045196056366,
            0.0346045196056366
        ]
    }
}