{
    "Federated": {
        "loss": [
            19.211624145507812,
            15.037489891052246,
            10.371061325073242,
            8.031173706054688,
            6.5562214851379395,
            5.55396032333374
        ],
        "val_loss": [
            11.056999206542969,
            8.361629486083984,
            7.795011520385742,
            6.415619850158691,
            5.435292720794678,
            4.885687351226807
        ],
        "loss_consensus_local": [
            33.468605041503906,
            16.799854278564453,
            9.940347671508789,
            7.296330451965332,
            6.098453998565674,
            5.3927202224731445
        ],
        "loss_consensus_global": [
            32.49653625488281,
            16.454965591430664,
            10.553807258605957,
            8.931710243225098,
            7.786808013916016,
            7.060424327850342
        ]
    },
    "No Federated (Local)": {
        "loss": [
            19.173566818237305,
            9.417170524597168,
            6.2448344230651855,
            4.799600601196289,
            4.039834976196289,
            3.5701377391815186
        ],
        "val_loss": [
            11.185667991638184,
            7.043785572052002,
            5.353733539581299,
            4.524725437164307,
            4.063302040100098,
            3.898646831512451
        ]
    }
}