{
    "ML (Local)": {
        "loss": [
            19.56954002380371,
            10.65516185760498,
            8.957022666931152,
            8.076411247253418,
            7.397214412689209,
            6.83712100982666,
            6.397225379943848,
            6.086014747619629,
            5.874884128570557,
            5.731797695159912
        ],
        "val_loss": [
            8.364620208740234,
            5.97401762008667,
            5.285646915435791,
            4.7870192527771,
            4.385207653045654,
            4.041053771972656,
            3.857760190963745,
            3.6891274452209473,
            3.544914722442627,
            3.5342884063720703
        ]
    }
}