{
    "Federated": {
        "loss": [
            34.69068145751953,
            30.400156021118164,
            27.36749839782715,
            23.783597946166992,
            21.089981079101562,
            19.005069732666016,
            17.416973114013672,
            16.28401756286621,
            15.161703109741211,
            14.456790924072266,
            13.98450756072998
        ],
        "val_loss": [
            22.163042068481445,
            18.316144943237305,
            17.257972717285156,
            15.996441841125488,
            14.656373977661133,
            13.602704048156738,
            12.838191032409668,
            12.415385246276855,
            12.078775405883789,
            11.782647132873535,
            11.543442726135254
        ],
        "loss_consensus_local": [
            51.55146789550781,
            42.12678146362305,
            32.43975830078125,
            25.427024841308594,
            21.008548736572266,
            18.179004669189453,
            16.39158058166504,
            14.574969291687012,
            13.537629127502441,
            12.924921035766602,
            12.507282257080078
        ],
        "loss_consensus_global": [
            27.477371215820312,
            20.566436767578125,
            14.160322189331055,
            10.107646942138672,
            8.281303405761719,
            7.221700191497803,
            6.455556869506836,
            5.461628437042236,
            5.031920909881592,
            4.880453586578369,
            4.828257083892822
        ]
    },
    "No Federated (Local)": {
        "loss": [
            34.77881622314453,
            22.68408966064453,
            18.70746421813965,
            16.410974502563477,
            14.76375961303711,
            13.441259384155273,
            12.34090518951416,
            11.411077499389648,
            10.608551025390625,
            9.939119338989258,
            9.40071964263916
        ],
        "val_loss": [
            22.135652542114258,
            17.7356014251709,
            15.137988090515137,
            13.608856201171875,
            12.22775936126709,
            11.31043529510498,
            10.60342025756836,
            9.786476135253906,
            9.250917434692383,
            8.698163986206055,
            8.359930038452148
        ]
    }
}