{
    "Federated": {
        "loss": [
            17.25652503967285,
            13.916186332702637,
            11.063041687011719,
            8.23328685760498,
            6.683928489685059,
            5.593914031982422,
            4.876530647277832,
            4.197187423706055,
            3.7883849143981934,
            3.6254758834838867,
            3.513140916824341
        ],
        "val_loss": [
            8.342007637023926,
            7.9643754959106445,
            6.725057125091553,
            5.800288677215576,
            5.075130462646484,
            4.528717994689941,
            4.214951515197754,
            3.900512933731079,
            3.8439278602600098,
            3.7634143829345703,
            3.779207706451416
        ],
        "loss_consensus_local": [
            26.041303634643555,
            21.401023864746094,
            13.829328536987305,
            9.48134708404541,
            7.1174635887146,
            5.82065486907959,
            5.1472859382629395,
            4.147716045379639,
            3.9234817028045654,
            3.8547189235687256,
            3.8651726245880127
        ],
        "loss_consensus_global": [
            25.0101261138916,
            20.941022872924805,
            13.920799255371094,
            9.826642990112305,
            7.935083866119385,
            6.922611713409424,
            6.631436347961426,
            5.323492050170898,
            4.978886604309082,
            4.8607282638549805,
            4.809774398803711
        ]
    },
    "No Federated (Local)": {
        "loss": [
            17.288846969604492,
            7.079606533050537,
            5.24617338180542,
            4.728222370147705,
            4.410370826721191,
            4.163323402404785,
            3.962604284286499,
            3.794935464859009,
            3.660632371902466,
            3.5308148860931396,
            3.442204236984253
        ],
        "val_loss": [
            8.567216873168945,
            5.61420202255249,
            5.126091957092285,
            4.8452935218811035,
            4.515945911407471,
            4.345715522766113,
            4.139082908630371,
            4.268292427062988,
            3.9314894676208496,
            3.7648444175720215,
            3.6577348709106445
        ]
    }
}