{
    "Federated": {
        "loss": [
            4.8782572746276855,
            4.175478935241699,
            2.6244781017303467,
            1.9874986410140991,
            1.6937202215194702,
            1.5817385911941528
        ],
        "val_loss": [
            16.182418823242188,
            14.75915813446045,
            10.873050689697266,
            7.962401866912842,
            6.160765647888184,
            5.264763832092285
        ],
        "loss_consensus_local": [
            37.85303497314453,
            21.473291397094727,
            12.827254295349121,
            8.324963569641113,
            6.171482086181641,
            5.166419982910156
        ],
        "loss_consensus_global": [
            37.85303497314453,
            21.473291397094727,
            12.827254295349121,
            8.324963569641113,
            6.171482086181641,
            5.166419982910156
        ]
    },
    "No Federated (Local)": {
        "loss": [
            4.88817024230957,
            2.1675376892089844,
            1.8537262678146362,
            1.7201544046401978,
            1.6383973360061646,
            1.578848123550415
        ],
        "val_loss": [
            16.176239013671875,
            14.524039268493652,
            13.822393417358398,
            13.318597793579102,
            12.978477478027344,
            12.722668647766113
        ]
    }
}