{
    "Federated": {
        "loss": [
            22.4270076751709,
            15.85163688659668,
            11.970555305480957,
            8.336946487426758,
            6.457823753356934,
            5.079980850219727,
            4.089049816131592,
            3.484788417816162,
            3.1614294052124023,
            2.9810307025909424,
            2.8768324851989746
        ],
        "val_loss": [
            14.833054542541504,
            8.959650993347168,
            8.113139152526855,
            6.318565845489502,
            5.064706802368164,
            4.161007881164551,
            3.5954113006591797,
            3.4302165508270264,
            3.3344900608062744,
            3.181772232055664,
            3.145803689956665
        ],
        "loss_consensus_local": [
            28.353086471557617,
            20.96479606628418,
            11.2888822555542,
            7.804453372955322,
            6.034347057342529,
            4.919193744659424,
            4.149023056030273,
            3.6966211795806885,
            3.4676904678344727,
            3.323010206222534,
            3.268667221069336
        ],
        "loss_consensus_global": [
            27.179664611816406,
            20.157533645629883,
            11.275825500488281,
            9.078118324279785,
            7.573344707489014,
            6.291306018829346,
            5.367445945739746,
            4.692113876342773,
            4.2200927734375,
            3.9039785861968994,
            3.767777681350708
        ]
    },
    "No Federated (Local)": {
        "loss": [
            22.353246688842773,
            15.103987693786621,
            12.505559921264648,
            10.878643989562988,
            9.718509674072266,
            8.779544830322266,
            7.982126712799072,
            7.303030490875244,
            6.715573310852051,
            6.201085090637207,
            5.747950077056885
        ],
        "val_loss": [
            14.964386940002441,
            12.261002540588379,
            10.735855102539062,
            9.789705276489258,
            8.80247974395752,
            8.206663131713867,
            7.51763916015625,
            6.937424182891846,
            6.522569179534912,
            6.127751350402832,
            5.713538646697998
        ]
    }
}