{
    "Federated": {
        "loss": [
            4.486518383026123,
            3.456975221633911,
            3.2841529846191406,
            3.140047311782837,
            3.087062358856201,
            3.081113576889038
        ],
        "val_loss": [
            2.313279151916504,
            2.1001429557800293,
            2.0883662700653076,
            2.066930055618286,
            2.0613107681274414,
            2.0630054473876953
        ],
        "loss_consensus_local": [
            9.116715431213379,
            7.109029769897461,
            6.206842422485352,
            6.014199733734131,
            6.148521900177002,
            6.381385803222656
        ],
        "loss_consensus_global": [
            28.5273494720459,
            25.654787063598633,
            23.573759078979492,
            22.17888641357422,
            21.268783569335938,
            20.65302276611328
        ]
    },
    "No Federated (Local)": {
        "loss": [
            4.4947614669799805,
            2.0094754695892334,
            1.7657147645950317,
            1.6575037240982056,
            1.590851902961731,
            1.5468621253967285
        ],
        "val_loss": [
            2.3453335762023926,
            1.9501957893371582,
            1.8480812311172485,
            1.8166844844818115,
            1.7495167255401611,
            1.7446565628051758
        ]
    }
}