{
    "Federated": {
        "loss": [
            13.988108375493217,
            11.714988763425865,
            7.595120959422168,
            6.574080171538334,
            5.907772983990464,
            5.489223074094922
        ],
        "val_loss": [
            9.470379981340146,
            7.532587038535698,
            6.308201394829095,
            5.559025028172662,
            5.129162128065147,
            4.818613117816401
        ]
    },
    "Consenso": {
        "val_loss": [
            6.306258136150884
        ]
    }
}