{
    "Federated": {
        "loss": [
            4.158262252807617,
            3.5547635555267334,
            1.577830195426941,
            1.303712248802185,
            1.1990524530410767,
            1.1551542282104492,
            1.1014657020568848,
            1.066214919090271,
            1.0562829971313477,
            1.0297772884368896,
            1.0342286825180054
        ],
        "val_loss": [
            13.258350372314453,
            9.071429252624512,
            5.461085796356201,
            4.338809490203857,
            3.8709564208984375,
            3.521784782409668,
            3.2492735385894775,
            3.0892317295074463,
            2.785691738128662,
            2.6336328983306885,
            2.4663619995117188
        ]
    },
    "Consenso": {
        "val_loss": [
            4.189955711364746
        ]
    }
}