{
    "Federated": {
        "loss": [
            25.65932846069336,
            19.604949951171875,
            10.875077247619629,
            8.835003852844238,
            7.51213264465332,
            6.576956272125244,
            5.905236721038818,
            5.379935264587402,
            4.950973033905029,
            4.6070427894592285,
            4.341164588928223
        ],
        "val_loss": [
            18.242036819458008,
            9.638955116271973,
            8.040240287780762,
            6.891293048858643,
            6.095149993896484,
            5.464234828948975,
            5.108980178833008,
            4.796682357788086,
            4.537904262542725,
            4.396054267883301,
            4.196763515472412
        ]
    },
    "Consenso": {
        "val_loss": [
            3.7180685997009277
        ]
    }
}