{
    "Federated": {
        "loss": [
            4.46434211730957,
            4.299047470092773,
            2.097830295562744,
            1.712453007698059,
            1.5514663457870483,
            1.5602883100509644,
            1.5553494691848755,
            1.5572572946548462,
            1.5213737487792969,
            1.5189274549484253,
            1.491757869720459
        ],
        "val_loss": [
            2.5253090858459473,
            2.576345205307007,
            1.9917998313903809,
            1.749327301979065,
            1.7077683210372925,
            1.6722793579101562,
            1.6867575645446777,
            1.6669877767562866,
            1.638535976409912,
            1.6252776384353638,
            1.616020917892456
        ]
    },
    "Consenso": {
        "val_loss": [
            6.3066792488098145
        ]
    }
}