{
    "Federated": {
        "loss": [
            3.252760171890259,
            3.040390729904175,
            1.6987985372543335,
            1.401915192604065,
            1.3063833713531494,
            1.3528677225112915,
            1.3612273931503296,
            1.3462203741073608,
            1.3171111345291138,
            1.2918460369110107,
            1.2743836641311646
        ],
        "val_loss": [
            1.4346325397491455,
            1.487762689590454,
            1.1816376447677612,
            1.088503360748291,
            1.10994291305542,
            1.1059900522232056,
            1.1034936904907227,
            1.0958305597305298,
            1.1000250577926636,
            1.0862131118774414,
            1.0725181102752686
        ]
    },
    "Consenso": {
        "val_loss": [
            6.339254856109619
        ]
    }
}