{
    "Federated": {
        "loss": [
            5.202693462371826,
            4.4696784019470215,
            2.2014830112457275,
            1.7993624210357666,
            1.6395645141601562,
            1.5330151319503784,
            1.4574567079544067,
            1.381388545036316,
            1.3407617807388306,
            1.2967638969421387,
            1.2693651914596558
        ],
        "val_loss": [
            5.092634677886963,
            4.012664794921875,
            2.9003801345825195,
            2.6678130626678467,
            2.4726085662841797,
            2.3608384132385254,
            2.3539235591888428,
            2.2033939361572266,
            2.2395570278167725,
            2.1462554931640625,
            2.099914073944092
        ]
    },
    "Consenso": {
        "val_loss": [
            4.056813716888428
        ]
    }
}