{
    "Federated": {
        "loss": [
            4.072042942047119,
            3.697885036468506,
            1.413342833518982,
            1.267007827758789,
            1.2507493495941162,
            1.2591487169265747,
            1.2409104108810425,
            1.220461130142212,
            1.2025729417800903,
            1.1920509338378906,
            1.184990406036377
        ],
        "val_loss": [
            1.9126700162887573,
            1.8011690378189087,
            1.4410167932510376,
            1.3632042407989502,
            1.3840892314910889,
            1.3426074981689453,
            1.3339709043502808,
            1.3222432136535645,
            1.3240834474563599,
            1.3178728818893433,
            1.318414568901062
        ]
    },
    "Consenso": {
        "val_loss": [
            4.157721519470215
        ]
    }
}