{
    "Federated": {
        "loss": [
            3.0556750297546387,
            1.9472522735595703,
            1.7437083721160889,
            1.630029320716858,
            1.4748070240020752,
            1.351088523864746,
            1.2905837297439575,
            1.2490438222885132,
            1.2234530448913574,
            1.1988860368728638,
            1.1948094367980957
        ],
        "val_loss": [
            1.5532690286636353,
            1.4657278060913086,
            1.4540890455245972,
            1.4233089685440063,
            1.3991260528564453,
            1.37484872341156,
            1.330272912979126,
            1.3029028177261353,
            1.2981574535369873,
            1.2810344696044922,
            1.262918472290039
        ]
    },
    "Consenso": {
        "val_loss": [
            8.796833992004395
        ]
    }
}