{
    "Federated": {
        "loss": [
            10.827448844909668,
            6.595035076141357,
            5.1742401123046875,
            4.606997966766357,
            4.255888938903809,
            3.954756021499634,
            3.6976418495178223,
            3.4752800464630127,
            3.3585853576660156,
            3.2758941650390625,
            3.19683575630188
        ],
        "val_loss": [
            16.169761657714844,
            17.019102096557617,
            13.95721435546875,
            11.521846771240234,
            9.700916290283203,
            8.359027862548828,
            7.007152080535889,
            6.501148700714111,
            5.981605052947998,
            5.6341233253479,
            5.476595401763916
        ]
    },
    "Consenso": {
        "val_loss": [
            4.184627532958984
        ]
    }
}