{
    "Federated": {
        "loss": [
            6.706697463989258,
            4.418962001800537,
            3.251490831375122,
            2.991278648376465,
            2.8660497665405273,
            2.770357847213745,
            2.7145771980285645,
            2.680962324142456,
            2.6645350456237793,
            2.642333507537842,
            2.670703887939453
        ],
        "val_loss": [
            3.975094795227051,
            2.6886343955993652,
            2.2884325981140137,
            2.168203115463257,
            2.0684614181518555,
            2.0865280628204346,
            2.0709025859832764,
            1.9927423000335693,
            1.9741007089614868,
            1.9844774007797241,
            1.951823115348816
        ]
    },
    "Consenso": {
        "val_loss": [
            6.443599700927734
        ]
    }
}