{
    "Federated": {
        "loss": [
            22.936904907226562,
            19.382295608520508,
            10.864931106567383,
            9.255743980407715,
            8.036383628845215,
            7.275850772857666,
            6.779704570770264,
            6.430845737457275,
            6.147829532623291,
            5.896728515625,
            5.702382564544678
        ],
        "val_loss": [
            15.177007675170898,
            11.167691230773926,
            9.001730918884277,
            7.723996639251709,
            6.753786563873291,
            6.237354278564453,
            6.049376964569092,
            5.602105140686035,
            5.457437038421631,
            5.158971309661865,
            5.010985851287842
        ]
    },
    "Consenso": {
        "val_loss": [
            5.1874542236328125
        ]
    }
}