{
    "Federated": {
        "loss": [
            4.763348579406738,
            2.895282745361328,
            1.9202604293823242,
            1.7993881702423096,
            1.7942683696746826,
            1.7739239931106567,
            1.691781997680664,
            1.6797113418579102,
            1.676688551902771,
            1.6945775747299194,
            1.6714591979980469
        ],
        "val_loss": [
            2.4273593425750732,
            2.244431495666504,
            2.1109790802001953,
            2.0209877490997314,
            1.9521747827529907,
            1.9052889347076416,
            1.8420958518981934,
            1.833892822265625,
            1.8064571619033813,
            1.7954480648040771,
            1.7944259643554688
        ]
    },
    "Consenso": {
        "val_loss": [
            6.789659023284912
        ]
    }
}