{
    "Federated": {
        "loss": [
            13.331511497497559,
            11.710952758789062,
            5.477957725524902,
            4.162192344665527,
            3.470518112182617,
            3.0794291496276855,
            2.796226978302002,
            2.592318058013916,
            2.4286744594573975,
            2.3097455501556396,
            2.23012375831604
        ],
        "val_loss": [
            5.5972208976745605,
            4.849391937255859,
            3.5284488201141357,
            3.016427755355835,
            2.8077502250671387,
            2.6310503482818604,
            2.5193400382995605,
            2.433021306991577,
            2.3397409915924072,
            2.294825315475464,
            2.257086992263794
        ]
    },
    "Consenso": {
        "val_loss": [
            3.747560977935791
        ]
    }
}