{
    "Federated": {
        "loss": [
            38.02965545654297,
            30.182764053344727,
            23.211017608642578,
            21.69396209716797,
            20.847488403320312,
            20.324663162231445,
            20.074377059936523,
            19.963459014892578,
            19.861202239990234,
            19.851459503173828,
            19.778635025024414
        ],
        "val_loss": [
            23.306278228759766,
            17.326810836791992,
            14.897801399230957,
            13.989180564880371,
            13.438776016235352,
            12.990816116333008,
            12.77175521850586,
            12.194775581359863,
            12.319610595703125,
            12.138776779174805,
            12.039932250976562
        ]
    },
    "Consenso": {
        "val_loss": [
            6.641331672668457
        ]
    }
}