{
    "Federated": {
        "loss": [
            4.386837959289551,
            4.094369888305664,
            1.557502031326294,
            1.407833456993103,
            1.3827463388442993,
            1.366308331489563,
            1.3581336736679077,
            1.3347965478897095,
            1.3246551752090454,
            1.312869668006897,
            1.3034553527832031
        ],
        "val_loss": [
            2.1346592903137207,
            2.0119118690490723,
            1.6356838941574097,
            1.5785924196243286,
            1.5506948232650757,
            1.5392574071884155,
            1.5397255420684814,
            1.5183383226394653,
            1.5114191770553589,
            1.5127496719360352,
            1.5040353536605835
        ]
    },
    "Consenso": {
        "val_loss": [
            4.170363903045654
        ]
    }
}