{
    "ML (Local)": {
        "loss": [
            21.114622116088867,
            13.859216690063477,
            11.494013786315918,
            10.180408477783203,
            9.212618827819824,
            8.43576717376709,
            7.792159080505371,
            7.258027076721191,
            6.81667423248291,
            6.465656280517578
        ],
        "val_loss": [
            11.492168426513672,
            8.113100051879883,
            6.816671848297119,
            6.025593280792236,
            5.415735721588135,
            4.929554462432861,
            4.562450885772705,
            4.233954906463623,
            3.9856746196746826,
            3.804224967956543
        ]
    }
}