{
    "ML (Local)": {
        "loss": [
            19.31163787841797,
            9.810633659362793,
            7.178673267364502,
            6.505481719970703,
            6.16060209274292,
            5.934848308563232
        ],
        "val_loss": [
            8.564417839050293,
            4.6595354080200195,
            4.086659908294678,
            3.8373167514801025,
            3.7039847373962402,
            3.5482356548309326
        ]
    }
}