{
    "Federated": {
        "loss": [
            16.341299057006836,
            15.53580093383789,
            11.42048454284668,
            8.437166213989258,
            6.405094146728516,
            5.178496837615967,
            4.392477512359619,
            3.9074723720550537,
            3.603487014770508,
            3.4033203125,
            3.2389793395996094
        ],
        "val_loss": [
            8.303193092346191,
            7.075233459472656,
            5.197485446929932,
            4.291536331176758,
            3.6308298110961914,
            3.254157543182373,
            3.054227352142334,
            2.933734178543091,
            2.8417038917541504,
            2.7686569690704346,
            2.6758148670196533
        ],
        "loss_consensus_local": [
            28.830238342285156,
            22.791894912719727,
            15.497477531433105,
            10.242021560668945,
            6.90717887878418,
            5.043638706207275,
            4.034829616546631,
            3.4675893783569336,
            3.1467082500457764,
            2.9731874465942383,
            2.890427350997925
        ],
        "loss_consensus_global": [
            34.512813568115234,
            27.365629196166992,
            18.952219009399414,
            12.936336517333984,
            9.032854080200195,
            7.1269145011901855,
            6.147078514099121,
            5.503983020782471,
            5.234762668609619,
            5.0330376625061035,
            4.882251739501953
        ]
    },
    "No Federated (Local)": {
        "loss": [
            16.306976318359375,
            7.741419792175293,
            5.642547130584717,
            4.606346607208252,
            3.893345832824707,
            3.4407832622528076,
            3.147265672683716,
            2.9609313011169434,
            2.8319461345672607,
            2.7219417095184326,
            2.656925678253174
        ],
        "val_loss": [
            8.31698226928711,
            5.044621467590332,
            4.150582313537598,
            3.560842752456665,
            3.177821397781372,
            2.8935606479644775,
            2.711960554122925,
            2.592386245727539,
            2.504485607147217,
            2.425598621368408,
            2.367668867111206
        ]
    }
}