{
    "ML": {
        "loss": [
            18.953502655029297,
            10.56629753112793,
            8.282023429870605,
            7.240542888641357,
            6.663184642791748,
            6.318395614624023
        ],
        "accuracy": [
            0.04309665411710739,
            0.040490563958883286,
            0.03846153989434242,
            0.036159493029117584,
            0.03488437086343765,
            0.034847140312194824
        ],
        "val_loss": [
            10.688977241516113,
            7.689825057983398,
            6.643046855926514,
            6.089300155639648,
            5.767331123352051,
            5.5350022315979
        ],
        "val_accuracy": [
            0.04910526052117348,
            0.05161202326416969,
            0.04797597602009773,
            0.04569258540868759,
            0.04498523101210594,
            0.04565535858273506
        ]
    }
}