{
    "Federated": {
        "loss": [
            37.16581344604492,
            25.754499435424805,
            21.593881607055664,
            17.802907943725586,
            15.718567848205566,
            14.651649475097656
        ],
        "val_loss": [
            26.138662338256836,
            12.56786060333252,
            13.325115203857422,
            12.56346321105957,
            11.91840934753418,
            11.491158485412598
        ],
        "loss_consensus_local": [
            60.961238861083984,
            40.835105895996094,
            24.02434539794922,
            16.753875732421875,
            14.798873901367188,
            14.40711784362793
        ],
        "loss_consensus_global": [
            36.614200592041016,
            21.850448608398438,
            9.844552040100098,
            6.7732930183410645,
            7.341969966888428,
            8.360319137573242
        ]
    },
    "No Federated (Local)": {
        "loss": [
            37.30067443847656,
            26.950660705566406,
            23.01875114440918,
            20.85651969909668,
            19.301227569580078,
            18.018545150756836
        ],
        "val_loss": [
            26.14056968688965,
            21.370512008666992,
            19.267946243286133,
            17.73799705505371,
            16.667387008666992,
            15.533766746520996
        ]
    }
}