{
    "Federated": {
        "loss": [
            17.444639205932617,
            14.572254180908203,
            8.362015724182129,
            5.536205291748047,
            4.287186622619629,
            3.5874812602996826
        ],
        "val_loss": [
            9.929651260375977,
            6.227046012878418,
            4.01346492767334,
            3.641829252243042,
            3.3906006813049316,
            3.2165565490722656
        ],
        "loss_consensus_local": [
            35.92748260498047,
            18.32788848876953,
            10.46828842163086,
            7.32819128036499,
            5.737946510314941,
            4.526637077331543
        ],
        "loss_consensus_global": [
            34.903079986572266,
            17.66566276550293,
            10.791975021362305,
            8.670281410217285,
            7.131309509277344,
            5.578916549682617
        ]
    },
    "No Federated (Local)": {
        "loss": [
            17.43140411376953,
            8.234682083129883,
            5.9074482917785645,
            5.014283657073975,
            4.489027500152588,
            4.092539310455322
        ],
        "val_loss": [
            10.056401252746582,
            6.507247447967529,
            5.430205821990967,
            5.075374603271484,
            4.51250696182251,
            4.250090599060059
        ]
    }
}