{
    "Federated": {
        "loss": [
            14.074566551750781,
            11.91343639212496,
            8.173842679051791,
            7.245359425451241,
            6.741439156672534,
            6.467545960697474,
            6.276882003101648,
            6.137531030762429,
            6.024576615936616,
            5.940812164428188,
            5.87696170947131
        ],
        "val_loss": [
            9.452083775342679,
            8.075374703781279,
            6.892143806289224,
            6.107215479542227,
            5.6871035487044095,
            5.414221359935461,
            5.2029642285085185,
            5.0432451848890265,
            4.923895320705339,
            4.832360593244141,
            4.746703543382533
        ]
    },
    "Consenso": {
        "val_loss": [
            6.334376293070177
        ]
    }
}