{
    "Federated": {
        "loss": [
            34.28973388671875,
            25.078350067138672,
            23.11824607849121,
            20.588821411132812,
            18.781173706054688,
            17.00768280029297
        ],
        "val_loss": [
            12.67614459991455,
            6.38450813293457,
            9.154682159423828,
            8.368218421936035,
            7.783907413482666,
            7.156986236572266
        ],
        "loss_consensus_local": [
            30.551538467407227,
            22.89996910095215,
            15.74417495727539,
            11.237462997436523,
            8.072420120239258,
            6.808992862701416
        ],
        "loss_consensus_global": [
            30.551538467407227,
            22.89996910095215,
            15.74417495727539,
            11.237462997436523,
            8.072420120239258,
            6.808992862701416
        ]
    },
    "No Federated (Local)": {
        "loss": [
            34.28424835205078,
            22.064180374145508,
            17.826642990112305,
            15.309815406799316,
            13.18847942352295,
            11.381732940673828
        ],
        "val_loss": [
            13.09853458404541,
            9.193880081176758,
            8.006054878234863,
            7.2203545570373535,
            6.174559593200684,
            5.448334217071533
        ]
    }
}