{
    "Federated": {
        "loss": [
            21.62581443786621,
            21.316883087158203,
            13.168383598327637,
            11.508203506469727,
            10.22486400604248,
            9.256048202514648
        ],
        "val_loss": [
            11.786993026733398,
            11.758771896362305,
            10.282967567443848,
            9.133331298828125,
            8.247900009155273,
            7.524079322814941
        ]
    },
    "Consenso": {
        "val_loss": [
            6.144388675689697
        ]
    }
}