{
    "Federated": {
        "loss": [
            0.6058863401412964,
            0.46833857893943787,
            0.4127563536167145,
            0.4152415692806244,
            0.39836812019348145,
            0.36559227108955383
        ],
        "val_loss": [
            1.3774482011795044,
            1.2057044506072998,
            1.110296607017517,
            1.0726195573806763,
            1.0810658931732178,
            1.1039408445358276
        ]
    },
    "Consenso": {
        "val_loss": [
            6.480466365814209
        ]
    }
}