{
    "Federated": {
        "loss": [
            13.72847843170166,
            10.288291931152344,
            5.3409743309021,
            4.034533500671387,
            3.434680938720703,
            3.123866558074951
        ],
        "val_loss": [
            7.090869426727295,
            5.180069923400879,
            4.107834339141846,
            3.37532114982605,
            3.0906152725219727,
            2.9217801094055176
        ]
    },
    "Consenso": {
        "val_loss": [
            6.36893367767334
        ]
    }
}