{
    "Federated": {
        "loss": [
            15.974980354309082,
            12.122236251831055,
            6.817574977874756,
            5.313671588897705,
            4.570343494415283,
            4.161696910858154
        ],
        "val_loss": [
            9.525676727294922,
            6.793937683105469,
            5.543951988220215,
            4.686654090881348,
            4.343981742858887,
            4.108410835266113
        ]
    },
    "Consenso": {
        "val_loss": [
            6.232796669006348
        ]
    }
}