{
    "Federated": {
        "loss": [
            13.821619987487793,
            11.846978187561035,
            6.788656711578369,
            5.312490463256836,
            4.615342617034912,
            4.227919578552246
        ],
        "val_loss": [
            8.334939956665039,
            7.010079383850098,
            5.512634754180908,
            4.702569961547852,
            4.386280059814453,
            4.157726764678955
        ]
    },
    "Consenso": {
        "val_loss": [
            6.221285343170166
        ]
    }
}