{
    "Federated": {
        "loss": [
            10.369280815124512,
            9.783666610717773,
            6.856539249420166,
            6.6993184089660645,
            6.674551486968994,
            6.515172004699707
        ],
        "val_loss": [
            18.5404109954834,
            14.79738712310791,
            14.201292991638184,
            14.067386627197266,
            13.609235763549805,
            13.563474655151367
        ]
    },
    "Consenso": {
        "val_loss": [
            7.136995792388916
        ]
    }
}