{
    "Federated": {
        "loss": [
            1.3810412883758545,
            1.1098980903625488,
            0.7933495044708252,
            0.7886935472488403,
            0.7554601430892944,
            0.7283903360366821
        ],
        "val_loss": [
            0.79289710521698,
            0.7012425661087036,
            0.6848576068878174,
            0.6781555414199829,
            0.6822203397750854,
            0.6832590699195862
        ]
    },
    "Consenso": {
        "val_loss": [
            6.512798309326172
        ]
    }
}