{
    "Federated": {
        "loss": [
            6.983943462371826,
            5.034092903137207,
            2.5565264225006104,
            2.102060556411743,
            1.8010677099227905,
            1.6335113048553467
        ],
        "val_loss": [
            4.384938716888428,
            2.9154977798461914,
            2.4815902709960938,
            2.181514024734497,
            1.9402450323104858,
            1.888788104057312
        ]
    },
    "Consenso": {
        "val_loss": [
            6.001776218414307
        ]
    }
}