{
    "Federated": {
        "loss": [
            31.666479110717773,
            29.29059600830078,
            23.985626220703125,
            23.364498138427734,
            23.034650802612305,
            22.877574920654297
        ],
        "val_loss": [
            16.863956451416016,
            17.271303176879883,
            14.178593635559082,
            13.971158981323242,
            13.420660018920898,
            13.1371431350708
        ]
    },
    "Consenso": {
        "val_loss": [
            9.412541389465332
        ]
    }
}