{
    "Federated": {
        "loss": [
            15.776238441467285,
            12.074089050292969,
            6.593301296234131,
            5.389435291290283,
            4.653932094573975,
            4.144196033477783
        ],
        "val_loss": [
            7.813833236694336,
            5.511894226074219,
            4.3592658042907715,
            3.759453058242798,
            3.3796229362487793,
            3.190507411956787
        ]
    },
    "Consenso": {
        "val_loss": [
            5.727017402648926
        ]
    }
}