{
    "Federated": {
        "loss": [
            1.7388139963150024,
            1.5298928022384644,
            1.2741115093231201,
            1.248043179512024,
            1.2126234769821167,
            1.1925098896026611
        ],
        "val_loss": [
            1.9858555793762207,
            2.1615872383117676,
            1.57902193069458,
            1.631055235862732,
            1.6991292238235474,
            1.7785289287567139
        ]
    },
    "Consenso": {
        "val_loss": [
            7.2240400314331055
        ]
    }
}