{
    "Federated": {
        "loss": [
            5.451519966125488,
            3.8744912147521973,
            1.7144757509231567,
            1.5333988666534424,
            1.4816526174545288,
            1.441742181777954
        ],
        "val_loss": [
            2.928950786590576,
            2.0825212001800537,
            1.7580753564834595,
            1.679168939590454,
            1.6550498008728027,
            1.6230766773223877
        ]
    },
    "Consenso": {
        "val_loss": [
            7.495193958282471
        ]
    }
}