{
    "Federated": {
        "loss": [
            1.8353755474090576,
            1.5330456495285034,
            0.9461795091629028,
            0.9327977895736694,
            0.8971373438835144,
            0.8811434507369995
        ],
        "val_loss": [
            1.180419683456421,
            0.963273286819458,
            0.9199253916740417,
            0.9075158834457397,
            0.8997512459754944,
            0.9138507843017578
        ]
    },
    "Consenso": {
        "val_loss": [
            6.990305423736572
        ]
    }
}