{
    "Federated": {
        "loss": [
            16.80335235595703,
            12.062030792236328,
            10.16374683380127,
            10.420555114746094,
            10.714599609375,
            11.066492080688477,
            11.48421859741211,
            11.783622741699219,
            12.12204360961914,
            12.309713363647461,
            12.537932395935059
        ],
        "val_loss": [
            8.353974342346191,
            5.489084720611572,
            5.580870151519775,
            5.393926620483398,
            5.4259467124938965,
            5.549378395080566,
            5.714748382568359,
            5.864147186279297,
            5.998012542724609,
            6.140812397003174,
            6.1906280517578125
        ]
    },
    "Consenso": {
        "val_loss": [
            8.69645881652832
        ]
    }
}