{
    "Federated": {
        "loss": [
            20.24758529663086,
            16.146194458007812,
            9.151778221130371,
            7.039800643920898,
            5.6722846031188965,
            4.790262222290039,
            4.148993968963623,
            3.692864418029785,
            3.3230292797088623,
            3.035151958465576,
            2.8525235652923584
        ],
        "val_loss": [
            12.57191276550293,
            8.398195266723633,
            7.021254062652588,
            5.558462142944336,
            4.608118534088135,
            4.146728992462158,
            3.8129446506500244,
            3.4919323921203613,
            3.279689073562622,
            3.113004684448242,
            3.002819776535034
        ]
    },
    "Consenso": {
        "val_loss": [
            3.5957741737365723
        ]
    }
}