{
    "Federated": {
        "loss": [
            4.6104631423950195,
            4.886980056762695,
            2.0637669563293457,
            1.7149182558059692,
            1.6239311695098877,
            1.5896106958389282,
            1.5552090406417847,
            1.5090603828430176,
            1.4905771017074585,
            1.4789835214614868,
            1.4798717498779297
        ],
        "val_loss": [
            2.5774426460266113,
            2.5692694187164307,
            1.9540550708770752,
            1.7777795791625977,
            1.7244246006011963,
            1.6943973302841187,
            1.6563531160354614,
            1.6321005821228027,
            1.6368945837020874,
            1.625122308731079,
            1.6277220249176025
        ]
    },
    "Consenso": {
        "val_loss": [
            6.0404863357543945
        ]
    }
}