{
    "Federated": {
        "loss": [
            3.5242919921875,
            3.4898669719696045,
            1.632022738456726,
            1.3929483890533447,
            1.354821801185608,
            1.3482576608657837,
            1.3149831295013428,
            1.2774580717086792,
            1.2550530433654785,
            1.2453820705413818,
            1.2526370286941528
        ],
        "val_loss": [
            1.4122059345245361,
            1.5199978351593018,
            1.1805490255355835,
            1.1308643817901611,
            1.1080162525177002,
            1.1076198816299438,
            1.0857467651367188,
            1.0718636512756348,
            1.0786051750183105,
            1.0840349197387695,
            1.1233845949172974
        ]
    },
    "Consenso": {
        "val_loss": [
            5.875015735626221
        ]
    }
}