{
    "Federated": {
        "loss": [
            0.5747588872909546,
            0.453080415725708,
            0.6047902703285217,
            0.7206115126609802,
            0.757495105266571,
            0.6906053423881531,
            0.7103357911109924,
            0.6242921352386475,
            0.6085988283157349,
            0.6348457336425781,
            0.5482961535453796
        ],
        "val_loss": [
            1.366679310798645,
            1.326863169670105,
            1.3951678276062012,
            1.5066347122192383,
            1.68791663646698,
            1.6427099704742432,
            1.7621879577636719,
            1.551207184791565,
            1.6558566093444824,
            1.5362675189971924,
            1.5368353128433228
        ]
    },
    "Consenso": {
        "val_loss": [
            16.266748428344727
        ]
    }
}