{
    "Federated": {
        "loss": [
            14.961973190307617,
            11.908886909484863,
            4.993922710418701,
            3.7799928188323975,
            3.2317774295806885,
            2.9486796855926514,
            2.7521047592163086,
            2.595346212387085,
            2.4825198650360107,
            2.3858771324157715,
            2.315662145614624
        ],
        "val_loss": [
            7.540153980255127,
            5.267996788024902,
            4.062887668609619,
            3.3066208362579346,
            2.9983901977539062,
            2.8414855003356934,
            2.7623789310455322,
            2.6320245265960693,
            2.561197519302368,
            2.5150656700134277,
            2.46071457862854
        ]
    },
    "Consenso": {
        "val_loss": [
            5.25344705581665
        ]
    }
}