{
    "Federated": {
        "loss": [
            8.025257110595703,
            7.7192158699035645,
            2.8828680515289307,
            2.203192710876465,
            1.9765191078186035,
            1.881941556930542,
            1.7972573041915894,
            1.72641921043396,
            1.6763031482696533,
            1.6488866806030273,
            1.6357499361038208
        ],
        "val_loss": [
            4.019392490386963,
            3.579907178878784,
            2.695142984390259,
            2.41099214553833,
            2.3042192459106445,
            2.267651319503784,
            2.1964473724365234,
            2.159120559692383,
            2.088169574737549,
            2.102004289627075,
            2.068067789077759
        ]
    },
    "Consenso": {
        "val_loss": [
            5.812726020812988
        ]
    }
}