{
    "Federated": {
        "loss": [
            15.764558792114258,
            14.049678802490234,
            6.454992771148682,
            4.987460136413574,
            4.281235694885254,
            3.919830083847046,
            3.6486315727233887,
            3.451953887939453,
            3.2741072177886963,
            3.1493947505950928,
            3.032771587371826
        ],
        "val_loss": [
            9.912276268005371,
            7.292397975921631,
            5.552796840667725,
            4.532182216644287,
            4.156836032867432,
            3.8966073989868164,
            3.7024214267730713,
            3.5523593425750732,
            3.4333744049072266,
            3.317736864089966,
            3.241389036178589
        ]
    },
    "Consenso": {
        "val_loss": [
            5.074446201324463
        ]
    }
}