{
    "Federated": {
        "loss": [
            2.5485355854034424,
            2.551403760910034,
            1.5839524269104004,
            1.3974792957305908,
            1.3635799884796143,
            1.3467297554016113,
            1.308307409286499,
            1.2751846313476562,
            1.2488187551498413,
            1.2424380779266357,
            1.2483618259429932
        ],
        "val_loss": [
            1.2578051090240479,
            1.2939767837524414,
            1.110371470451355,
            1.0804460048675537,
            1.0739970207214355,
            1.1151869297027588,
            1.0409936904907227,
            1.0401016473770142,
            1.068537712097168,
            1.0496726036071777,
            1.05801522731781
        ]
    },
    "Consenso": {
        "val_loss": [
            5.755703449249268
        ]
    }
}