{
    "Federated": {
        "loss": [
            8.953821182250977,
            7.524628162384033,
            3.461948871612549,
            2.7522408962249756,
            2.4700732231140137,
            2.3272414207458496,
            2.213671922683716,
            2.132999897003174,
            2.0679354667663574,
            2.0317749977111816,
            2.006443738937378
        ],
        "val_loss": [
            4.125580310821533,
            3.1829235553741455,
            2.192641258239746,
            1.9975943565368652,
            1.886392593383789,
            1.7955434322357178,
            1.729134202003479,
            1.6922543048858643,
            1.6563901901245117,
            1.6390563249588013,
            1.6339584589004517
        ]
    },
    "Consenso": {
        "val_loss": [
            5.382567882537842
        ]
    }
}