{
    "Federated": {
        "loss": [
            21.86707305908203,
            20.75823402404785,
            12.624971389770508,
            10.594623565673828,
            9.391945838928223,
            8.689189910888672,
            8.191814422607422,
            7.768455505371094,
            7.416962623596191,
            7.114583969116211,
            6.87012243270874
        ],
        "val_loss": [
            10.392510414123535,
            9.010421752929688,
            7.795876502990723,
            6.501561641693115,
            6.138547420501709,
            5.70209264755249,
            5.351846218109131,
            5.21217679977417,
            4.917622089385986,
            4.723142147064209,
            4.649094581604004
        ]
    },
    "Consenso": {
        "val_loss": [
            5.244773864746094
        ]
    }
}