{
    "Federated": {
        "loss": [
            91.14104461669922,
            79.0307388305664,
            72.16381072998047,
            69.72183227539062,
            68.9064712524414,
            68.87543487548828,
            69.4900131225586,
            70.2126235961914,
            71.06824493408203,
            71.74905395507812,
            72.50959777832031
        ],
        "val_loss": [
            56.11489486694336,
            41.68944549560547,
            38.48141860961914,
            35.7552604675293,
            34.461360931396484,
            35.05550765991211,
            35.16100311279297,
            35.71600341796875,
            36.04647445678711,
            36.984779357910156,
            38.37077331542969
        ]
    },
    "Consenso": {
        "val_loss": [
            18.076417922973633
        ]
    }
}