{
    "Federated": {
        "loss": [
            21.543331146240234,
            13.985218048095703,
            12.26447868347168,
            12.095792770385742,
            12.350985527038574,
            12.711337089538574,
            13.089424133300781,
            13.414338111877441,
            13.749015808105469,
            13.899868965148926,
            14.046683311462402
        ],
        "val_loss": [
            10.887534141540527,
            6.7737040519714355,
            6.959395408630371,
            6.202591419219971,
            6.083369731903076,
            6.240274429321289,
            6.498708724975586,
            6.87807559967041,
            6.706682205200195,
            7.0058369636535645,
            6.870237350463867
        ]
    },
    "Consenso": {
        "val_loss": [
            8.840679168701172
        ]
    }
}