{
    "Federated": {
        "loss": [
            1.2881584167480469,
            0.8857939839363098,
            1.1108289957046509,
            1.2344017028808594,
            1.3349460363388062,
            1.3315218687057495,
            1.3257042169570923,
            1.301299810409546,
            1.213068962097168,
            1.1760751008987427,
            1.1412205696105957
        ],
        "val_loss": [
            0.7487668395042419,
            0.8468067049980164,
            0.9968991279602051,
            1.104409098625183,
            1.152949333190918,
            1.156821846961975,
            1.1228065490722656,
            1.0541259050369263,
            0.9770873785018921,
            0.9132623076438904,
            0.8611270785331726
        ]
    },
    "Consenso": {
        "val_loss": [
            13.913235664367676
        ]
    }
}