{
    "Federated": {
        "loss": [
            7.290112018585205,
            5.026059627532959,
            3.8074147701263428,
            3.87843918800354,
            4.039622783660889,
            4.204354763031006,
            4.321401119232178,
            4.49416971206665,
            4.603360176086426,
            4.734940528869629,
            4.772225856781006
        ],
        "val_loss": [
            4.434486389160156,
            3.0169880390167236,
            2.924989700317383,
            2.7657177448272705,
            2.8671228885650635,
            2.849167585372925,
            2.9001429080963135,
            2.9911890029907227,
            2.9781086444854736,
            3.0709266662597656,
            3.01896333694458
        ]
    },
    "Consenso": {
        "val_loss": [
            9.205138206481934
        ]
    }
}