{
    "Federated": {
        "loss": [
            6.037986755371094,
            5.733532905578613,
            2.366396188735962,
            1.8927990198135376,
            1.749441385269165,
            1.6857740879058838,
            1.618444561958313,
            1.5581566095352173,
            1.5124835968017578,
            1.480420708656311,
            1.4737393856048584
        ],
        "val_loss": [
            2.6482176780700684,
            2.5698423385620117,
            1.8517522811889648,
            1.6931734085083008,
            1.6249070167541504,
            1.56928551197052,
            1.5275821685791016,
            1.519382357597351,
            1.5048679113388062,
            1.5153783559799194,
            1.518225908279419
        ]
    },
    "Consenso": {
        "val_loss": [
            5.922571182250977
        ]
    }
}