{
    "Federated": {
        "loss": [
            20.14093017578125,
            20.532594680786133,
            10.805042266845703,
            8.957446098327637,
            7.760549545288086,
            7.045046806335449,
            6.585527420043945,
            6.183691501617432,
            5.831209659576416,
            5.574304580688477,
            5.378951549530029
        ],
        "val_loss": [
            12.194127082824707,
            11.580415725708008,
            8.853551864624023,
            7.40421199798584,
            6.511786460876465,
            6.02096700668335,
            5.673409938812256,
            5.354078769683838,
            5.198853969573975,
            4.989973545074463,
            4.806464195251465
        ]
    },
    "Consenso": {
        "val_loss": [
            4.972627639770508
        ]
    }
}