{
    "Federated": {
        "loss": [
            20.22892189025879,
            16.235580444335938,
            11.336043357849121,
            9.420185089111328,
            8.955467224121094,
            9.1822509765625,
            9.763260841369629,
            10.14052963256836,
            10.697136878967285,
            11.170522689819336,
            11.47669506072998
        ],
        "val_loss": [
            14.234882354736328,
            12.055723190307617,
            9.294135093688965,
            7.264968395233154,
            6.702402591705322,
            6.618760108947754,
            6.80331563949585,
            7.138450622558594,
            7.5603790283203125,
            7.818419933319092,
            8.169424057006836
        ]
    },
    "Consenso": {
        "val_loss": [
            7.5561394691467285
        ]
    }
}