{
    "Federated": {
        "loss": [
            5.632391452789307,
            3.6035752296447754,
            2.364441156387329,
            2.1417274475097656,
            2.2000222206115723,
            2.3232598304748535,
            2.446594476699829,
            2.5250420570373535,
            2.611353635787964,
            2.6130502223968506,
            2.639071226119995
        ],
        "val_loss": [
            2.782160997390747,
            2.6626999378204346,
            2.337280511856079,
            2.312196731567383,
            2.283592939376831,
            2.3080697059631348,
            2.2231788635253906,
            2.177513837814331,
            2.165839433670044,
            2.0793843269348145,
            2.065204620361328
        ]
    },
    "Consenso": {
        "val_loss": [
            8.10457706451416
        ]
    }
}