{
    "Federated": {
        "loss": [
            23.41196060180664,
            19.288959503173828,
            9.986433982849121,
            8.136812210083008,
            6.98379373550415,
            6.380900859832764,
            5.938370704650879,
            5.583406925201416,
            5.295931339263916,
            5.064598560333252,
            4.860992908477783
        ],
        "val_loss": [
            15.25673770904541,
            10.807975769042969,
            8.408711433410645,
            6.8734612464904785,
            6.077598571777344,
            5.72997522354126,
            5.326505661010742,
            5.0809807777404785,
            4.856118679046631,
            4.693234443664551,
            4.54444694519043
        ]
    },
    "Consenso": {
        "val_loss": [
            4.915691375732422
        ]
    }
}