{
    "Federated": {
        "loss": [
            21.83964729309082,
            21.98899269104004,
            12.407883644104004,
            10.334566116333008,
            8.990459442138672,
            8.225608825683594,
            7.7133259773254395,
            7.266743183135986,
            6.9067206382751465,
            6.602315902709961,
            6.322173595428467
        ],
        "val_loss": [
            12.687898635864258,
            12.697809219360352,
            10.452444076538086,
            8.798490524291992,
            7.786839008331299,
            7.191754341125488,
            6.802578926086426,
            6.564427852630615,
            6.161146640777588,
            5.920525074005127,
            5.748744010925293
        ]
    },
    "Consenso": {
        "val_loss": [
            5.080153465270996
        ]
    }
}