{
    "Federated": {
        "loss": [
            3.4873034954071045,
            3.299516439437866,
            1.634543538093567,
            1.2723841667175293,
            1.2100952863693237,
            1.1956501007080078,
            1.1460846662521362,
            1.100831151008606,
            1.056757926940918,
            1.0564475059509277,
            1.037813663482666
        ],
        "val_loss": [
            5.947031021118164,
            5.782310962677002,
            3.9025745391845703,
            3.1871321201324463,
            2.7923669815063477,
            2.5903635025024414,
            2.5033483505249023,
            2.251634120941162,
            2.073547601699829,
            1.9970567226409912,
            1.9155664443969727
        ]
    },
    "Consenso": {
        "val_loss": [
            5.971627235412598
        ]
    }
}