{
    "Federated": {
        "loss": [
            14.643170356750488,
            12.675662994384766,
            7.060637950897217,
            5.295287609100342,
            4.29227876663208,
            3.6646742820739746,
            3.2208428382873535,
            2.9061946868896484,
            2.629589796066284,
            2.4378979206085205,
            2.307981014251709
        ],
        "val_loss": [
            6.264345169067383,
            5.867251396179199,
            4.424745082855225,
            3.5435898303985596,
            3.114000082015991,
            2.844606637954712,
            2.6641042232513428,
            2.511491537094116,
            2.4415502548217773,
            2.3642382621765137,
            2.2977564334869385
        ]
    },
    "Consenso": {
        "val_loss": [
            3.6651062965393066
        ]
    }
}