{
    "Federated": {
        "loss": [
            19.91016387939453,
            18.68747901916504,
            10.06651496887207,
            8.162195205688477,
            7.073058128356934,
            6.452885627746582,
            6.026665210723877,
            5.681770324707031,
            5.387221813201904,
            5.143533706665039,
            4.949408054351807
        ],
        "val_loss": [
            10.592855453491211,
            8.203757286071777,
            7.185218334197998,
            6.172918796539307,
            5.5474748611450195,
            5.111112117767334,
            4.945594310760498,
            4.640800476074219,
            4.396491527557373,
            4.314520835876465,
            4.215375900268555
        ]
    },
    "Consenso": {
        "val_loss": [
            4.925517559051514
        ]
    }
}