{
    "Federated": {
        "loss": [
            1.778090476989746,
            1.7296695709228516,
            1.5503586530685425,
            1.348964810371399,
            1.3158320188522339,
            1.2869545221328735,
            1.2230148315429688,
            1.1800622940063477,
            1.1824549436569214,
            1.142905831336975,
            1.1366708278656006
        ],
        "val_loss": [
            2.00813627243042,
            2.096095323562622,
            1.6707080602645874,
            1.6452208757400513,
            1.672220230102539,
            1.6710315942764282,
            1.6668033599853516,
            1.6617820262908936,
            1.6425045728683472,
            1.6383180618286133,
            1.7073493003845215
        ]
    },
    "Consenso": {
        "val_loss": [
            5.706524848937988
        ]
    }
}