{
    "Federated": {
        "loss": [
            27.139280319213867,
            21.796457290649414,
            14.115519523620605,
            10.590455055236816,
            8.733540534973145,
            7.477657794952393,
            6.5195794105529785,
            5.79467248916626,
            5.225420951843262,
            4.794184684753418,
            4.452027797698975
        ],
        "val_loss": [
            17.146276473999023,
            16.624692916870117,
            11.792037010192871,
            9.64786148071289,
            8.337931632995605,
            7.364697456359863,
            6.624998569488525,
            6.032111167907715,
            5.601840972900391,
            5.212296485900879,
            4.912452697753906
        ]
    },
    "Consenso": {
        "val_loss": [
            3.601198434829712
        ]
    }
}