{
    "Federated": {
        "loss": [
            1.8593770265579224,
            1.3163247108459473,
            1.1909927129745483,
            1.3883944749832153,
            1.507318377494812,
            1.6130213737487793,
            1.642485499382019,
            1.6652512550354004,
            1.6910018920898438,
            1.6598342657089233,
            1.6645830869674683
        ],
        "val_loss": [
            1.067740559577942,
            1.12848961353302,
            1.2309807538986206,
            1.3037470579147339,
            1.3348299264907837,
            1.3723969459533691,
            1.361247181892395,
            1.3604704141616821,
            1.3127813339233398,
            1.275883674621582,
            1.2468316555023193
        ]
    },
    "Consenso": {
        "val_loss": [
            15.450342178344727
        ]
    }
}