{
    "Federated": {
        "loss": [
            16.525571823120117,
            13.584246635437012,
            9.271553039550781,
            6.466789245605469,
            4.861856937408447,
            3.892730951309204
        ],
        "val_loss": [
            8.335336685180664,
            6.709553241729736,
            5.135059833526611,
            3.8737711906433105,
            3.138622760772705,
            2.7980220317840576
        ],
        "loss_consensus_local": [
            26.398296356201172,
            17.235193252563477,
            9.869010925292969,
            6.120157718658447,
            4.34513521194458,
            3.399853229522705
        ],
        "loss_consensus_global": [
            31.47203826904297,
            20.698265075683594,
            12.10747241973877,
            8.017950057983398,
            6.405515193939209,
            5.376606464385986
        ]
    },
    "No Federated (Local)": {
        "loss": [
            16.51202392578125,
            8.458775520324707,
            6.668547630310059,
            5.656716346740723,
            4.86190938949585,
            4.206598281860352
        ],
        "val_loss": [
            8.313518524169922,
            5.831261157989502,
            4.987119197845459,
            4.42241907119751,
            3.975853443145752,
            3.499997615814209
        ]
    }
}