{
    "Federated": {
        "loss": [
            20.460933685302734,
            16.921939849853516,
            15.233097076416016,
            13.88936996459961,
            12.784444808959961,
            11.851424217224121
        ],
        "val_loss": [
            13.272275924682617,
            11.718087196350098,
            10.912504196166992,
            9.920699119567871,
            9.406373977661133,
            8.853723526000977
        ],
        "loss_consensus_local": [
            28.05106544494629,
            23.89666748046875,
            20.307170867919922,
            17.880041122436523,
            15.635937690734863,
            13.441765785217285
        ],
        "loss_consensus_global": [
            27.161853790283203,
            23.087486267089844,
            19.58214569091797,
            17.24627113342285,
            15.05643367767334,
            12.909698486328125
        ]
    },
    "No Federated (Local)": {
        "loss": [
            20.311891555786133,
            12.346572875976562,
            8.925333023071289,
            7.243954181671143,
            6.3461432456970215,
            5.729422569274902
        ],
        "val_loss": [
            13.255905151367188,
            9.37686538696289,
            7.498188018798828,
            6.738457202911377,
            6.066689968109131,
            5.952396869659424
        ]
    }
}