{
    "Federated": {
        "loss": [
            36.60411834716797,
            21.98604393005371,
            18.8093318939209,
            15.203144073486328,
            12.749032020568848,
            10.623899459838867
        ],
        "val_loss": [
            15.623997688293457,
            5.485358715057373,
            5.14998722076416,
            4.547897815704346,
            4.26521635055542,
            4.057125091552734
        ],
        "loss_consensus_local": [
            29.544721603393555,
            18.657182693481445,
            13.725031852722168,
            10.263859748840332,
            7.388049602508545,
            5.514882564544678
        ],
        "loss_consensus_global": [
            29.544721603393555,
            18.657182693481445,
            13.725031852722168,
            10.263859748840332,
            7.388049602508545,
            5.514882564544678
        ]
    },
    "No Federated (Local)": {
        "loss": [
            36.584800720214844,
            24.28791618347168,
            18.884923934936523,
            15.880142211914062,
            13.922314643859863,
            12.429137229919434
        ],
        "val_loss": [
            15.676799774169922,
            10.168281555175781,
            8.260159492492676,
            7.671557426452637,
            6.849792003631592,
            6.2408976554870605
        ]
    }
}