{
    "Federated": {
        "loss": [
            17.205005645751953,
            9.688076972961426,
            7.036269664764404,
            5.110130310058594,
            3.904829740524292,
            3.00920033454895
        ],
        "val_loss": [
            13.186209678649902,
            7.007204055786133,
            6.196946144104004,
            5.168275833129883,
            4.655714988708496,
            4.375861167907715
        ],
        "loss_consensus_local": [
            29.544721603393555,
            18.657182693481445,
            13.725031852722168,
            10.263859748840332,
            7.388049602508545,
            5.514882564544678
        ],
        "loss_consensus_global": [
            29.544721603393555,
            18.657182693481445,
            13.725031852722168,
            10.263859748840332,
            7.388049602508545,
            5.514882564544678
        ]
    },
    "No Federated (Local)": {
        "loss": [
            17.230300903320312,
            9.726253509521484,
            8.02509593963623,
            7.2551960945129395,
            6.793554306030273,
            6.426636695861816
        ],
        "val_loss": [
            13.220930099487305,
            10.688000679016113,
            9.728808403015137,
            9.241425514221191,
            8.872611999511719,
            8.540337562561035
        ]
    }
}