{
    "Federated": {
        "loss": [
            18.3089599609375,
            8.352169036865234,
            6.983386993408203,
            4.815369129180908,
            3.688990831375122,
            3.3007006645202637
        ],
        "val_loss": [
            13.01661205291748,
            5.040518760681152,
            5.101613998413086,
            4.773414611816406,
            4.545924663543701,
            4.262193202972412
        ],
        "loss_consensus_local": [
            25.888301849365234,
            17.60131072998047,
            11.820313453674316,
            8.596592903137207,
            7.318130970001221,
            5.3346686363220215
        ],
        "loss_consensus_global": [
            25.888301849365234,
            17.60131072998047,
            11.820313453674316,
            8.596592903137207,
            7.318130970001221,
            5.3346686363220215
        ]
    },
    "No Federated (Local)": {
        "loss": [
            18.263595581054688,
            9.02322006225586,
            6.4279608726501465,
            5.22119140625,
            4.405279636383057,
            3.8054866790771484
        ],
        "val_loss": [
            13.116847038269043,
            9.0233793258667,
            7.468570232391357,
            6.419095039367676,
            5.653115272521973,
            5.0562052726745605
        ]
    }
}