{
    "Federated": {
        "loss": [
            18.25117301940918,
            14.296059608459473,
            8.278066635131836,
            6.8279948234558105,
            5.8497185707092285,
            5.21873664855957
        ],
        "val_loss": [
            9.315043449401855,
            7.658083915710449,
            6.627597808837891,
            5.4376220703125,
            4.938326358795166,
            4.612489223480225
        ]
    }
}