{
    "Federated": {
        "loss": [
            3.4828293323516846,
            3.0269432067871094,
            1.6846299171447754,
            1.326849102973938,
            1.1781973838806152,
            1.1317994594573975
        ],
        "val_loss": [
            9.436979293823242,
            8.998583793640137,
            6.338119983673096,
            5.010827541351318,
            4.499398708343506,
            4.0265583992004395
        ]
    }
}