{
    "Federated": {
        "loss": [
            25.4924373626709,
            23.37055778503418,
            15.700921058654785,
            13.733794212341309,
            12.27215576171875,
            11.272326469421387
        ],
        "val_loss": [
            12.449247360229492,
            11.532777786254883,
            10.383942604064941,
            9.022552490234375,
            8.123947143554688,
            7.538305282592773
        ]
    }
}