{
    "Federated": {
        "loss": [
            12.972328186035156,
            10.655959129333496,
            4.96210241317749,
            3.5020956993103027,
            2.7981185913085938,
            2.4834485054016113
        ],
        "val_loss": [
            7.365505695343018,
            4.959133625030518,
            3.799954414367676,
            2.986253499984741,
            2.727982521057129,
            2.6247406005859375
        ]
    }
}