{
    "Federated": {
        "loss": [
            15.46898078918457,
            12.71289348602295,
            6.281999111175537,
            4.469418525695801,
            3.613752841949463,
            3.187974214553833
        ],
        "val_loss": [
            8.937335014343262,
            6.555536270141602,
            4.954616546630859,
            3.8711607456207275,
            3.5109190940856934,
            3.309109687805176
        ]
    }
}