{
    "Federated": {
        "loss": [
            2.681715965270996,
            2.8755242824554443,
            1.327096700668335,
            1.2339633703231812,
            1.165650725364685,
            1.1563708782196045
        ],
        "val_loss": [
            1.631392240524292,
            1.486426591873169,
            1.3424732685089111,
            1.2855608463287354,
            1.2801553010940552,
            1.3108186721801758
        ]
    }
}