{
    "Federated": {
        "loss": [
            16.235240936279297,
            16.525442123413086,
            9.541899681091309,
            7.781620979309082,
            6.430652618408203,
            5.509118556976318
        ],
        "val_loss": [
            6.868525505065918,
            6.783939838409424,
            6.034274578094482,
            4.884651184082031,
            4.089776515960693,
            3.712434768676758
        ]
    }
}