{
    "Federated": {
        "loss": [
            1.3142749071121216,
            1.422408938407898,
            0.8495070338249207,
            0.8219203948974609,
            0.778545618057251,
            0.7550375461578369
        ],
        "val_loss": [
            0.7834164500236511,
            0.7091997861862183,
            0.6881664991378784,
            0.6907415390014648,
            0.6960561871528625,
            0.7109082341194153
        ]
    }
}