{
    "Federated": {
        "loss": [
            5.7448296546936035,
            5.3480000495910645,
            2.341757297515869,
            1.850302815437317,
            1.6689293384552002,
            1.6218476295471191
        ],
        "val_loss": [
            2.1954495906829834,
            2.501140594482422,
            1.8059483766555786,
            1.6647202968597412,
            1.6137839555740356,
            1.5741543769836426
        ]
    }
}