{
    "Federated": {
        "loss": [
            7.208507061004639,
            5.812891483306885,
            2.6598708629608154,
            2.1370556354522705,
            1.8343195915222168,
            1.7086021900177002
        ],
        "val_loss": [
            3.174239158630371,
            2.3891446590423584,
            1.9998090267181396,
            1.7388269901275635,
            1.6612061262130737,
            1.6384249925613403
        ]
    }
}