{
    "Federated": {
        "loss": [
            14.944561004638672,
            11.81376838684082,
            5.621728897094727,
            4.022948265075684,
            3.2344980239868164,
            2.8490967750549316
        ],
        "val_loss": [
            9.986093521118164,
            6.149357318878174,
            4.659245014190674,
            3.591489553451538,
            3.2469637393951416,
            3.0778894424438477
        ]
    }
}