{
    "Federated": {
        "loss": [
            20.400541305541992,
            17.32691192626953,
            9.33426284790039,
            6.92299747467041,
            5.52683687210083,
            4.805160999298096
        ],
        "val_loss": [
            13.34248161315918,
            9.109039306640625,
            7.132501125335693,
            5.451385498046875,
            4.740042686462402,
            4.390494346618652
        ]
    }
}