{
    "Federated": {
        "loss": [
            19.73708724975586,
            16.741737365722656,
            9.316946029663086,
            6.980358600616455,
            5.632974147796631,
            4.939871311187744
        ],
        "val_loss": [
            8.635944366455078,
            8.015026092529297,
            6.199152946472168,
            4.897083759307861,
            4.520934581756592,
            4.188877582550049
        ]
    }
}