{
    "ML": {
        "loss": [
            20.20698356628418,
            11.085726737976074,
            8.039551734924316,
            6.790011882781982,
            6.1229424476623535,
            5.706855297088623
        ],
        "accuracy": [
            0.038821425288915634,
            0.034090135246515274,
            0.03433522954583168,
            0.034837834537029266,
            0.035039495676755905,
            0.034878164529800415
        ],
        "val_loss": [
            11.757821083068848,
            7.700064659118652,
            6.319146156311035,
            5.700517654418945,
            5.2822113037109375,
            5.005478382110596
        ],
        "val_accuracy": [
            0.04572981595993042,
            0.04327269271016121,
            0.0441165529191494,
            0.04492318257689476,
            0.044737037271261215,
            0.04461294040083885
        ]
    }
}