{
    "ML (Local)": {
        "loss": [
            17.74319076538086,
            9.308145523071289,
            6.7798848152160645,
            5.768923759460449,
            5.281350612640381,
            4.986889362335205,
            4.77498722076416,
            4.602859020233154,
            4.458397388458252,
            4.344437599182129
        ],
        "val_loss": [
            7.525279521942139,
            4.882956504821777,
            4.093898773193359,
            3.7057082653045654,
            3.435358762741089,
            3.2662642002105713,
            3.1283297538757324,
            3.0687942504882812,
            2.9636590480804443,
            2.9199559688568115
        ]
    }
}