{
    "Federated": {
        "loss": [
            35.546695709228516,
            25.08124542236328,
            23.13224983215332,
            19.60674285888672,
            17.0355281829834,
            14.769204139709473
        ],
        "val_loss": [
            23.318891525268555,
            14.502470016479492,
            14.054588317871094,
            11.610432624816895,
            9.924429893493652,
            8.698307037353516
        ],
        "loss_consensus_local": [
            55.12788772583008,
            40.30730438232422,
            30.9894962310791,
            24.99476432800293,
            21.0034236907959,
            18.130977630615234
        ],
        "loss_consensus_global": [
            31.471384048461914,
            20.51482582092285,
            14.80691909790039,
            11.800108909606934,
            9.982990264892578,
            8.613425254821777
        ]
    },
    "No Federated (Local)": {
        "loss": [
            35.67094802856445,
            21.620361328125,
            14.014304161071777,
            9.187493324279785,
            6.808844566345215,
            5.964206218719482
        ],
        "val_loss": [
            23.29819679260254,
            15.235931396484375,
            10.043128967285156,
            7.1526875495910645,
            6.189958095550537,
            5.899585723876953
        ]
    }
}