{
    "Federated": {
        "loss": [
            4.783571243286133,
            3.851022243499756,
            2.864091157913208,
            2.3391621112823486,
            2.0603203773498535,
            1.9181432723999023
        ],
        "val_loss": [
            2.4893877506256104,
            2.1354403495788574,
            1.8473026752471924,
            1.8151419162750244,
            1.7460178136825562,
            1.8679314851760864
        ],
        "loss_consensus_local": [
            12.337273597717285,
            7.531684398651123,
            5.304787635803223,
            4.544753551483154,
            4.261006832122803,
            4.023951530456543
        ],
        "loss_consensus_global": [
            32.014930725097656,
            20.63003921508789,
            14.763993263244629,
            11.879496574401855,
            10.120889663696289,
            8.786675453186035
        ]
    },
    "No Federated (Local)": {
        "loss": [
            4.793981552124023,
            2.085203170776367,
            1.8284754753112793,
            1.7026079893112183,
            1.6101572513580322,
            1.5530927181243896
        ],
        "val_loss": [
            2.4981000423431396,
            2.017125129699707,
            1.8926138877868652,
            1.8352563381195068,
            1.7630361318588257,
            1.7143793106079102
        ]
    }
}