{
    "Federated": {
        "loss": [
            19.7493839263916,
            11.158084869384766,
            9.507035255432129,
            8.040128707885742,
            6.972676753997803,
            6.179228782653809
        ],
        "val_loss": [
            12.0076265335083,
            5.158469200134277,
            6.475437164306641,
            5.953258037567139,
            5.438477516174316,
            5.231841087341309
        ],
        "loss_consensus_local": [
            31.393522262573242,
            17.861265182495117,
            11.71518325805664,
            8.903430938720703,
            7.753084659576416,
            7.327282905578613
        ],
        "loss_consensus_global": [
            30.3593692779541,
            17.164793014526367,
            12.025797843933105,
            10.431587219238281,
            9.493234634399414,
            9.210309028625488
        ]
    },
    "No Federated (Local)": {
        "loss": [
            19.743144989013672,
            10.32767391204834,
            6.7782487869262695,
            5.483511447906494,
            4.7825446128845215,
            4.32334041595459
        ],
        "val_loss": [
            11.828073501586914,
            7.499860763549805,
            5.946539878845215,
            5.3367509841918945,
            4.877992630004883,
            4.332430839538574
        ]
    }
}