{
    "Federated": {
        "loss": [
            18.965804398059845,
            11.286986690759658,
            8.315688699483871,
            6.3361713081598285,
            5.2840616524219515,
            4.703015482425689
        ],
        "val_loss": [
            13.57458679676056,
            8.129036021232604,
            6.847797775268555,
            5.879660886526108,
            5.275301021337509,
            4.911368727684021
        ],
        "loss_consensus_local": [
            33.71200180053711,
            20.99937152862549,
            13.255171632766723,
            8.899699628353119,
            6.465010797977447,
            5.260035336017609
        ],
        "loss_consensus_global": [
            33.71200180053711,
            20.99937152862549,
            13.255171632766723,
            8.899699628353119,
            6.465010797977447,
            5.260035336017609
        ]
    },
    "No Federated (Local)": {
        "loss": [
            18.979651153087616,
            10.941511699557305,
            8.590655115246772,
            7.358349832892418,
            6.577290791273117,
            6.026715412735939
        ],
        "val_loss": [
            13.602205395698547,
            10.488236045837402,
            9.156983709335327,
            8.403718245029449,
            7.884331405162811,
            7.5133891105651855
        ]
    }
}