{
    "Federated": {
        "loss": [
            18.953330110549928,
            13.57425432229042,
            10.744745645642281,
            8.776843008021514,
            7.647352377136548,
            6.93617656461398
        ],
        "val_loss": [
            11.869914778947829,
            7.846576915025712,
            7.098821400403975,
            6.406506094098091,
            5.93037123131752,
            5.597525388638179
        ],
        "loss_consensus_local": [
            30.25255860479673,
            21.02416896657149,
            14.665067540605863,
            11.210782996853196,
            9.374876897335053,
            8.374633874495824
        ],
        "loss_consensus_global": [
            30.471052399953205,
            20.91502653010686,
            14.459102295875551,
            11.152989536603291,
            9.362342617193857,
            8.368745442549388
        ]
    },
    "No Federated (Local)": {
        "loss": [
            18.948602999210355,
            11.102398598094782,
            8.72610891165336,
            7.445911827822527,
            6.625937617937724,
            6.050279354711374
        ],
        "val_loss": [
            11.868153140385944,
            8.88314322400093,
            7.549299471735954,
            6.748540639440219,
            6.2038696840206775,
            5.7922535813252125
        ]
    }
}