{
    "Federated": {
        "loss": [
            19.118268394470213,
            14.485191857814788,
            11.098894953727722,
            8.590175604820251,
            7.256338357925415,
            6.4530999720096585
        ],
        "val_loss": [
            11.843213152885436,
            7.646134102344513,
            6.850147926807404,
            6.106767320632935,
            5.563727289438248,
            5.17187038064003
        ],
        "loss_consensus_local": [
            28.97681357860565,
            18.863337349891662,
            11.784718894958496,
            8.757496404647828,
            7.384072577953338,
            6.668549728393555
        ],
        "loss_consensus_global": [
            28.917727756500245,
            18.040705585479735,
            10.796118640899659,
            8.28923065662384,
            7.034125351905823,
            6.346434259414673
        ]
    },
    "No Federated (Local)": {
        "loss": [
            19.10833923816681,
            11.51970703601837,
            9.292317146062851,
            8.140687561035156,
            7.377514642477036,
            6.822698879241943
        ],
        "val_loss": [
            11.850964224338531,
            8.932020276784897,
            7.8064070522785185,
            7.035519176721573,
            6.524767643213272,
            6.092079693078995
        ]
    }
}