{
    "Federated": {
        "loss": [
            4.061965465545654,
            3.1821606159210205,
            2.4287867546081543,
            1.9736617803573608,
            1.7958533763885498,
            1.7554844617843628
        ],
        "val_loss": [
            14.40545654296875,
            12.907167434692383,
            12.016683578491211,
            10.921433448791504,
            10.023675918579102,
            8.82603931427002
        ],
        "loss_consensus_local": [
            31.788265228271484,
            22.41668701171875,
            15.334709167480469,
            10.939743995666504,
            7.97242546081543,
            6.756637096405029
        ],
        "loss_consensus_global": [
            31.788265228271484,
            22.41668701171875,
            15.334709167480469,
            10.939743995666504,
            7.97242546081543,
            6.756637096405029
        ]
    },
    "No Federated (Local)": {
        "loss": [
            4.092173099517822,
            1.887237310409546,
            1.6480234861373901,
            1.5304814577102661,
            1.477780818939209,
            1.4564635753631592
        ],
        "val_loss": [
            14.261271476745605,
            12.917089462280273,
            12.168868064880371,
            11.69423770904541,
            11.411826133728027,
            10.945257186889648
        ]
    }
}