{
    "Federated": {
        "loss": [
            4.9792985916137695,
            3.872690439224243,
            2.0100719928741455,
            1.6708788871765137,
            1.5196166038513184,
            1.5459548234939575,
            1.5372132062911987,
            1.5185445547103882,
            1.499423623085022,
            1.4768146276474,
            1.458037257194519
        ],
        "val_loss": [
            2.5825541019439697,
            2.315614938735962,
            1.8779075145721436,
            1.7113500833511353,
            1.6895689964294434,
            1.7270373106002808,
            1.6970335245132446,
            1.6912461519241333,
            1.6829806566238403,
            1.6641349792480469,
            1.6564205884933472
        ]
    },
    "Consenso": {
        "val_loss": [
            6.325606822967529
        ]
    }
}