{
    "Federated": {
        "loss": [
            17.08570671081543,
            14.40654182434082,
            7.261162757873535,
            5.564443111419678,
            4.574115753173828,
            3.9738917350769043,
            3.5976405143737793,
            3.275707960128784,
            3.0376603603363037,
            2.8497438430786133,
            2.7345869541168213
        ],
        "val_loss": [
            7.958320617675781,
            6.702085018157959,
            5.60166597366333,
            4.526247501373291,
            4.086446285247803,
            3.725253105163574,
            3.5042150020599365,
            3.3450262546539307,
            3.213634729385376,
            3.0873870849609375,
            2.9583239555358887
        ]
    },
    "Consenso": {
        "val_loss": [
            3.689490795135498
        ]
    }
}