{
    "Federated": {
        "loss": [
            4.046268939971924,
            2.163804769515991,
            1.5844626426696777,
            1.5607657432556152,
            1.5956484079360962,
            1.5756187438964844,
            1.519188642501831,
            1.4775831699371338,
            1.4507075548171997,
            1.469760775566101,
            1.4467406272888184
        ],
        "val_loss": [
            1.799005150794983,
            1.6040241718292236,
            1.530220627784729,
            1.4723154306411743,
            1.4444780349731445,
            1.4201531410217285,
            1.3857537508010864,
            1.3690885305404663,
            1.3641194105148315,
            1.364575982093811,
            1.357718825340271
        ]
    },
    "Consenso": {
        "val_loss": [
            7.659953594207764
        ]
    }
}