{
    "Federated": {
        "loss": [
            0.5456629991531372,
            0.40491950511932373,
            0.5161393880844116,
            0.5986780524253845,
            0.5345692038536072,
            0.4791561961174011,
            0.46074816584587097,
            0.44111981987953186,
            0.41447311639785767,
            0.46256470680236816,
            0.4253268539905548
        ],
        "val_loss": [
            1.3294565677642822,
            1.2109076976776123,
            1.2769269943237305,
            1.2984167337417603,
            1.3006187677383423,
            1.4684789180755615,
            1.1762832403182983,
            1.1439889669418335,
            1.1397180557250977,
            1.2041897773742676,
            1.1219149827957153
        ]
    },
    "Consenso": {
        "val_loss": [
            8.929076194763184
        ]
    }
}