{
    "Federated": {
        "loss": [
            29.785659790039062,
            22.467374801635742,
            13.311784744262695,
            10.860154151916504,
            9.242757797241211,
            8.181889533996582,
            7.362973213195801,
            6.68306303024292,
            6.147457599639893,
            5.685314178466797,
            5.318431854248047
        ],
        "val_loss": [
            18.698637008666992,
            9.722940444946289,
            8.326766014099121,
            6.879641532897949,
            5.97168493270874,
            5.482750415802002,
            5.104960918426514,
            4.777520179748535,
            4.568488597869873,
            4.293382167816162,
            4.131438255310059
        ]
    },
    "Consenso": {
        "val_loss": [
            3.7540814876556396
        ]
    }
}