{
    "Federated": {
        "loss": [
            13.400328636169434,
            11.056013107299805,
            5.02254581451416,
            3.959580421447754,
            3.2923765182495117,
            2.990724563598633,
            2.831050395965576,
            2.7076027393341064,
            2.6135284900665283,
            2.5248587131500244,
            2.4548676013946533
        ],
        "val_loss": [
            7.054133415222168,
            5.286236763000488,
            4.23241662979126,
            3.3573663234710693,
            3.1543924808502197,
            2.9526004791259766,
            2.8283965587615967,
            2.6888339519500732,
            2.62778639793396,
            2.574819326400757,
            2.7929770946502686
        ]
    },
    "Consenso": {
        "val_loss": [
            5.402453422546387
        ]
    }
}