{
    "Federated": {
        "loss": [
            14.433913230895996,
            13.976358413696289,
            7.123632431030273,
            5.784071445465088,
            4.89499044418335,
            4.459073543548584,
            4.209888935089111,
            4.003291606903076,
            3.855252981185913,
            3.708660364151001,
            3.577679395675659
        ],
        "val_loss": [
            7.625850677490234,
            8.042922973632812,
            6.398286819458008,
            5.244880676269531,
            4.721301078796387,
            4.454342365264893,
            4.277530193328857,
            4.12849760055542,
            3.993605136871338,
            3.8820605278015137,
            3.775155782699585
        ]
    },
    "Consenso": {
        "val_loss": [
            5.191298961639404
        ]
    }
}