{
    "Federated": {
        "loss": [
            20.719053268432617,
            18.625356674194336,
            12.623270988464355,
            10.846439361572266,
            9.57719898223877,
            8.831265449523926,
            8.37714958190918,
            8.014653205871582,
            7.725904941558838,
            7.459373950958252,
            7.1965436935424805
        ],
        "val_loss": [
            8.571723937988281,
            8.055292129516602,
            8.263758659362793,
            6.813755989074707,
            6.208596229553223,
            5.764630317687988,
            5.566379547119141,
            5.345215320587158,
            5.129003524780273,
            4.960488796234131,
            4.832271575927734
        ]
    },
    "Consenso": {
        "val_loss": [
            5.372468948364258
        ]
    }
}