{
    "Federated": {
        "loss": [
            19.217561721801758,
            12.739357948303223,
            9.482145309448242,
            8.49231243133545,
            8.002076148986816,
            7.76517391204834,
            7.7306742668151855,
            7.686098575592041,
            7.701600551605225,
            7.749638557434082,
            7.732283115386963
        ],
        "val_loss": [
            9.339061737060547,
            6.459346771240234,
            4.901155948638916,
            4.371642112731934,
            4.180135250091553,
            3.9707133769989014,
            3.9445199966430664,
            3.8457658290863037,
            3.887601375579834,
            3.873971700668335,
            3.9105639457702637
        ]
    },
    "Consenso": {
        "val_loss": [
            5.535777568817139
        ]
    }
}