{
    "Federated": {
        "loss": [
            1.2514005899429321,
            0.7805505394935608,
            0.9821797013282776,
            1.0086143016815186,
            1.0207980871200562,
            1.0211914777755737,
            0.9430092573165894,
            0.8942376971244812,
            0.852067232131958,
            0.8484547138214111,
            0.8131409883499146
        ],
        "val_loss": [
            0.7701534032821655,
            0.7562430500984192,
            0.8862119913101196,
            0.8778216242790222,
            0.8537081480026245,
            0.8150038123130798,
            0.7727883458137512,
            0.7412343621253967,
            0.7336060404777527,
            0.7352307438850403,
            0.7343929409980774
        ]
    },
    "Consenso": {
        "val_loss": [
            8.739762306213379
        ]
    }
}