{
    "Federated": {
        "loss": [
            19.866838455200195,
            14.588556289672852,
            9.456818580627441,
            7.950381755828857,
            7.139395236968994,
            6.696735382080078,
            6.424588203430176,
            6.304592132568359,
            6.2044548988342285,
            6.148143291473389,
            6.117451190948486
        ],
        "val_loss": [
            13.067143440246582,
            10.746687889099121,
            8.019438743591309,
            7.123918056488037,
            6.504395008087158,
            6.072738170623779,
            5.7986860275268555,
            5.603447914123535,
            5.460536003112793,
            5.362217426300049,
            5.295875549316406
        ]
    },
    "Consenso": {
        "val_loss": [
            5.170119285583496
        ]
    }
}