{
    "Federated": {
        "loss": [
            18.723346710205078,
            13.888145446777344,
            10.659502029418945,
            8.942863464355469,
            7.91785192489624,
            7.195836067199707,
            6.655983924865723,
            6.238884449005127,
            5.957913398742676,
            5.750494956970215,
            5.604997634887695
        ],
        "val_loss": [
            49.7527961730957,
            45.809043884277344,
            38.913917541503906,
            34.41448211669922,
            30.944869995117188,
            29.079862594604492,
            27.076671600341797,
            25.700883865356445,
            24.586517333984375,
            23.67469596862793,
            22.737873077392578
        ]
    },
    "Consenso": {
        "val_loss": [
            4.547971725463867
        ]
    }
}