{
    "Federated": {
        "loss": [
            12.77694034576416,
            12.052826881408691,
            5.798338890075684,
            4.673732280731201,
            3.930306911468506,
            3.573002338409424,
            3.3548150062561035,
            3.214308977127075,
            3.078765869140625,
            2.979128837585449,
            2.8633975982666016
        ],
        "val_loss": [
            6.291191101074219,
            6.765167236328125,
            5.395175933837891,
            4.430023193359375,
            3.932178258895874,
            3.706292152404785,
            3.542990207672119,
            3.4141011238098145,
            3.320044755935669,
            3.225750684738159,
            3.1327266693115234
        ]
    },
    "Consenso": {
        "val_loss": [
            5.262476444244385
        ]
    }
}