{
    "Federated": {
        "loss": [
            24.439165115356445,
            21.04346466064453,
            12.464133262634277,
            10.699151039123535,
            9.349798202514648,
            8.490336418151855,
            7.975578784942627,
            7.617427349090576,
            7.27681827545166,
            7.004141807556152,
            6.737063407897949
        ],
        "val_loss": [
            16.369888305664062,
            12.72797679901123,
            10.524599075317383,
            8.94048023223877,
            8.180364608764648,
            7.45166540145874,
            7.15866756439209,
            6.812205791473389,
            6.526091575622559,
            6.2532782554626465,
            6.062400817871094
        ]
    },
    "Consenso": {
        "val_loss": [
            5.307591915130615
        ]
    }
}