{
    "Federated": {
        "loss": [
            1.9406721591949463,
            1.6410950422286987,
            1.3505021333694458,
            1.1552326679229736,
            1.0819252729415894,
            1.109506607055664,
            1.1125445365905762,
            1.092686414718628,
            1.0838567018508911,
            1.0535390377044678,
            1.0484766960144043
        ],
        "val_loss": [
            1.1316646337509155,
            1.1476925611495972,
            0.9844565987586975,
            0.9813406467437744,
            1.0177704095840454,
            1.019747018814087,
            1.020786166191101,
            1.011914610862732,
            0.9985605478286743,
            0.9879977703094482,
            0.994623064994812
        ]
    },
    "Consenso": {
        "val_loss": [
            5.883245468139648
        ]
    }
}