{
    "Federated": {
        "loss": [
            20.220073699951172,
            17.795875549316406,
            10.13681697845459,
            8.498923301696777,
            7.340523719787598,
            6.664341449737549,
            6.265155792236328,
            5.96523904800415,
            5.713849067687988,
            5.489213943481445,
            5.306863307952881
        ],
        "val_loss": [
            9.61810302734375,
            8.344832420349121,
            7.529799461364746,
            6.214638710021973,
            5.657138824462891,
            5.30045223236084,
            5.081906795501709,
            4.974584579467773,
            4.691459655761719,
            4.560012340545654,
            4.376360893249512
        ]
    },
    "Consenso": {
        "val_loss": [
            5.1103196144104
        ]
    }
}