{
    "Federated": {
        "loss": [
            27.84878158569336,
            17.964460372924805,
            14.472521781921387,
            13.719502449035645,
            13.292438507080078,
            13.079630851745605,
            13.007701873779297,
            12.929986000061035,
            12.903345108032227,
            12.9193754196167,
            12.921785354614258
        ],
        "val_loss": [
            19.261009216308594,
            9.75164794921875,
            8.989675521850586,
            8.33852481842041,
            8.07211971282959,
            7.948446750640869,
            7.872891426086426,
            7.880904197692871,
            7.900745391845703,
            7.863729953765869,
            7.8266921043396
        ]
    },
    "Consenso": {
        "val_loss": [
            7.105147838592529
        ]
    }
}