{
    "Federated": {
        "loss": [
            1.7155144214630127,
            1.188807487487793,
            1.0495270490646362,
            1.1280800104141235,
            1.1835641860961914,
            1.1664501428604126,
            1.08909273147583,
            1.00253164768219,
            0.9411598443984985,
            0.9141762852668762,
            0.8802341222763062
        ],
        "val_loss": [
            1.0866243839263916,
            1.051268219947815,
            1.0475070476531982,
            1.03663969039917,
            1.0373371839523315,
            1.0046457052230835,
            0.974873960018158,
            0.9447989463806152,
            0.9273976683616638,
            0.9192686676979065,
            0.9097936749458313
        ]
    },
    "Consenso": {
        "val_loss": [
            10.759356498718262
        ]
    }
}