{
    "Federated": {
        "loss": [
            37.28043746948242,
            30.577566146850586,
            24.379751205444336,
            22.158906936645508,
            21.59964370727539,
            21.726436614990234,
            22.317306518554688,
            22.90870475769043,
            23.644458770751953,
            24.236482620239258,
            24.79698371887207
        ],
        "val_loss": [
            26.44017791748047,
            21.460372924804688,
            17.83622932434082,
            15.72925090789795,
            15.14673137664795,
            15.058122634887695,
            15.33773422241211,
            15.558696746826172,
            16.166793823242188,
            16.59783363342285,
            17.09721565246582
        ]
    },
    "Consenso": {
        "val_loss": [
            9.247544288635254
        ]
    }
}