{
    "Federated": {
        "loss": [
            4.421872615814209,
            4.4681549072265625,
            2.004096746444702,
            1.6726994514465332,
            1.5979223251342773,
            1.5606708526611328,
            1.5247663259506226,
            1.4935961961746216,
            1.455614447593689,
            1.4465014934539795,
            1.4532829523086548
        ],
        "val_loss": [
            2.4374632835388184,
            2.3196487426757812,
            1.8718650341033936,
            1.7766019105911255,
            1.7484747171401978,
            1.7192550897598267,
            1.6907135248184204,
            1.6897236108779907,
            1.6685491800308228,
            1.6695010662078857,
            1.671354055404663
        ]
    },
    "Consenso": {
        "val_loss": [
            6.074103355407715
        ]
    }
}