{
    "Federated": {
        "loss": [
            3.720999002456665,
            3.553748369216919,
            1.949588656425476,
            1.518000841140747,
            1.3237924575805664,
            1.2204917669296265,
            1.151611566543579,
            1.0996028184890747,
            1.05850350856781,
            1.0324162244796753,
            1.0202094316482544
        ],
        "val_loss": [
            10.138516426086426,
            10.200530052185059,
            7.297760486602783,
            5.4073920249938965,
            4.862993240356445,
            3.9963741302490234,
            3.6368582248687744,
            3.282961130142212,
            2.985902786254883,
            2.7405288219451904,
            2.6277925968170166
        ]
    },
    "Consenso": {
        "val_loss": [
            4.191994667053223
        ]
    }
}