{
    "Federated": {
        "loss": [
            4.937317848205566,
            4.82776403427124,
            2.250150680541992,
            1.8771915435791016,
            1.7744507789611816,
            1.738495945930481,
            1.701788067817688,
            1.6599369049072266,
            1.6345223188400269,
            1.6217575073242188,
            1.6237760782241821
        ],
        "val_loss": [
            2.1113808155059814,
            2.5496959686279297,
            1.9356098175048828,
            1.7587331533432007,
            1.6851173639297485,
            1.6348052024841309,
            1.5955601930618286,
            1.5675873756408691,
            1.5578738451004028,
            1.5575108528137207,
            1.5742512941360474
        ]
    },
    "Consenso": {
        "val_loss": [
            6.098898887634277
        ]
    }
}