{
    "Federated": {
        "loss": [
            4.134800434112549,
            2.6491410732269287,
            1.950618028640747,
            1.9241523742675781,
            2.0323219299316406,
            2.116004228591919,
            2.200408697128296,
            2.2433228492736816,
            2.272604465484619,
            2.243924379348755,
            2.211993932723999
        ],
        "val_loss": [
            1.948331594467163,
            1.8702198266983032,
            1.750116229057312,
            1.7170653343200684,
            1.7139211893081665,
            1.682607889175415,
            1.6688652038574219,
            1.6238073110580444,
            1.6031239032745361,
            1.5619730949401855,
            1.5337715148925781
        ]
    },
    "Consenso": {
        "val_loss": [
            9.451313972473145
        ]
    }
}