{
    "Federated": {
        "loss": [
            4.937305927276611,
            4.749263286590576,
            2.6830368041992188,
            2.1418023109436035,
            1.8463389873504639,
            1.683171033859253,
            1.5627105236053467,
            1.4836161136627197,
            1.425010085105896,
            1.3474323749542236,
            1.2938803434371948
        ],
        "val_loss": [
            5.005699157714844,
            4.909969329833984,
            3.4368770122528076,
            2.9918150901794434,
            2.712282419204712,
            2.5341508388519287,
            2.3986005783081055,
            2.3199198246002197,
            2.226228713989258,
            2.1572537422180176,
            2.129213809967041
        ]
    },
    "Consenso": {
        "val_loss": [
            3.92136812210083
        ]
    }
}