{
    "Federated": {
        "loss": [
            2.227215051651001,
            2.1090195178985596,
            1.1566647291183472,
            1.0676707029342651,
            1.022376298904419,
            1.0077446699142456,
            0.9846861958503723,
            0.9533083438873291,
            0.9313012957572937,
            0.9220741391181946,
            0.9039843678474426
        ],
        "val_loss": [
            1.2848396301269531,
            1.3095957040786743,
            1.1194156408309937,
            1.0763461589813232,
            1.091496229171753,
            1.0994622707366943,
            1.093265414237976,
            1.0807358026504517,
            1.0712509155273438,
            1.0647921562194824,
            1.060034155845642
        ]
    },
    "Consenso": {
        "val_loss": [
            3.9656660556793213
        ]
    }
}