{
    "Federated": {
        "loss": [
            4.421263217926025,
            3.927572011947632,
            1.6804172992706299,
            1.3977867364883423,
            1.290851354598999,
            1.271074891090393,
            1.2467412948608398,
            1.2246042490005493,
            1.2128499746322632,
            1.206790804862976,
            1.1922513246536255
        ],
        "val_loss": [
            1.9997471570968628,
            2.0848960876464844,
            1.5455608367919922,
            1.4292995929718018,
            1.3959413766860962,
            1.350738763809204,
            1.3293235301971436,
            1.3324214220046997,
            1.3463714122772217,
            1.3141127824783325,
            1.3275483846664429
        ]
    },
    "Consenso": {
        "val_loss": [
            4.2902655601501465
        ]
    }
}