{
    "Federated": {
        "loss": [
            16.482004165649414,
            14.898313522338867,
            7.088413238525391,
            5.5460591316223145,
            4.748811721801758,
            4.338388919830322,
            4.045419692993164,
            3.814763307571411,
            3.6343886852264404,
            3.4984281063079834,
            3.361658811569214
        ],
        "val_loss": [
            9.62597370147705,
            8.087424278259277,
            6.148873329162598,
            5.072532653808594,
            4.627652168273926,
            4.344799995422363,
            4.126823425292969,
            3.9461774826049805,
            3.80145001411438,
            3.706926107406616,
            3.6204209327697754
        ]
    },
    "Consenso": {
        "val_loss": [
            5.0287675857543945
        ]
    }
}