{
    "Federated": {
        "loss": [
            10.379748344421387,
            7.693751335144043,
            5.2384419441223145,
            4.583080291748047,
            4.34466028213501,
            4.02601957321167,
            3.685302734375,
            3.42458176612854,
            3.2089102268218994,
            3.048964023590088,
            2.907984733581543
        ],
        "val_loss": [
            17.525144577026367,
            16.323078155517578,
            13.10987377166748,
            10.812149047851562,
            8.961433410644531,
            7.413776874542236,
            6.7605109214782715,
            5.7788777351379395,
            5.211697578430176,
            4.84003210067749,
            4.6517181396484375
        ]
    },
    "Consenso": {
        "val_loss": [
            3.4528908729553223
        ]
    }
}