{
    "Federated": {
        "loss": [
            6.840289115905762,
            4.162554740905762,
            2.547459840774536,
            2.1502411365509033,
            2.137199878692627,
            2.215731143951416,
            2.3491573333740234,
            2.4340779781341553,
            2.523995876312256,
            2.5957958698272705,
            2.6390163898468018
        ],
        "val_loss": [
            3.070805072784424,
            2.483370304107666,
            2.0307540893554688,
            1.9845846891403198,
            2.007063388824463,
            1.9491403102874756,
            1.9120947122573853,
            1.8936837911605835,
            1.8322727680206299,
            1.8182075023651123,
            1.787341594696045
        ]
    },
    "Consenso": {
        "val_loss": [
            6.758830547332764
        ]
    }
}