{
    "Federated": {
        "loss": [
            14.059127947863411,
            12.092832218198215,
            8.120362813566246,
            7.2183276964168925,
            6.802377007755578,
            6.608590604043474,
            6.508328187699411,
            6.439611734128466,
            6.404480421075634,
            6.377811624723322,
            6.364402226373261
        ],
        "val_loss": [
            9.441203347608155,
            7.943522433439891,
            6.654819154271893,
            5.816743663713043,
            5.408768887613334,
            5.183241467849881,
            5.03025642563315,
            4.918525155852823,
            4.8502042270174215,
            4.817353163279739,
            4.803367968867807
        ]
    },
    "Consenso": {
        "val_loss": [
            7.041304462096271
        ]
    }
}