{
    "Federated": {
        "loss": [
            17.03933334350586,
            14.463766098022461,
            10.353042602539062,
            8.353128433227539,
            7.190426349639893,
            6.341082572937012,
            5.686307907104492,
            5.1573076248168945,
            4.722288131713867,
            4.382953643798828,
            4.117841720581055
        ],
        "val_loss": [
            46.11966323852539,
            45.58744430541992,
            35.441253662109375,
            29.32318687438965,
            25.569272994995117,
            22.592140197753906,
            20.097028732299805,
            18.400537490844727,
            16.74358367919922,
            15.703994750976562,
            14.540365219116211
        ]
    },
    "Consenso": {
        "val_loss": [
            3.6001319885253906
        ]
    }
}