{
    "Federated": {
        "loss": [
            2.2422149181365967,
            1.3454017639160156,
            1.4301066398620605,
            1.477076530456543,
            1.5517250299453735,
            1.6164733171463013,
            1.6072160005569458,
            1.5951930284500122,
            1.5709813833236694,
            1.4965121746063232,
            1.4838587045669556
        ],
        "val_loss": [
            1.2062913179397583,
            1.1057567596435547,
            1.1634029150009155,
            1.224411964416504,
            1.2515003681182861,
            1.2511893510818481,
            1.23469078540802,
            1.2006181478500366,
            1.1693857908248901,
            1.122117519378662,
            1.0856919288635254
        ]
    },
    "Consenso": {
        "val_loss": [
            11.74748706817627
        ]
    }
}