{
    "Federated": {
        "loss": [
            16.43118667602539,
            14.136110305786133,
            7.883925437927246,
            6.339348793029785,
            5.293284893035889,
            4.6119208335876465
        ],
        "val_loss": [
            8.355276107788086,
            6.011143684387207,
            5.080580711364746,
            4.1201300621032715,
            3.512495756149292,
            3.1951406002044678
        ]
    },
    "Consenso": {
        "val_loss": [
            5.259052753448486
        ]
    }
}