{
    "Federated": {
        "loss": [
            4.695856094360352,
            4.500985145568848,
            1.898817539215088,
            1.5950102806091309,
            1.506655216217041,
            1.4864615201950073
        ],
        "val_loss": [
            2.169642210006714,
            2.4195525646209717,
            1.8295326232910156,
            1.7266708612442017,
            1.7031042575836182,
            1.676569938659668
        ]
    },
    "Consenso": {
        "val_loss": [
            6.600640773773193
        ]
    }
}