{
    "Federated": {
        "loss": [
            19.114593505859375,
            14.332378387451172,
            7.304855823516846,
            5.626101016998291,
            4.921360969543457,
            4.520720958709717
        ],
        "val_loss": [
            12.121577262878418,
            6.730712890625,
            5.556166648864746,
            4.620475769042969,
            4.446736812591553,
            4.218189239501953
        ]
    },
    "Consenso": {
        "val_loss": [
            5.219499111175537
        ]
    }
}