{
    "Federated": {
        "loss": [
            3.963963747024536,
            3.1921029090881348,
            1.4867424964904785,
            1.1831015348434448,
            1.1071832180023193,
            1.0914982557296753
        ],
        "val_loss": [
            11.939305305480957,
            9.555563926696777,
            5.330681800842285,
            4.220726490020752,
            3.932440996170044,
            3.6089096069335938
        ]
    },
    "Consenso": {
        "val_loss": [
            6.0260186195373535
        ]
    }
}