{
    "Federated": {
        "loss": [
            3.8881986141204834,
            3.4005415439605713,
            1.6066099405288696,
            1.443203091621399,
            1.3881936073303223,
            1.3904374837875366
        ],
        "val_loss": [
            1.8121814727783203,
            1.5974586009979248,
            1.4316259622573853,
            1.3491120338439941,
            1.3308730125427246,
            1.347287893295288
        ]
    },
    "Consenso": {
        "val_loss": [
            7.283156871795654
        ]
    }
}