{
    "Federated": {
        "loss": [
            4.507867336273193,
            4.99400520324707,
            2.00190806388855,
            1.6255512237548828,
            1.5266516208648682,
            1.5138137340545654
        ],
        "val_loss": [
            2.1615002155303955,
            2.7341151237487793,
            1.9207282066345215,
            1.7281328439712524,
            1.7122775316238403,
            1.6472545862197876
        ]
    },
    "Consenso": {
        "val_loss": [
            6.465283393859863
        ]
    }
}