{
    "Federated": {
        "loss": [
            0.5981433391571045,
            0.5000051856040955,
            0.4056486487388611,
            0.4038168489933014,
            0.38088545203208923,
            0.37610164284706116
        ],
        "val_loss": [
            1.3733464479446411,
            1.3633298873901367,
            1.104198932647705,
            1.0884618759155273,
            1.1104124784469604,
            1.1306719779968262
        ]
    },
    "Consenso": {
        "val_loss": [
            6.4373064041137695
        ]
    }
}