{
    "Federated": {
        "loss": [
            4.676832675933838,
            3.423030138015747,
            1.4047647714614868,
            1.21282958984375,
            1.2190015316009521,
            1.2303038835525513
        ],
        "val_loss": [
            2.2342100143432617,
            1.8758944272994995,
            1.3650578260421753,
            1.31267511844635,
            1.32425057888031,
            1.302028775215149
        ]
    },
    "Consenso": {
        "val_loss": [
            6.734344959259033
        ]
    }
}