{
    "Federated": {
        "loss": [
            15.125922203063965,
            14.060445785522461,
            6.619694232940674,
            4.691469669342041,
            3.765152931213379,
            3.3404016494750977
        ],
        "val_loss": [
            9.451573371887207,
            6.742194175720215,
            5.039816379547119,
            4.001086711883545,
            3.644909143447876,
            3.4383010864257812
        ]
    },
    "Consenso": {
        "val_loss": [
            5.211885929107666
        ]
    }
}