{
    "Federated": {
        "loss": [
            14.480203628540039,
            14.434616088867188,
            7.156641483306885,
            5.092467308044434,
            4.125967502593994,
            3.6792047023773193
        ],
        "val_loss": [
            7.746670246124268,
            7.325804710388184,
            5.476521968841553,
            4.395463943481445,
            4.023824691772461,
            3.7699100971221924
        ]
    },
    "Consenso": {
        "val_loss": [
            5.120523452758789
        ]
    }
}