{
    "Federated": {
        "loss": [
            15.501130104064941,
            13.444379806518555,
            6.601972579956055,
            4.691238880157471,
            3.876481056213379,
            3.4776885509490967
        ],
        "val_loss": [
            9.941824913024902,
            6.810965538024902,
            4.997621059417725,
            4.034824371337891,
            3.6950292587280273,
            3.4680330753326416
        ]
    },
    "Consenso": {
        "val_loss": [
            5.189519882202148
        ]
    }
}