{
    "Federated": {
        "loss": [
            88.67862701416016,
            81.1419906616211,
            69.10595703125,
            64.68800354003906,
            61.81917953491211,
            59.4117546081543
        ],
        "val_loss": [
            50.659854888916016,
            41.515052795410156,
            34.0222053527832,
            31.77320098876953,
            30.128684997558594,
            29.00802993774414
        ]
    },
    "Consenso": {
        "val_loss": [
            11.916546821594238
        ]
    }
}