{
    "Federated": {
        "loss": [
            11.47667121887207,
            9.089825630187988,
            6.99778938293457,
            7.050047874450684,
            7.331594944000244,
            7.667497158050537
        ],
        "val_loss": [
            18.872026443481445,
            14.890826225280762,
            14.51649284362793,
            13.833033561706543,
            13.401020050048828,
            13.416007995605469
        ]
    },
    "Consenso": {
        "val_loss": [
            7.157943248748779
        ]
    }
}