{
    "Federated": {
        "loss": [
            6.4451446533203125,
            5.732486724853516,
            2.3395392894744873,
            1.8506104946136475,
            1.6752418279647827,
            1.6122597455978394
        ],
        "val_loss": [
            2.9006640911102295,
            2.6697096824645996,
            1.7971611022949219,
            1.6564149856567383,
            1.5717403888702393,
            1.5220825672149658
        ]
    },
    "Consenso": {
        "val_loss": [
            6.307157516479492
        ]
    }
}