{
    "Federated": {
        "loss": [
            34.79459762573242,
            28.44080924987793,
            22.385576248168945,
            21.775299072265625,
            21.495893478393555,
            21.312036514282227
        ],
        "val_loss": [
            22.314159393310547,
            15.08919906616211,
            13.406786918640137,
            13.609383583068848,
            13.645545959472656,
            13.518617630004883
        ]
    },
    "Consenso": {
        "val_loss": [
            10.041336059570312
        ]
    }
}