{
    "Federated": {
        "loss": [
            18.091991424560547,
            15.81441593170166,
            10.488149642944336,
            9.049577713012695,
            8.361072540283203,
            7.9223175048828125
        ],
        "val_loss": [
            53.66254806518555,
            43.00514602661133,
            36.82014846801758,
            33.14591598510742,
            31.129962921142578,
            29.4705753326416
        ]
    },
    "Consenso": {
        "val_loss": [
            4.976675987243652
        ]
    }
}