{
    "Federated": {
        "loss": [
            26.581098556518555,
            21.020923614501953,
            12.0914306640625,
            9.209663391113281,
            7.535650730133057,
            6.610230922698975
        ],
        "val_loss": [
            19.32977867126465,
            10.903870582580566,
            8.79924488067627,
            7.087965965270996,
            6.248428821563721,
            5.770647048950195
        ]
    },
    "Consenso": {
        "val_loss": [
            5.241775989532471
        ]
    }
}