{
    "Federated": {
        "loss": [
            14.229940414428711,
            12.839519500732422,
            5.972323894500732,
            4.190289497375488,
            3.3507120609283447,
            2.988593578338623
        ],
        "val_loss": [
            8.317920684814453,
            6.426884651184082,
            4.798980712890625,
            3.731611967086792,
            3.3816802501678467,
            3.169916868209839
        ]
    },
    "Consenso": {
        "val_loss": [
            5.287753105163574
        ]
    }
}