{
    "Federated": {
        "loss": [
            1.6875990629196167,
            1.5687063932418823,
            1.2754507064819336,
            1.28277587890625,
            1.2330031394958496,
            1.2527559995651245
        ],
        "val_loss": [
            2.0019521713256836,
            2.1967475414276123,
            1.61844003200531,
            1.5970282554626465,
            1.631782054901123,
            1.6479910612106323
        ]
    },
    "Consenso": {
        "val_loss": [
            6.365110397338867
        ]
    }
}