{
    "Federated": {
        "loss": [
            9.246463775634766,
            9.942156791687012,
            4.947978973388672,
            3.6943204402923584,
            3.1772634983062744,
            2.939486026763916
        ],
        "val_loss": [
            4.505819320678711,
            4.952817440032959,
            3.4290988445281982,
            2.9948668479919434,
            2.8205368518829346,
            2.694439649581909
        ]
    },
    "Consenso": {
        "val_loss": [
            5.447049617767334
        ]
    }
}