{
    "Federated": {
        "loss": [
            27.07937240600586,
            23.996627807617188,
            14.977448463439941,
            12.636479377746582,
            11.385665893554688,
            10.631522178649902
        ],
        "val_loss": [
            17.39625358581543,
            13.712636947631836,
            11.852614402770996,
            10.345659255981445,
            9.640183448791504,
            9.173190116882324
        ]
    },
    "Consenso": {
        "val_loss": [
            5.743664264678955
        ]
    }
}