{
    "Federated": {
        "loss": [
            2.2114341259002686,
            1.9170945882797241,
            1.1133525371551514,
            1.0956140756607056,
            1.0700654983520508,
            1.0703184604644775
        ],
        "val_loss": [
            1.0741909742355347,
            1.0158309936523438,
            0.9039930105209351,
            0.8767433762550354,
            0.8838668465614319,
            0.8995773792266846
        ]
    },
    "Consenso": {
        "val_loss": [
            7.053468704223633
        ]
    }
}