{
    "Federated": {
        "loss": [
            1.7755628824234009,
            1.7131943702697754,
            0.9738479852676392,
            0.9306239485740662,
            0.8981441855430603,
            0.8987131118774414
        ],
        "val_loss": [
            1.1329525709152222,
            1.021654486656189,
            0.9480257034301758,
            0.9164375066757202,
            0.9200588464736938,
            0.929824948310852
        ]
    },
    "Consenso": {
        "val_loss": [
            6.9993720054626465
        ]
    }
}