{
    "Federated": {
        "loss": [
            3.7337806224823,
            3.9933927059173584,
            2.011577606201172,
            1.5527173280715942,
            1.3171168565750122,
            1.2398700714111328
        ],
        "val_loss": [
            9.89250659942627,
            11.03530502319336,
            7.851884365081787,
            5.867641448974609,
            4.986520767211914,
            4.482865810394287
        ]
    },
    "Consenso": {
        "val_loss": [
            6.858463287353516
        ]
    }
}