{
    "Federated": {
        "loss": [
            5.792128086090088,
            4.132739067077637,
            1.9227373600006104,
            1.7650235891342163,
            1.644171118736267,
            1.5785953998565674
        ],
        "val_loss": [
            3.4923770427703857,
            2.313169240951538,
            1.9800865650177002,
            1.8378502130508423,
            1.776292324066162,
            1.7276782989501953
        ]
    },
    "Consenso": {
        "val_loss": [
            7.635980129241943
        ]
    }
}