{
    "Federated": {
        "loss": [
            5.10667610168457,
            5.103602886199951,
            2.806560516357422,
            2.2348721027374268,
            1.9111156463623047,
            1.758605718612671
        ],
        "val_loss": [
            4.994382381439209,
            4.896132469177246,
            3.5783803462982178,
            3.040407180786133,
            2.8184804916381836,
            2.694455146789551
        ]
    },
    "Consenso": {
        "val_loss": [
            6.586320877075195
        ]
    }
}