{
    "Federated": {
        "loss": [
            0.6329614520072937,
            0.5461523532867432,
            0.414285272359848,
            0.4323757588863373,
            0.4101172685623169,
            0.4124718904495239
        ],
        "val_loss": [
            1.3718332052230835,
            1.2885812520980835,
            1.1755931377410889,
            1.1597938537597656,
            1.1765426397323608,
            1.164694905281067
        ]
    },
    "Consenso": {
        "val_loss": [
            6.292637348175049
        ]
    }
}