{
    "Federated": {
        "loss": [
            4.740840911865234,
            4.619717597961426,
            1.7613998651504517,
            1.4215784072875977,
            1.2686599493026733,
            1.2658547163009644
        ],
        "val_loss": [
            2.0088424682617188,
            2.1837642192840576,
            1.6294305324554443,
            1.432549238204956,
            1.354857325553894,
            1.3498512506484985
        ]
    },
    "Consenso": {
        "val_loss": [
            7.5534563064575195
        ]
    }
}