{
    "Federated": {
        "loss": [
            13.530430793762207,
            11.80260944366455,
            6.591598987579346,
            5.574764251708984,
            4.851604461669922,
            4.332456588745117
        ],
        "val_loss": [
            7.874521732330322,
            6.767215251922607,
            5.7682366371154785,
            4.965525150299072,
            4.44643497467041,
            4.125533580780029
        ]
    },
    "Consenso": {
        "val_loss": [
            6.0734968185424805
        ]
    }
}