{
    "Federated": {
        "loss": [
            16.913772583007812,
            12.082859992980957,
            6.6075286865234375,
            5.582681179046631,
            4.787747859954834,
            4.274282932281494
        ],
        "val_loss": [
            10.746404647827148,
            6.657469272613525,
            5.749468803405762,
            4.965977668762207,
            4.4140753746032715,
            4.061218738555908
        ]
    },
    "Consenso": {
        "val_loss": [
            6.063832759857178
        ]
    }
}