{
    "Federated": {
        "loss": [
            2.7392282485961914,
            2.5832009315490723,
            1.2207227945327759,
            1.2121349573135376,
            1.1786478757858276,
            1.1589994430541992
        ],
        "val_loss": [
            1.6935601234436035,
            1.4523591995239258,
            1.3574292659759521,
            1.3249326944351196,
            1.321099877357483,
            1.3233662843704224
        ]
    },
    "Consenso": {
        "val_loss": [
            6.857072353363037
        ]
    }
}