{
    "Federated": {
        "loss": [
            19.880332946777344,
            15.058917999267578,
            8.446142196655273,
            6.922399520874023,
            5.7617292404174805,
            4.942051887512207
        ],
        "val_loss": [
            9.613306999206543,
            5.904052734375,
            5.444278717041016,
            4.563872337341309,
            3.809821367263794,
            3.4693543910980225
        ]
    },
    "Consenso": {
        "val_loss": [
            4.722403526306152
        ]
    }
}