{
    "Federated": {
        "loss": [
            20.308616638183594,
            18.27597999572754,
            10.890722274780273,
            9.581441879272461,
            8.476099967956543,
            7.589908599853516
        ],
        "val_loss": [
            12.260773658752441,
            9.838940620422363,
            8.943857192993164,
            8.072993278503418,
            7.248769760131836,
            6.3467607498168945
        ]
    },
    "Consenso": {
        "val_loss": [
            6.459493637084961
        ]
    }
}