{
    "Federated": {
        "loss": [
            5.259061813354492,
            4.474264621734619,
            1.9866682291030884,
            1.7872308492660522,
            1.6660367250442505,
            1.6223766803741455
        ],
        "val_loss": [
            2.4947149753570557,
            2.1543326377868652,
            1.9842385053634644,
            1.8692389726638794,
            1.8166923522949219,
            1.8232744932174683
        ]
    },
    "Consenso": {
        "val_loss": [
            6.419276237487793
        ]
    }
}