{
    "Federated": {
        "loss": [
            19.634462356567383,
            18.47465705871582,
            12.756476402282715,
            11.071950912475586,
            9.927765846252441,
            9.172744750976562
        ],
        "val_loss": [
            52.726585388183594,
            49.67768478393555,
            44.26730728149414,
            39.26480484008789,
            35.857215881347656,
            33.559871673583984
        ]
    },
    "Consenso": {
        "val_loss": [
            5.580286502838135
        ]
    }
}