{
    "Federated": {
        "loss": [
            23.728471755981445,
            19.340696334838867,
            12.515443801879883,
            11.007758140563965,
            9.792057991027832,
            8.83078670501709
        ],
        "val_loss": [
            15.257498741149902,
            11.732024192810059,
            10.406984329223633,
            9.515933990478516,
            8.333248138427734,
            7.596090316772461
        ]
    },
    "Consenso": {
        "val_loss": [
            6.675348281860352
        ]
    }
}