{
    "Federated": {
        "loss": [
            13.133322715759277,
            14.283089637756348,
            7.628296852111816,
            5.990394592285156,
            4.958416938781738,
            4.338462829589844
        ],
        "val_loss": [
            6.387187480926514,
            6.097251892089844,
            4.8440117835998535,
            3.819424867630005,
            3.3636553287506104,
            3.229247808456421
        ]
    },
    "Consenso": {
        "val_loss": [
            5.8607001304626465
        ]
    }
}