{
    "Federated": {
        "loss": [
            21.694290161132812,
            16.221601486206055,
            10.186511993408203,
            8.841667175292969,
            7.767147064208984,
            6.966546058654785
        ],
        "val_loss": [
            12.417057991027832,
            8.251148223876953,
            7.676334857940674,
            6.582677364349365,
            5.793054103851318,
            5.370809078216553
        ]
    },
    "Consenso": {
        "val_loss": [
            6.127492427825928
        ]
    }
}