{
    "Federated": {
        "loss": [
            10.25511646270752,
            8.598026275634766,
            4.901370048522949,
            4.220088005065918,
            3.745832920074463,
            3.431274652481079
        ],
        "val_loss": [
            4.899606227874756,
            4.554962158203125,
            3.7869367599487305,
            3.3442065715789795,
            3.1220476627349854,
            2.9482626914978027
        ]
    },
    "Consenso": {
        "val_loss": [
            6.3057169914245605
        ]
    }
}