{
    "Federated": {
        "loss": [
            4.436985492706299,
            3.1384451389312744,
            2.461397409439087,
            2.069830894470215,
            1.7897682189941406,
            1.6599143743515015
        ],
        "val_loss": [
            2.3683125972747803,
            1.7423903942108154,
            1.6588095426559448,
            1.6744625568389893,
            1.6863796710968018,
            1.701806664466858
        ],
        "loss_consensus_local": [
            11.433098793029785,
            8.026494026184082,
            5.6214213371276855,
            4.122592449188232,
            3.176389455795288,
            2.6292123794555664
        ],
        "loss_consensus_global": [
            32.30596160888672,
            22.86425018310547,
            15.796547889709473,
            11.269686698913574,
            8.246650695800781,
            6.339151382446289
        ]
    },
    "No Federated (Local)": {
        "loss": [
            4.453747749328613,
            2.1333940029144287,
            1.8842182159423828,
            1.7144150733947754,
            1.5925956964492798,
            1.5124683380126953
        ],
        "val_loss": [
            2.367443323135376,
            2.0429635047912598,
            1.9153140783309937,
            1.8075001239776611,
            1.7864083051681519,
            1.70680832862854
        ]
    }
}