{
    "Federated": {
        "loss": [
            14.997475624084473,
            13.185677528381348,
            9.423367500305176,
            7.290245056152344,
            5.9176106452941895,
            5.017550468444824
        ],
        "val_loss": [
            7.316227436065674,
            6.515315055847168,
            5.619889736175537,
            4.5804972648620605,
            3.867286205291748,
            3.5383987426757812
        ],
        "loss_consensus_local": [
            26.508283615112305,
            15.176239967346191,
            8.850492477416992,
            6.2045674324035645,
            4.957675933837891,
            4.207645416259766
        ],
        "loss_consensus_global": [
            31.502866744995117,
            18.302730560302734,
            11.019306182861328,
            9.141690254211426,
            7.955987453460693,
            7.175095081329346
        ]
    },
    "No Federated (Local)": {
        "loss": [
            15.011147499084473,
            7.635900020599365,
            6.0270819664001465,
            5.088271617889404,
            4.4837822914123535,
            4.105555057525635
        ],
        "val_loss": [
            7.350332736968994,
            5.283005237579346,
            4.4053850173950195,
            3.8764963150024414,
            3.5535809993743896,
            3.3223307132720947
        ]
    }
}