{
    "Federated": {
        "loss": [
            18.558710193634035,
            15.144032454490661,
            11.94171267747879,
            9.976029312610626,
            8.6808100938797,
            7.7374777555465695
        ],
        "val_loss": [
            10.804710161685943,
            8.62516108751297,
            8.27102974653244,
            7.34491491317749,
            6.518486422300339,
            6.0089629828929905
        ],
        "loss_consensus_local": [
            31.572878122329712,
            19.048173213005064,
            12.719348621368407,
            10.066340804100037,
            8.68182306289673,
            7.775495839118958
        ],
        "loss_consensus_global": [
            31.807323741912843,
            18.09558744430542,
            11.507377624511719,
            9.552442979812621,
            8.298440742492676,
            7.47050666809082
        ]
    },
    "No Federated (Local)": {
        "loss": [
            18.561784648895262,
            9.910954523086549,
            6.971161890029907,
            5.433653491735458,
            4.574153673648834,
            4.0718703150749205
        ],
        "val_loss": [
            10.818925034999847,
            7.166882109642029,
            5.504801034927368,
            4.6169577717781065,
            4.153173249959946,
            3.8726345777511595
        ]
    }
}