{
    "Federated": {
        "loss": [
            5.0490031242370605,
            3.5823252201080322,
            1.7732105255126953,
            1.5953904390335083,
            1.5018924474716187,
            1.5076682567596436
        ],
        "val_loss": [
            2.5509157180786133,
            2.1382217407226562,
            1.7746226787567139,
            1.6879745721817017,
            1.6767704486846924,
            1.6685302257537842
        ]
    },
    "Consenso": {
        "val_loss": [
            6.82660436630249
        ]
    }
}