{
    "Federated": {
        "loss": [
            13.55593204498291,
            9.796422004699707,
            4.8567962646484375,
            3.626331329345703,
            2.996797561645508,
            2.688335657119751
        ],
        "val_loss": [
            7.0638427734375,
            4.741637706756592,
            3.8264994621276855,
            3.1126418113708496,
            2.8002374172210693,
            2.7830142974853516
        ]
    },
    "Consenso": {
        "val_loss": [
            5.54736328125
        ]
    }
}