{
    "Federated": {
        "loss": [
            7.943379878997803,
            6.092886447906494,
            2.746472120285034,
            2.120304584503174,
            1.8832086324691772,
            1.806351661682129
        ],
        "val_loss": [
            3.7714858055114746,
            3.3713231086730957,
            2.490227460861206,
            2.2272987365722656,
            2.2236485481262207,
            2.202096939086914
        ]
    },
    "Consenso": {
        "val_loss": [
            6.185902118682861
        ]
    }
}