{
    "Federated": {
        "loss": [
            15.272488594055176,
            11.160676002502441,
            6.1642680168151855,
            4.725895404815674,
            3.9933574199676514,
            3.614896059036255
        ],
        "val_loss": [
            10.50184440612793,
            6.377439975738525,
            5.02321195602417,
            4.143743991851807,
            3.8027379512786865,
            3.6038084030151367
        ]
    },
    "Consenso": {
        "val_loss": [
            5.3765974044799805
        ]
    }
}