{
    "Federated": {
        "loss": [
            2.917085886001587,
            2.1294219493865967,
            1.2575207948684692,
            1.1927138566970825,
            1.1464248895645142,
            1.1379088163375854
        ],
        "val_loss": [
            1.549275279045105,
            1.4369335174560547,
            1.3287663459777832,
            1.2841641902923584,
            1.2670929431915283,
            1.2831639051437378
        ]
    },
    "Consenso": {
        "val_loss": [
            6.908603668212891
        ]
    }
}