{
    "Federated": {
        "loss": [
            35.312034606933594,
            26.81182289123535,
            22.499990463256836,
            22.689006805419922,
            22.759721755981445,
            22.933658599853516
        ],
        "val_loss": [
            22.41658592224121,
            13.5878267288208,
            12.649380683898926,
            12.60185432434082,
            12.457895278930664,
            12.100576400756836
        ]
    },
    "Consenso": {
        "val_loss": [
            8.827218055725098
        ]
    }
}