{
    "Federated": {
        "loss": [
            20.491382598876953,
            17.5903377532959,
            10.23356819152832,
            8.269815444946289,
            6.8913702964782715,
            6.058045864105225
        ],
        "val_loss": [
            10.917021751403809,
            9.46556568145752,
            8.055545806884766,
            6.625875949859619,
            5.6353678703308105,
            5.152277946472168
        ]
    },
    "Consenso": {
        "val_loss": [
            5.332784175872803
        ]
    }
}