{
    "Federated": {
        "loss": [
            18.7910099029541,
            17.30683708190918,
            11.99609375,
            10.401504516601562,
            9.37280559539795,
            8.651725769042969
        ],
        "val_loss": [
            55.90214157104492,
            46.942657470703125,
            41.312034606933594,
            36.830841064453125,
            34.13028335571289,
            31.981216430664062
        ]
    },
    "Consenso": {
        "val_loss": [
            5.178760051727295
        ]
    }
}