{
    "Federated": {
        "loss": [
            23.27162742614746,
            18.692853927612305,
            11.654403686523438,
            9.456692695617676,
            7.9262375831604,
            7.020844459533691
        ],
        "val_loss": [
            15.858304977416992,
            10.882570266723633,
            9.085824966430664,
            7.595326900482178,
            6.625369071960449,
            6.125182628631592
        ]
    },
    "Consenso": {
        "val_loss": [
            5.427824974060059
        ]
    }
}