{
    "Federated": {
        "loss": [
            3.3900182247161865,
            2.5950379371643066,
            1.3622057437896729,
            1.167901635169983,
            1.1054128408432007,
            1.1258659362792969
        ],
        "val_loss": [
            5.887210369110107,
            5.158548831939697,
            3.681180953979492,
            3.0050477981567383,
            2.6651344299316406,
            2.404033899307251
        ]
    },
    "Consenso": {
        "val_loss": [
            7.043960094451904
        ]
    }
}