{
    "Federated": {
        "loss": [
            1.8184633255004883,
            1.4170453548431396,
            1.2763049602508545,
            1.2487561702728271,
            1.2071640491485596,
            1.2076811790466309
        ],
        "val_loss": [
            2.2323834896087646,
            1.9803534746170044,
            1.5651288032531738,
            1.6424158811569214,
            1.636566162109375,
            1.6568647623062134
        ]
    },
    "Consenso": {
        "val_loss": [
            6.3962931632995605
        ]
    }
}