{
    "Federated": {
        "loss": [
            30.388935089111328,
            26.544353485107422,
            17.473182678222656,
            15.109806060791016,
            13.34945011138916,
            12.09599494934082
        ],
        "val_loss": [
            21.67696762084961,
            16.23745346069336,
            14.19519329071045,
            12.286231994628906,
            11.021620750427246,
            10.142751693725586
        ]
    },
    "Consenso": {
        "val_loss": [
            6.150859832763672
        ]
    }
}