{
    "Federated": {
        "loss": [
            2.0802385807037354,
            1.5781233310699463,
            1.12376070022583,
            1.1041921377182007,
            1.0636236667633057,
            1.0458343029022217
        ],
        "val_loss": [
            1.1084799766540527,
            0.9741219878196716,
            0.9103612303733826,
            0.8742710947990417,
            0.8829500079154968,
            0.8868077397346497
        ]
    },
    "Consenso": {
        "val_loss": [
            6.86161994934082
        ]
    }
}