{
    "Federated": {
        "loss": [
            34.57832717895508,
            24.56431770324707,
            21.60345458984375
        ],
        "val_loss": [
            21.50865936279297,
            19.512407302856445,
            17.716655731201172
        ]
    },
    "Consenso": {
        "val_loss": [
            8.486434936523438
        ]
    }
}