{
    "ML": {
        "loss": [
            38.24002456665039
        ],
        "val_loss": [
            28.694673538208008
        ]
    }
}