{
    "ML": {
        "loss": [
            35.84718322753906
        ],
        "val_loss": [
            24.085132598876953
        ]
    }
}