{
    "Federated": {
        "loss": [
            40.41605758666992,
            29.761577606201172,
            24.18100929260254,
            20.552473068237305,
            18.256614685058594
        ],
        "val_loss": [
            26.975494384765625,
            22.85786247253418,
            18.560102462768555,
            16.049516677856445,
            14.630569458007812
        ],
        "consenso": [
            28.752796173095703,
            22.747575759887695,
            18.979143142700195,
            16.433034896850586,
            14.87942886352539
        ]
    }
}