{
    "ML": {
        "loss": [
            16.178781509399414
        ],
        "val_loss": [
            7.677286148071289
        ]
    }
}