{
    "Federated": {
        "loss": [
            14.742993354797363,
            8.051043510437012,
            6.202144145965576
        ],
        "val_loss": [
            6.840109825134277,
            5.437744617462158,
            4.602828502655029
        ]
    },
    "Consenso": {
        "val_loss": [
            8.48645305633545
        ]
    }
}