{
    "ML": {
        "loss": [
            4.57121467590332
        ],
        "val_loss": [
            2.2968101501464844
        ]
    }
}