{
    "Federated": {
        "loss": [
            6.497125625610352,
            3.649991512298584,
            3.7048943042755127,
            2.8867225646972656,
            2.786255359649658
        ],
        "val_loss": [
            3.445108413696289,
            2.673874616622925,
            2.310302257537842,
            2.213953971862793,
            2.3532047271728516
        ],
        "consenso": [
            7.320370674133301,
            8.481125831604004,
            5.224655628204346,
            4.507143020629883,
            3.6881251335144043
        ]
    }
}