{
    "Federated": {
        "loss": [
            22.446985244750977,
            13.116735458374023,
            9.376984596252441,
            6.778972625732422,
            5.393574237823486
        ],
        "val_loss": [
            13.403279304504395,
            10.350835800170898,
            7.2697367668151855,
            5.989024639129639,
            5.012607097625732
        ],
        "consenso": [
            13.403279304504395,
            10.350835800170898,
            7.2697367668151855,
            5.989024639129639,
            5.012607097625732
        ]
    }
}