{
    "Federated": {
        "loss": [
            17.922313690185547,
            8.854344367980957,
            6.899929046630859
        ],
        "val_loss": [
            9.977311134338379,
            7.227625370025635,
            6.369840621948242
        ]
    },
    "Consenso": {
        "val_loss": [
            8.486798286437988
        ]
    }
}