{
    "ML": {
        "loss": [
            3.667476177215576
        ],
        "val_loss": [
            9.897623062133789
        ]
    }
}