{
    "ML": {
        "loss": [
            26.630802154541016
        ],
        "val_loss": [
            18.696083068847656
        ]
    }
}