{
    "ML": {
        "loss": [
            4.786788463592529
        ],
        "val_loss": [
            4.326085567474365
        ]
    }
}