{
    "ML": {
        "loss": [
            4.362314701080322
        ],
        "val_loss": [
            1.9728609323501587
        ]
    }
}