{
    "ML": {
        "loss": [
            13.16736888885498
        ],
        "val_loss": [
            7.634340286254883
        ]
    }
}