{
    "ML": {
        "loss": [
            7.447305202484131
        ],
        "val_loss": [
            3.8410983085632324
        ]
    }
}