{
    "ML": {
        "loss": [
            17.223350524902344
        ],
        "val_loss": [
            11.321767807006836
        ]
    }
}