{
    "ML": {
        "loss": [
            14.651131629943848
        ],
        "val_loss": [
            8.037141799926758
        ]
    }
}