{
    "ML": {
        "loss": [
            2.464359998703003
        ],
        "val_loss": [
            1.2430830001831055
        ]
    }
}