{
    "ML": {
        "loss": [
            23.320425033569336
        ],
        "val_loss": [
            10.59593677520752
        ]
    }
}