{
    "ML": {
        "loss": [
            21.56058120727539
        ],
        "val_loss": [
            12.716506004333496
        ]
    }
}