{
    "ML": {
        "loss": [
            19.435890197753906
        ],
        "val_loss": [
            11.91696834564209
        ]
    }
}