{
    "ML": {
        "loss": [
            36.83105206489563
        ],
        "val_loss": [
            26.742294162511826
        ]
    }
}