{
    "ML": {
        "loss": [
            6.478776931762695
        ],
        "val_loss": [
            3.3654279708862305
        ]
    }
}