{
    "ML": {
        "loss": [
            15.41490650177002
        ],
        "val_loss": [
            10.38742446899414
        ]
    }
}