{
    "ML": {
        "loss": [
            20.475866317749023
        ],
        "val_loss": [
            10.471368789672852
        ]
    }
}