{
    "ML": {
        "loss": [
            1.8681519031524658
        ],
        "val_loss": [
            2.4095308780670166
        ]
    }
}