{
    "ML": {
        "loss": [
            4.318867206573486
        ],
        "val_loss": [
            2.123074769973755
        ]
    }
}