{
    "ML": {
        "loss": [
            25.64988899230957
        ],
        "val_loss": [
            16.799680709838867
        ]
    }
}