{
    "ML": {
        "loss": [
            30.699974060058594
        ],
        "val_loss": [
            22.68621253967285
        ]
    }
}