{
    "ML": {
        "loss": [
            2.0589425563812256
        ],
        "val_loss": [
            1.1020786762237549
        ]
    }
}