{
    "ML": {
        "loss": [
            1.8770782947540283
        ],
        "val_loss": [
            1.0623008012771606
        ]
    }
}