{
    "Federated": {
        "loss": [
            36.68263626098633,
            31.18038558959961,
            22.48808479309082,
            20.10222816467285,
            18.210983276367188,
            16.733211517333984
        ],
        "val_loss": [
            24.810489654541016,
            17.970094680786133,
            16.08746337890625,
            14.944194793701172,
            13.698402404785156,
            12.548415184020996
        ]
    }
}