{
    "Federated": {
        "loss": [
            4.776219367980957,
            3.550657033920288,
            1.838059663772583,
            1.5957343578338623,
            1.4879271984100342,
            1.4850400686264038
        ],
        "val_loss": [
            2.7874672412872314,
            2.187077522277832,
            1.8298214673995972,
            1.686806321144104,
            1.6582096815109253,
            1.6794830560684204
        ]
    }
}