{
    "Federated": {
        "loss": [
            3.6095528602600098,
            3.2589399814605713,
            1.5995019674301147,
            1.2718528509140015,
            1.1671404838562012,
            1.116443157196045
        ],
        "val_loss": [
            10.132198333740234,
            9.149835586547852,
            5.878842830657959,
            4.564069747924805,
            4.134214401245117,
            3.7141454219818115
        ]
    }
}