{
    "Federated": {
        "loss": [
            5.316648960113525,
            3.7208662033081055,
            2.0320048332214355,
            1.7819665670394897,
            1.6680340766906738,
            1.6553339958190918
        ],
        "val_loss": [
            2.6654326915740967,
            2.3479373455047607,
            1.874216914176941,
            1.6618915796279907,
            1.5986156463623047,
            1.596513271331787
        ]
    }
}