{
    "Federated": {
        "loss": [
            5.4109578132629395,
            3.809011220932007,
            1.9044384956359863,
            1.6231129169464111,
            1.5180706977844238,
            1.5040589570999146
        ],
        "val_loss": [
            2.8112781047821045,
            2.414618968963623,
            1.891410231590271,
            1.6945269107818604,
            1.6410619020462036,
            1.620826005935669
        ]
    }
}