{
    "Federated": {
        "loss": [
            0.5158576965332031,
            0.5339013338088989,
            0.41771575808525085,
            0.4272194802761078,
            0.4027354419231415,
            0.39008042216300964
        ],
        "val_loss": [
            1.3089438676834106,
            1.3130041360855103,
            1.0930252075195312,
            1.2196182012557983,
            1.155869722366333,
            1.1429309844970703
        ]
    }
}