{
    "Federated": {
        "loss": [
            4.46689510345459,
            3.5654029846191406,
            1.4461994171142578,
            1.2528961896896362,
            1.243303656578064,
            1.2462631464004517
        ],
        "val_loss": [
            2.1454222202301025,
            1.8793812990188599,
            1.4301687479019165,
            1.3598260879516602,
            1.3553924560546875,
            1.3346717357635498
        ]
    }
}