{
    "Federated": {
        "loss": [
            12.862648963928223,
            9.898919105529785,
            5.012204170227051,
            3.6971354484558105,
            2.950334310531616,
            2.602505922317505
        ],
        "val_loss": [
            6.070165634155273,
            5.015415191650391,
            3.8663246631622314,
            3.032219409942627,
            2.7905311584472656,
            2.6075401306152344
        ]
    }
}