{
    "Federated": {
        "loss": [
            8.1485595703125,
            5.88042688369751,
            2.80198073387146,
            2.137582778930664,
            1.858715295791626,
            1.7622003555297852
        ],
        "val_loss": [
            4.225987911224365,
            3.396911859512329,
            2.5150129795074463,
            2.246323347091675,
            2.1938509941101074,
            2.1210410594940186
        ]
    }
}