{
    "Federated": {
        "loss": [
            15.92780590057373,
            11.707540512084961,
            6.338030815124512,
            4.777376651763916,
            3.8586604595184326,
            3.379812240600586
        ],
        "val_loss": [
            9.701473236083984,
            6.452703952789307,
            5.183229923248291,
            4.1215291023254395,
            3.6564700603485107,
            3.424933910369873
        ]
    }
}