{
    "Federated": {
        "loss": [
            14.145622253417969,
            11.240645408630371,
            6.316150188446045,
            4.814020156860352,
            3.936915874481201,
            3.4937782287597656
        ],
        "val_loss": [
            8.205875396728516,
            6.519219398498535,
            5.120087623596191,
            4.128128528594971,
            3.69175124168396,
            3.462984561920166
        ]
    }
}