{
    "Federated": {
        "loss": [
            5.099187850952148,
            4.500585079193115,
            2.2256038188934326,
            1.8314043283462524,
            1.6401922702789307,
            1.5862065553665161
        ],
        "val_loss": [
            2.115335702896118,
            2.407623291015625,
            1.7512145042419434,
            1.5913848876953125,
            1.5377395153045654,
            1.5095914602279663
        ]
    }
}