{
    "Federated": {
        "loss": [
            1.893768310546875,
            1.4472655057907104,
            1.124269723892212,
            1.0911473035812378,
            1.0399430990219116,
            1.046079158782959
        ],
        "val_loss": [
            1.1685335636138916,
            1.057495355606079,
            0.9500902891159058,
            0.9467850923538208,
            0.9718039035797119,
            0.9845589399337769
        ]
    }
}