{
    "Federated": {
        "loss": [
            3.3542253971099854,
            2.524214506149292,
            1.3990213871002197,
            1.1766122579574585,
            1.0887826681137085,
            1.1218576431274414
        ],
        "val_loss": [
            6.456139087677002,
            5.587887287139893,
            3.9044198989868164,
            3.0900509357452393,
            2.68677020072937,
            2.3791823387145996
        ]
    }
}