{
    "Federated": {
        "loss": [
            16.68480682373047,
            11.525656700134277,
            5.7231879234313965,
            4.35853385925293,
            3.717233657836914,
            3.374011278152466
        ],
        "val_loss": [
            7.782983779907227,
            4.982479572296143,
            3.5418829917907715,
            3.0869579315185547,
            2.9179322719573975,
            2.850989818572998
        ]
    }
}