{
    "Federated": {
        "loss": [
            4.857974529266357,
            3.7556185722351074,
            1.5854696035385132,
            1.3719819784164429,
            1.3524062633514404,
            1.3671904802322388
        ],
        "val_loss": [
            2.40272855758667,
            2.069655179977417,
            1.6440637111663818,
            1.5652949810028076,
            1.5469938516616821,
            1.5269685983657837
        ]
    }
}