{
    "Federated": {
        "loss": [
            10.712858200073242,
            8.426384925842285,
            4.768678188323975,
            3.7366905212402344,
            3.1971566677093506,
            2.9331586360931396
        ],
        "val_loss": [
            5.569517612457275,
            4.634058475494385,
            3.473215103149414,
            2.9667043685913086,
            2.7868833541870117,
            2.6775243282318115
        ]
    }
}