{
    "Federated": {
        "loss": [
            34.379390716552734,
            21.325647354125977,
            17.612361907958984,
            15.091543197631836,
            13.082077026367188,
            11.76438045501709
        ],
        "val_loss": [
            12.375140190124512,
            5.2384161949157715,
            5.439492702484131,
            5.3948187828063965,
            5.253310203552246,
            5.179780006408691
        ],
        "loss_consensus_local": [
            27.479101181030273,
            17.768680572509766,
            11.215675354003906,
            7.580183029174805,
            5.833086967468262,
            5.03115701675415
        ],
        "loss_consensus_global": [
            27.479101181030273,
            17.768680572509766,
            11.215675354003906,
            7.580183029174805,
            5.833086967468262,
            5.03115701675415
        ]
    },
    "No Federated (Local)": {
        "loss": [
            34.39480209350586,
            20.883014678955078,
            16.05025863647461,
            13.676316261291504,
            12.273475646972656,
            11.219205856323242
        ],
        "val_loss": [
            12.395800590515137,
            8.275141716003418,
            6.970584392547607,
            6.6324381828308105,
            6.187583923339844,
            5.7979207038879395
        ]
    }
}