{
    "Federated": {
        "loss": [
            14.018599519542619,
            12.259900945074419,
            7.514179142082439,
            6.367977928297193,
            5.739117982925153,
            5.365932066650951
        ],
        "val_loss": [
            9.52864671571582,
            7.422231106197133,
            6.040283847088907,
            5.345680698460224,
            4.974945184062509,
            4.734677446823494
        ]
    },
    "Consenso": {
        "val_loss": [
            6.251482346478631
        ]
    }
}