{
    "Federated": {
        "loss": [
            14.183818516778011,
            12.1406404504589,
            7.651394900738024,
            6.7335242751766655,
            6.0615486596144885,
            5.593868713752896
        ],
        "val_loss": [
            9.49939295240477,
            7.577570965477064,
            6.507908270639532,
            5.818955263670753,
            5.2829252726891465,
            4.941766055191264
        ]
    },
    "Consenso": {
        "val_loss": [
            6.6356331226872465
        ]
    }
}