{
    "Federated": {
        "loss": [
            13.66609437792909,
            11.693797183387419,
            7.645584008857315,
            6.703796280949724,
            6.089800136930802,
            5.652291609376085
        ],
        "val_loss": [
            8.885549435428544,
            7.5364330539516375,
            6.407141150212755,
            5.742704829748939,
            5.302370749267877,
            4.980987852694941
        ]
    },
    "Consenso": {
        "val_loss": [
            6.717222784079757
        ]
    }
}