{
    "Federated": {
        "loss": [
            5.534254550933838,
            3.250300407409668,
            2.2407002449035645,
            1.8577406406402588,
            1.8137873411178589,
            1.8045397996902466
        ],
        "val_loss": [
            2.8288116455078125,
            2.2113521099090576,
            2.0495917797088623,
            1.927027702331543,
            1.887346863746643,
            1.8643689155578613
        ],
        "loss_consensus_local": [
            6.1217875480651855,
            3.3158493041992188,
            3.0921781063079834,
            3.6357057094573975,
            3.4789681434631348,
            3.172771453857422
        ],
        "loss_consensus_global": [
            25.30608558654785,
            16.5793514251709,
            11.28392219543457,
            9.025836944580078,
            7.18609094619751,
            5.875945568084717
        ]
    },
    "No Federated (Local)": {
        "loss": [
            5.440846920013428,
            2.2525060176849365,
            1.762292504310608,
            1.591472864151001,
            1.517001748085022,
            1.4888194799423218
        ],
        "val_loss": [
            2.829360246658325,
            2.142143726348877,
            1.9048316478729248,
            1.8057029247283936,
            1.7736626863479614,
            1.7559608221054077
        ]
    }
}