{
    "Federated": {
        "loss": [
            35.61481857299805,
            30.99428367614746,
            29.57487678527832,
            28.088090896606445,
            26.98409652709961,
            25.715938568115234
        ],
        "val_loss": [
            22.61300277709961,
            19.888280868530273,
            18.90064811706543,
            17.992286682128906,
            17.142160415649414,
            16.45781707763672
        ],
        "loss_consensus_local": [
            51.966163635253906,
            50.21436309814453,
            49.098777770996094,
            48.129669189453125,
            47.23651885986328,
            46.06284713745117
        ],
        "loss_consensus_global": [
            29.672805786132812,
            28.8372745513916,
            28.736148834228516,
            28.761695861816406,
            28.811872482299805,
            28.54376983642578
        ]
    },
    "No Federated (Local)": {
        "loss": [
            35.70560836791992,
            21.439176559448242,
            15.27160930633545,
            12.0762357711792,
            10.444328308105469,
            9.384377479553223
        ],
        "val_loss": [
            22.553083419799805,
            15.15019702911377,
            11.6361722946167,
            10.003045082092285,
            9.027576446533203,
            8.342239379882812
        ]
    }
}