{
    "Federated": {
        "loss": [
            17.68183708190918,
            15.15908145904541,
            14.236555099487305,
            13.589983940124512,
            12.720925331115723,
            12.170730590820312
        ],
        "val_loss": [
            9.354962348937988,
            7.834095001220703,
            7.219748497009277,
            6.7628173828125,
            6.339050769805908,
            6.054290294647217
        ],
        "loss_consensus_local": [
            27.426509857177734,
            26.436304092407227,
            26.16803741455078,
            26.270000457763672,
            26.542184829711914,
            26.784212112426758
        ],
        "loss_consensus_global": [
            32.32843780517578,
            31.09757423400879,
            30.613418579101562,
            30.539710998535156,
            30.66320037841797,
            30.766063690185547
        ]
    },
    "No Federated (Local)": {
        "loss": [
            17.617721557617188,
            8.142204284667969,
            5.430025577545166,
            4.394110679626465,
            3.8089399337768555,
            3.479029417037964
        ],
        "val_loss": [
            9.24082088470459,
            4.9899187088012695,
            3.9360508918762207,
            3.3389878273010254,
            3.052546262741089,
            2.8939809799194336
        ]
    }
}