{
    "Federated": {
        "loss": [
            4.796240329742432,
            3.4598488807678223,
            3.376861095428467,
            3.303807020187378,
            3.2777721881866455,
            3.2927732467651367
        ],
        "val_loss": [
            2.2817327976226807,
            2.1808831691741943,
            2.1494150161743164,
            2.1766836643218994,
            2.229482650756836,
            2.276263475418091
        ],
        "loss_consensus_local": [
            8.616409301757812,
            7.746384620666504,
            7.068464756011963,
            6.682648181915283,
            6.541700839996338,
            6.551251411437988
        ],
        "loss_consensus_global": [
            28.13005828857422,
            26.9333438873291,
            25.90183448791504,
            25.14741325378418,
            24.610851287841797,
            24.149574279785156
        ]
    },
    "No Federated (Local)": {
        "loss": [
            4.808233261108398,
            1.846737265586853,
            1.6213490962982178,
            1.566991925239563,
            1.535327434539795,
            1.5205609798431396
        ],
        "val_loss": [
            2.285045862197876,
            1.8624019622802734,
            1.7736451625823975,
            1.7360175848007202,
            1.7407840490341187,
            1.7308340072631836
        ]
    }
}