{
    "Federated": {
        "loss": [
            34.81153869628906,
            23.707679748535156,
            17.786972045898438,
            14.364179611206055,
            12.913626670837402,
            12.076302528381348
        ],
        "val_loss": [
            12.985917091369629,
            7.413584232330322,
            7.071760654449463,
            6.565350532531738,
            6.054207801818848,
            5.799143314361572
        ],
        "loss_consensus_local": [
            24.56073570251465,
            16.610790252685547,
            10.78697395324707,
            8.269770622253418,
            6.888217926025391,
            5.589890003204346
        ],
        "loss_consensus_global": [
            24.56073570251465,
            16.610790252685547,
            10.78697395324707,
            8.269770622253418,
            6.888217926025391,
            5.589890003204346
        ]
    },
    "No Federated (Local)": {
        "loss": [
            34.79056930541992,
            23.164392471313477,
            19.620590209960938,
            17.211572647094727,
            15.268811225891113,
            13.819090843200684
        ],
        "val_loss": [
            12.975892066955566,
            10.320947647094727,
            8.833889961242676,
            7.600966930389404,
            6.7481689453125,
            6.460775375366211
        ]
    }
}