{
    "Federated": {
        "loss": [
            19.60295867919922,
            12.596105575561523,
            6.503714561462402,
            4.111272811889648,
            3.496999740600586,
            3.1946425437927246
        ],
        "val_loss": [
            14.49024772644043,
            8.807915687561035,
            5.8767805099487305,
            5.211248874664307,
            5.003795623779297,
            4.872354984283447
        ],
        "loss_consensus_local": [
            28.216838836669922,
            15.898398399353027,
            9.999517440795898,
            7.878880500793457,
            6.672098636627197,
            5.499067783355713
        ],
        "loss_consensus_global": [
            28.216838836669922,
            15.898398399353027,
            9.999517440795898,
            7.878880500793457,
            6.672098636627197,
            5.499067783355713
        ]
    },
    "No Federated (Local)": {
        "loss": [
            19.616283416748047,
            11.164247512817383,
            8.117905616760254,
            6.2352752685546875,
            4.9340596199035645,
            4.016900062561035
        ],
        "val_loss": [
            14.605338096618652,
            10.852599143981934,
            8.6959867477417,
            7.184250354766846,
            6.018250942230225,
            5.241715431213379
        ]
    }
}