{
    "Federated": {
        "loss": [
            18.038685202598572,
            10.985920250415802,
            9.270382106304169
        ],
        "val_loss": [
            10.225507736206055,
            8.525141328573227,
            7.64180400967598
        ]
    },
    "Consenso": {
        "val_loss": [
            8.48656177520752
        ]
    }
}