{
    "Federated": {
        "loss": [
            22.648040771484375,
            14.655141949653625,
            11.421143114566803,
            9.06200098991394,
            7.810808062553406
        ],
        "val_loss": [
            14.122546195983887,
            11.098074615001678,
            8.424277305603027,
            7.162927031517029,
            6.432079493999481
        ],
        "consenso": [
            15.308704376220703,
            12.687799453735352,
            9.361813187599182,
            7.926838278770447,
            6.8797003626823425
        ]
    }
}