{
    "ML": {
        "loss": [
            14.144205812145682
        ],
        "val_loss": [
            9.592375765828525
        ]
    }
}