{
    "Federated": {
        "loss": [
            18.159886360168457,
            9.480327695608139,
            8.081095516681671
        ],
        "val_loss": [
            10.551378697156906,
            7.516358926892281,
            6.81181637942791
        ]
    },
    "Consenso": {
        "val_loss": [
            7.477253079414368
        ]
    }
}