{
    "Federated": {
        "loss": [
            3.811177968978882,
            3.2124862670898438,
            1.6539807319641113,
            1.3627054691314697,
            1.246344804763794,
            1.1908239126205444,
            1.155532717704773,
            1.125922441482544,
            1.0934326648712158,
            1.063349723815918,
            1.0287011861801147
        ],
        "val_loss": [
            10.477483749389648,
            9.193059921264648,
            6.316165447235107,
            5.212490081787109,
            4.5806121826171875,
            4.2107720375061035,
            3.8843088150024414,
            3.650927782058716,
            3.5078952312469482,
            3.2594683170318604,
            3.096320629119873
        ]
    },
    "Consenso": {
        "val_loss": [
            5.272294521331787
        ]
    }
}