{
    "Federated": {
        "loss": [
            24.977455139160156,
            20.67586898803711,
            12.703553199768066,
            11.084717750549316,
            9.896995544433594,
            8.977441787719727,
            8.260635375976562,
            7.695100784301758,
            7.2642717361450195,
            6.78313684463501,
            6.41761589050293
        ],
        "val_loss": [
            15.611268043518066,
            11.654415130615234,
            9.803139686584473,
            8.739422798156738,
            7.917547702789307,
            7.294040203094482,
            6.834655284881592,
            6.392259120941162,
            6.072091579437256,
            5.785650253295898,
            5.545999526977539
        ]
    },
    "Consenso": {
        "val_loss": [
            4.627625465393066
        ]
    }
}