{
    "Federated": {
        "loss": [
            3.7726545333862305,
            3.4025564193725586,
            1.5628935098648071,
            1.4176225662231445,
            1.3816653490066528,
            1.394696593284607,
            1.3985427618026733,
            1.3995715379714966,
            1.3889349699020386,
            1.377456784248352,
            1.3683054447174072
        ],
        "val_loss": [
            1.8442960977554321,
            1.6233893632888794,
            1.4371273517608643,
            1.3476903438568115,
            1.3371174335479736,
            1.3442068099975586,
            1.3356311321258545,
            1.3364018201828003,
            1.3216549158096313,
            1.322627305984497,
            1.3433715105056763
        ]
    },
    "Consenso": {
        "val_loss": [
            5.528454780578613
        ]
    }
}