{
    "Federated": {
        "loss": [
            5.693410873413086,
            5.28812313079834,
            2.4171106815338135,
            1.7580132484436035,
            1.5989347696304321,
            1.5724363327026367,
            1.5649296045303345,
            1.5404112339019775,
            1.542134404182434,
            1.5584977865219116,
            1.5405830144882202
        ],
        "val_loss": [
            3.06018328666687,
            3.2045376300811768,
            2.1267619132995605,
            1.8035255670547485,
            1.7174922227859497,
            1.6986145973205566,
            1.6479859352111816,
            1.6286948919296265,
            1.6147831678390503,
            1.6204930543899536,
            1.6244752407073975
        ]
    },
    "Consenso": {
        "val_loss": [
            5.793550491333008
        ]
    }
}