{
    "Federated": {
        "loss": [
            5.114970684051514,
            4.258745193481445,
            2.359224319458008,
            1.9734162092208862,
            1.796240210533142,
            1.6958006620407104,
            1.6194127798080444,
            1.5573467016220093,
            1.492073893547058,
            1.4330596923828125,
            1.3895165920257568
        ],
        "val_loss": [
            4.995340347290039,
            4.085521697998047,
            3.1670663356781006,
            2.834474802017212,
            2.724879264831543,
            2.58628511428833,
            2.479315996170044,
            2.545173406600952,
            2.330735921859741,
            2.272658586502075,
            2.2832446098327637
        ]
    },
    "Consenso": {
        "val_loss": [
            4.911069869995117
        ]
    }
}