{
    "Federated": {
        "loss": [
            0.5317223072052002,
            0.5316195487976074,
            0.411868691444397,
            0.4176616072654724,
            0.3857508897781372,
            0.37261685729026794,
            0.37582752108573914,
            0.3704802989959717,
            0.36798667907714844,
            0.3754522502422333,
            0.3609037697315216
        ],
        "val_loss": [
            1.4954311847686768,
            1.1936124563217163,
            1.1040828227996826,
            1.1218640804290771,
            1.1370702981948853,
            1.13840651512146,
            1.1346633434295654,
            1.2170730829238892,
            1.1972416639328003,
            1.1091850996017456,
            1.0980809926986694
        ]
    },
    "Consenso": {
        "val_loss": [
            4.908840656280518
        ]
    }
}