{
    "Federated": {
        "loss": [
            2.0186593532562256,
            1.9273109436035156,
            1.0729764699935913,
            1.010136604309082,
            0.9888498187065125,
            1.002272367477417,
            0.991783618927002,
            0.9634260535240173,
            0.941625714302063,
            0.92277991771698,
            0.9115617275238037
        ],
        "val_loss": [
            1.2682244777679443,
            1.163495421409607,
            1.0529910326004028,
            1.067327857017517,
            1.0960732698440552,
            1.1028361320495605,
            1.1170563697814941,
            1.0981525182724,
            1.076479434967041,
            1.064812421798706,
            1.0887724161148071
        ]
    },
    "Consenso": {
        "val_loss": [
            5.149425029754639
        ]
    }
}