{
    "Federated": {
        "loss": [
            13.43118953704834,
            12.989664077758789,
            6.629642963409424,
            4.448897838592529,
            3.3649091720581055,
            2.9457452297210693,
            2.713463306427002,
            2.5373752117156982,
            2.4174797534942627,
            2.3378331661224365,
            2.2805135250091553
        ],
        "val_loss": [
            7.62282657623291,
            6.460732936859131,
            4.739751815795898,
            3.4621782302856445,
            3.092092275619507,
            2.806079387664795,
            2.7251148223876953,
            2.6694602966308594,
            2.6015737056732178,
            2.531043529510498,
            2.522409439086914
        ]
    },
    "Consenso": {
        "val_loss": [
            4.973261833190918
        ]
    }
}