{
    "Federated": {
        "loss": [
            15.06536865234375,
            15.584441184997559,
            8.85866928100586,
            6.270355224609375,
            4.881612300872803,
            4.264111042022705,
            3.905247926712036,
            3.6394574642181396,
            3.4459495544433594,
            3.303755760192871,
            3.199777364730835
        ],
        "val_loss": [
            7.462220191955566,
            9.200809478759766,
            6.818297386169434,
            5.119940757751465,
            4.543680191040039,
            4.278141498565674,
            4.029835224151611,
            3.8487765789031982,
            3.6898465156555176,
            3.6005799770355225,
            3.5152010917663574
        ]
    },
    "Consenso": {
        "val_loss": [
            4.791274547576904
        ]
    }
}