{
    "Federated": {
        "loss": [
            14.181605339050293,
            14.387444496154785,
            8.02971076965332,
            5.622946739196777,
            4.467610836029053,
            3.9421327114105225,
            3.633882761001587,
            3.4246859550476074,
            3.250875473022461,
            3.133413791656494,
            3.0459718704223633
        ],
        "val_loss": [
            7.601502895355225,
            8.233570098876953,
            6.002066135406494,
            4.576106548309326,
            4.132429122924805,
            3.86452579498291,
            3.6425817012786865,
            3.4925003051757812,
            3.3609743118286133,
            3.260686159133911,
            3.2886884212493896
        ]
    },
    "Consenso": {
        "val_loss": [
            4.941585540771484
        ]
    }
}