{
    "Federated": {
        "loss": [
            5.965223789215088,
            5.174654960632324,
            2.338627338409424,
            1.818605661392212,
            1.6062113046646118,
            1.5417295694351196,
            1.5148472785949707,
            1.5044187307357788,
            1.506827712059021,
            1.4941831827163696,
            1.4863436222076416
        ],
        "val_loss": [
            3.362401008605957,
            2.8217761516571045,
            2.2336206436157227,
            2.010307788848877,
            1.8586618900299072,
            1.828249454498291,
            1.8519052267074585,
            1.7959060668945312,
            1.8306411504745483,
            1.7704514265060425,
            1.7705698013305664
        ]
    },
    "Consenso": {
        "val_loss": [
            5.353137016296387
        ]
    }
}