{
    "Federated": {
        "loss": [
            5.924065113067627,
            6.330437183380127,
            2.927844285964966,
            2.0415115356445312,
            1.7571842670440674,
            1.6713701486587524,
            1.63994300365448,
            1.6033223867416382,
            1.5683096647262573,
            1.569109320640564,
            1.560296654701233
        ],
        "val_loss": [
            2.808519124984741,
            3.251586675643921,
            2.0716187953948975,
            1.7120046615600586,
            1.6397321224212646,
            1.554456353187561,
            1.5215694904327393,
            1.5055570602416992,
            1.5089735984802246,
            1.5159313678741455,
            1.5203529596328735
        ]
    },
    "Consenso": {
        "val_loss": [
            5.6675333976745605
        ]
    }
}