{
    "Federated": {
        "loss": [
            35.258819580078125,
            27.331745147705078,
            22.05634117126465,
            21.50513458251953,
            21.03775405883789,
            20.8438720703125,
            20.806386947631836,
            20.901830673217773,
            20.894676208496094,
            21.034706115722656,
            21.134010314941406
        ],
        "val_loss": [
            21.74080467224121,
            14.39935302734375,
            13.509790420532227,
            13.114869117736816,
            12.921262741088867,
            12.775057792663574,
            12.701892852783203,
            12.691750526428223,
            12.919087409973145,
            12.741080284118652,
            12.944633483886719
        ]
    },
    "Consenso": {
        "val_loss": [
            9.8762788772583
        ]
    }
}