{
    "Federated": {
        "loss": [
            19.699769973754883,
            20.163028717041016,
            12.19943618774414,
            9.024147987365723,
            7.177358150482178,
            6.255580902099609,
            5.619940757751465,
            5.213996410369873,
            4.910756587982178,
            4.6667985916137695,
            4.47028923034668
        ],
        "val_loss": [
            10.959587097167969,
            11.954314231872559,
            9.226561546325684,
            7.051443099975586,
            6.063776016235352,
            5.518721103668213,
            5.214004993438721,
            4.897604465484619,
            4.735106945037842,
            4.5439019203186035,
            4.45833683013916
        ]
    },
    "Consenso": {
        "val_loss": [
            4.729045391082764
        ]
    }
}