{
    "Federated": {
        "loss": [
            3.6339809894561768,
            3.573024034500122,
            1.7592371702194214,
            1.3153860569000244,
            1.1745929718017578,
            1.1483371257781982,
            1.1550840139389038,
            1.1393307447433472,
            1.1257736682891846,
            1.126932144165039,
            1.135330319404602
        ],
        "val_loss": [
            6.004597187042236,
            6.853810787200928,
            4.3940534591674805,
            3.353116035461426,
            2.920698404312134,
            2.687499761581421,
            2.4452686309814453,
            2.2737245559692383,
            2.2428464889526367,
            2.0537524223327637,
            1.9583038091659546
        ]
    },
    "Consenso": {
        "val_loss": [
            5.768693923950195
        ]
    }
}