{
    "Federated": {
        "loss": [
            14.123581886291504,
            11.69377613067627,
            6.336354732513428,
            5.137956142425537,
            4.405350685119629,
            3.961249828338623,
            3.6144931316375732,
            3.362962245941162,
            3.145876169204712,
            2.9686496257781982,
            2.8149592876434326
        ],
        "val_loss": [
            6.416492938995361,
            5.165237903594971,
            4.110885143280029,
            3.47390079498291,
            3.2014784812927246,
            3.031240224838257,
            2.8781750202178955,
            2.7398836612701416,
            2.6391608715057373,
            2.5516960620880127,
            2.4769160747528076
        ]
    },
    "Consenso": {
        "val_loss": [
            4.556558609008789
        ]
    }
}