{
    "Federated": {
        "loss": [
            38.07658767700195,
            31.735919952392578,
            21.546432495117188,
            18.9093017578125,
            17.150657653808594,
            15.84714412689209,
            14.90963363647461,
            14.183416366577148,
            13.565009117126465,
            13.026577949523926,
            12.546762466430664
        ],
        "val_loss": [
            23.829669952392578,
            16.21108055114746,
            13.847346305847168,
            12.829548835754395,
            12.0205717086792,
            11.342641830444336,
            10.68617057800293,
            10.317217826843262,
            9.65759563446045,
            9.504734992980957,
            9.065667152404785
        ]
    },
    "Consenso": {
        "val_loss": [
            5.201082706451416
        ]
    }
}