{
    "Federated": {
        "loss": [
            1.695237398147583,
            1.7694660425186157,
            1.4270012378692627,
            1.3070313930511475,
            1.2281875610351562,
            1.2407252788543701,
            1.2015974521636963,
            1.196184515953064,
            1.1697856187820435,
            1.1602685451507568,
            1.1638113260269165
        ],
        "val_loss": [
            2.001758575439453,
            2.4663772583007812,
            1.7915639877319336,
            1.5954376459121704,
            1.6683812141418457,
            1.7016369104385376,
            1.6546096801757812,
            1.6634514331817627,
            1.7330067157745361,
            1.6850954294204712,
            1.69347083568573
        ]
    },
    "Consenso": {
        "val_loss": [
            5.182547092437744
        ]
    }
}