{
    "Federated": {
        "loss": [
            29.3154354095459,
            25.391679763793945,
            16.764158248901367,
            14.808832168579102,
            13.319785118103027,
            12.235007286071777,
            11.388575553894043,
            10.662035942077637,
            10.0443754196167,
            9.486143112182617,
            9.014869689941406
        ],
        "val_loss": [
            18.685705184936523,
            15.641963958740234,
            13.900421142578125,
            12.315814971923828,
            11.160128593444824,
            10.342262268066406,
            9.750582695007324,
            9.194563865661621,
            8.755949020385742,
            8.356282234191895,
            8.057394027709961
        ]
    },
    "Consenso": {
        "val_loss": [
            5.027965545654297
        ]
    }
}