{
    "Federated": {
        "loss": [
            2.1373355388641357,
            1.9439829587936401,
            1.1262762546539307,
            1.1016511917114258,
            1.0717246532440186,
            1.0620698928833008,
            1.05647611618042,
            1.0471372604370117,
            1.0323092937469482,
            1.0239309072494507,
            1.0132670402526855
        ],
        "val_loss": [
            1.10297429561615,
            1.010238528251648,
            0.9181467890739441,
            0.9311009049415588,
            0.8941606879234314,
            0.905896782875061,
            0.8951197266578674,
            0.922166645526886,
            0.8832366466522217,
            0.8932086229324341,
            0.8777692914009094
        ]
    },
    "Consenso": {
        "val_loss": [
            5.032741546630859
        ]
    }
}