{
    "Federated": {
        "loss": [
            36.46029281616211,
            26.602676391601562,
            20.106700897216797,
            15.802900314331055,
            13.45755386352539,
            12.130806922912598
        ],
        "val_loss": [
            14.756598472595215,
            6.572905540466309,
            5.701276779174805,
            5.744365692138672,
            5.565622806549072,
            5.436001300811768
        ],
        "loss_consensus_local": [
            39.225006103515625,
            25.360416412353516,
            15.221670150756836,
            9.496389389038086,
            6.599593639373779,
            5.329200267791748
        ],
        "loss_consensus_global": [
            39.225006103515625,
            25.360416412353516,
            15.221670150756836,
            9.496389389038086,
            6.599593639373779,
            5.329200267791748
        ]
    },
    "No Federated (Local)": {
        "loss": [
            36.467159271240234,
            25.566173553466797,
            21.041955947875977,
            18.94249725341797,
            17.53485107421875,
            16.32143211364746
        ],
        "val_loss": [
            15.478753089904785,
            10.406694412231445,
            9.493688583374023,
            9.109761238098145,
            8.699043273925781,
            8.289253234863281
        ]
    }
}