{
    "Federated": {
        "loss": [
            3.985076427459717,
            4.048852920532227,
            2.8043997287750244,
            2.0319178104400635,
            1.7381465435028076,
            1.616711974143982
        ],
        "val_loss": [
            14.38418197631836,
            15.820694923400879,
            12.444169998168945,
            9.01526927947998,
            6.789300918579102,
            5.624708652496338
        ],
        "loss_consensus_local": [
            39.223236083984375,
            24.811552047729492,
            14.73071575164795,
            9.264897346496582,
            6.513672351837158,
            5.310375690460205
        ],
        "loss_consensus_global": [
            39.223236083984375,
            24.811552047729492,
            14.73071575164795,
            9.264897346496582,
            6.513672351837158,
            5.310375690460205
        ]
    },
    "No Federated (Local)": {
        "loss": [
            3.976423740386963,
            1.8578405380249023,
            1.6994414329528809,
            1.57613205909729,
            1.5111764669418335,
            1.456884503364563
        ],
        "val_loss": [
            14.318194389343262,
            13.397695541381836,
            12.799755096435547,
            12.145100593566895,
            11.79263687133789,
            11.415165901184082
        ]
    }
}