{
    "Federated": {
        "loss": [
            14.036355814513039,
            12.015351304820939,
            7.48335992062793,
            6.390685661166322,
            5.68604727118623,
            5.242753932289049
        ],
        "val_loss": [
            9.479512358413023,
            7.3933386896170825,
            6.143874693150614,
            5.375178716930688,
            4.924803195046444,
            4.618348220984141
        ]
    }
}