{
    "Federated": {
        "loss": [
            18.10432732105255,
            16.017783188819884,
            12.904050600528716,
            10.647302639484405,
            9.154118704795838,
            8.055681574344636
        ],
        "val_loss": [
            10.539220237731934,
            8.591978669166565,
            8.16742776632309,
            7.352315533161163,
            6.664362275600434,
            6.0544307947158815
        ],
        "loss_consensus_local": [
            32.33235607147217,
            22.799329662322997,
            15.710955095291137,
            11.614302277565002,
            9.326284730434418,
            8.024809575080871
        ],
        "loss_consensus_global": [
            32.71658172607422,
            22.534777641296387,
            14.905438661575317,
            10.476941537857055,
            8.584675550460815,
            7.511993670463562
        ]
    },
    "No Federated (Local)": {
        "loss": [
            18.079882526397704,
            10.318745446205138,
            8.47449043393135,
            7.572166442871094,
            6.948295933008194,
            6.456194293498993
        ],
        "val_loss": [
            10.535835099220275,
            8.1317143201828,
            7.1682613611221315,
            6.5783403515815735,
            6.098638886213303,
            5.700346642732621
        ]
    }
}