{
    "Federated": {
        "loss": [
            36.77581787109375,
            31.976215362548828,
            31.12788963317871,
            30.217660903930664,
            29.279956817626953,
            28.405412673950195
        ],
        "val_loss": [
            25.135133743286133,
            22.057153701782227,
            21.183080673217773,
            20.493682861328125,
            19.787683486938477,
            19.185449600219727
        ],
        "loss_consensus_local": [
            55.671871185302734,
            57.820343017578125,
            58.69270706176758,
            58.54586410522461,
            57.749629974365234,
            56.3643798828125
        ],
        "loss_consensus_global": [
            33.137996673583984,
            35.909847259521484,
            37.498497009277344,
            38.09642028808594,
            38.04874801635742,
            37.40644836425781
        ]
    },
    "No Federated (Local)": {
        "loss": [
            36.78643035888672,
            24.357149124145508,
            17.587312698364258,
            13.3114595413208,
            10.460500717163086,
            8.517881393432617
        ],
        "val_loss": [
            25.239498138427734,
            17.805076599121094,
            13.476567268371582,
            10.695040702819824,
            8.843406677246094,
            7.389653205871582
        ]
    }
}