{
    "Federated": {
        "loss": [
            15.778536796569824,
            11.052330017089844,
            9.198967933654785,
            7.983293056488037,
            7.04422664642334,
            6.461478233337402
        ],
        "val_loss": [
            7.231934070587158,
            6.220053672790527,
            5.902648448944092,
            5.666229724884033,
            5.407700538635254,
            5.180143356323242
        ],
        "loss_consensus_local": [
            23.850299835205078,
            19.143354415893555,
            15.27121353149414,
            12.26667594909668,
            10.0846586227417,
            8.50011920928955
        ],
        "loss_consensus_global": [
            23.4960994720459,
            19.167097091674805,
            15.634918212890625,
            12.890746116638184,
            10.881991386413574,
            9.372058868408203
        ]
    },
    "No Federated (Local)": {
        "loss": [
            15.83536148071289,
            6.167381763458252,
            4.788539409637451,
            4.043792724609375,
            3.5870072841644287,
            3.344076156616211
        ],
        "val_loss": [
            7.292253494262695,
            5.4939398765563965,
            4.621123790740967,
            4.056497097015381,
            3.7731809616088867,
            3.6228764057159424
        ]
    }
}