{
    "Federated": {
        "loss": [
            16.161039352416992,
            7.9709954261779785,
            5.652894020080566,
            3.987835645675659,
            3.055572032928467,
            2.6022841930389404
        ],
        "val_loss": [
            11.282163619995117,
            6.904394149780273,
            5.972365856170654,
            4.985420227050781,
            4.444178104400635,
            4.252133369445801
        ],
        "loss_consensus_local": [
            30.184600830078125,
            18.590044021606445,
            11.44659423828125,
            7.582678318023682,
            5.655566215515137,
            4.663080215454102
        ],
        "loss_consensus_global": [
            30.184600830078125,
            18.590044021606445,
            11.44659423828125,
            7.582678318023682,
            5.655566215515137,
            4.663080215454102
        ]
    },
    "No Federated (Local)": {
        "loss": [
            16.199445724487305,
            6.871591567993164,
            4.311134338378906,
            3.407066822052002,
            3.03533673286438,
            2.818976640701294
        ],
        "val_loss": [
            11.246718406677246,
            7.731725215911865,
            6.291245937347412,
            5.746136665344238,
            5.445809364318848,
            5.255338668823242
        ]
    }
}