{
    "Federated": {
        "loss": [
            4.135823726654053,
            3.5561599731445312,
            2.462517499923706,
            1.9426929950714111,
            1.7121987342834473,
            1.6089290380477905
        ],
        "val_loss": [
            13.988505363464355,
            12.059532165527344,
            9.398307800292969,
            7.298495769500732,
            5.708632469177246,
            4.816580295562744
        ],
        "loss_consensus_local": [
            29.94165802001953,
            18.10552978515625,
            11.116910934448242,
            7.423093795776367,
            5.593602180480957,
            4.640316963195801
        ],
        "loss_consensus_global": [
            29.94165802001953,
            18.10552978515625,
            11.116910934448242,
            7.423093795776367,
            5.593602180480957,
            4.640316963195801
        ]
    },
    "No Federated (Local)": {
        "loss": [
            4.120467185974121,
            1.7927473783493042,
            1.61532723903656,
            1.5300568342208862,
            1.4891159534454346,
            1.4601860046386719
        ],
        "val_loss": [
            13.948040962219238,
            12.896662712097168,
            12.199664115905762,
            11.729805946350098,
            11.591434478759766,
            11.325535774230957
        ]
    }
}