{
    "Federated": {
        "loss": [
            19.00541388988495,
            10.446517825126648,
            7.518324434757233,
            5.8263609409332275,
            4.792987823486328,
            4.178644686937332
        ],
        "val_loss": [
            13.458771228790283,
            7.655608773231506,
            6.340977787971497,
            5.268562614917755,
            4.598486483097076,
            4.260681867599487
        ],
        "loss_consensus_local": [
            30.30686330795288,
            18.093190670013428,
            11.118955612182617,
            7.425289273262024,
            5.594586133956909,
            4.640921354293823
        ],
        "loss_consensus_global": [
            30.30686330795288,
            18.093190670013428,
            11.118955612182617,
            7.425289273262024,
            5.594586133956909,
            4.640921354293823
        ]
    },
    "No Federated (Local)": {
        "loss": [
            18.99945044517517,
            11.294505804777145,
            9.214340835809708,
            8.223267883062363,
            7.656893372535706,
            7.228882789611816
        ],
        "val_loss": [
            13.392918109893799,
            10.641117453575134,
            9.214484691619873,
            8.433327913284302,
            7.965242624282837,
            7.67212450504303
        ]
    }
}