{
    "Federated": {
        "loss": [
            36.33702850341797,
            22.42412567138672,
            17.804794311523438,
            15.33519458770752,
            13.130828857421875,
            11.683219909667969
        ],
        "val_loss": [
            14.391003608703613,
            6.493957042694092,
            5.710484504699707,
            5.42338752746582,
            5.234792232513428,
            5.01100492477417
        ],
        "loss_consensus_local": [
            40.42570495605469,
            26.57491111755371,
            19.308448791503906,
            12.945868492126465,
            8.33651065826416,
            6.01448392868042
        ],
        "loss_consensus_global": [
            40.42570495605469,
            26.57491111755371,
            19.308448791503906,
            12.945868492126465,
            8.33651065826416,
            6.01448392868042
        ]
    },
    "No Federated (Local)": {
        "loss": [
            36.34992980957031,
            25.37396812438965,
            21.59300422668457,
            19.44330596923828,
            17.76769256591797,
            16.378934860229492
        ],
        "val_loss": [
            14.386329650878906,
            10.930774688720703,
            9.846345901489258,
            8.700774192810059,
            7.8889360427856445,
            7.4689483642578125
        ]
    }
}