{
    "Federated": {
        "loss": [
            18.20157241821289,
            10.998613357543945,
            6.233255386352539,
            4.746440887451172,
            3.6979236602783203,
            3.009810209274292
        ],
        "val_loss": [
            13.87895393371582,
            8.09679889678955,
            5.687507152557373,
            5.447906494140625,
            5.151322364807129,
            4.926035404205322
        ],
        "loss_consensus_local": [
            40.42570495605469,
            26.57491111755371,
            19.308448791503906,
            12.945868492126465,
            8.33651065826416,
            6.01448392868042
        ],
        "loss_consensus_global": [
            40.42570495605469,
            26.57491111755371,
            19.308448791503906,
            12.945868492126465,
            8.33651065826416,
            6.01448392868042
        ]
    },
    "No Federated (Local)": {
        "loss": [
            18.205669403076172,
            9.52094554901123,
            6.387113571166992,
            5.067111968994141,
            4.354791641235352,
            3.8845293521881104
        ],
        "val_loss": [
            13.861167907714844,
            9.563125610351562,
            7.891462326049805,
            7.026081562042236,
            6.495245933532715,
            6.090847969055176
        ]
    }
}