{
    "Federated": {
        "loss": [
            19.81909942626953,
            10.283247947692871,
            6.5067315101623535,
            4.852601528167725,
            3.976799488067627,
            3.2491352558135986
        ],
        "val_loss": [
            15.115901947021484,
            6.813819885253906,
            5.874341011047363,
            5.8006272315979,
            4.965041637420654,
            4.803964614868164
        ],
        "loss_consensus_local": [
            35.63709259033203,
            21.904985427856445,
            13.423645973205566,
            12.748197555541992,
            7.783615589141846,
            5.834411144256592
        ],
        "loss_consensus_global": [
            35.63709259033203,
            21.904985427856445,
            13.423645973205566,
            12.748197555541992,
            7.783615589141846,
            5.834411144256592
        ]
    },
    "No Federated (Local)": {
        "loss": [
            19.9182071685791,
            11.836116790771484,
            9.051651954650879,
            7.488315582275391,
            6.466276168823242,
            5.744199752807617
        ],
        "val_loss": [
            15.193551063537598,
            11.710801124572754,
            9.927421569824219,
            8.750863075256348,
            7.802623271942139,
            7.27916145324707
        ]
    }
}