{
    "Federated": {
        "loss": [
            18.396047115325928,
            10.735731184482574,
            7.902052938938141,
            6.275836527347565,
            5.286918580532074,
            4.692995846271515
        ],
        "val_loss": [
            10.386580407619476,
            4.541498929262161,
            4.242198288440704,
            3.9130758345127106,
            3.753247320652008,
            3.6150624454021454
        ],
        "loss_consensus_local": [
            30.859899044036865,
            20.749790906906128,
            14.8566814661026,
            11.201531648635864,
            9.0106703042984,
            7.73274827003479
        ],
        "loss_consensus_global": [
            31.657347202301025,
            20.83857488632202,
            14.993599653244019,
            11.305497884750366,
            9.123096466064453,
            7.931469440460205
        ]
    },
    "No Federated (Local)": {
        "loss": [
            18.3945529460907,
            9.782047092914581,
            7.218002498149872,
            5.943842709064484,
            5.284103691577911,
            4.853056788444519
        ],
        "val_loss": [
            10.325056791305542,
            7.256820887327194,
            5.780472248792648,
            5.117899298667908,
            4.698255240917206,
            4.451449602842331
        ]
    }
}