{
    "Federated": {
        "loss": [
            19.04572296142578,
            9.49936068058014,
            6.71178925037384,
            5.141913324594498,
            4.396565467119217,
            3.983708143234253
        ],
        "val_loss": [
            11.546626389026642,
            4.32890197634697,
            3.734478324651718,
            3.6059260964393616,
            3.5102792382240295,
            3.440415382385254
        ],
        "loss_consensus_local": [
            28.23329257965088,
            18.524340867996216,
            11.31843489408493,
            7.501464664936066,
            5.580641388893127,
            4.61736923456192
        ],
        "loss_consensus_global": [
            28.232141494750977,
            18.446189880371094,
            11.313250541687012,
            7.391534686088562,
            5.264681100845337,
            4.065333366394043
        ]
    },
    "No Federated (Local)": {
        "loss": [
            19.030547618865967,
            11.061247438192368,
            8.61045029759407,
            7.218119531869888,
            6.295793026685715,
            5.68351548910141
        ],
        "val_loss": [
            11.562766015529633,
            8.568606227636337,
            7.147523909807205,
            6.190937489271164,
            5.571239024400711,
            5.179201006889343
        ]
    }
}