{
    "Federated": {
        "loss": [
            33.451778411865234,
            20.60484504699707,
            15.520418167114258,
            12.739468574523926,
            10.773053169250488,
            9.561972618103027
        ],
        "val_loss": [
            20.05937957763672,
            9.610158920288086,
            7.9970831871032715,
            7.2099127769470215,
            6.924458026885986,
            6.641180515289307
        ],
        "loss_consensus_local": [
            52.25583267211914,
            38.952003479003906,
            29.860586166381836,
            23.403291702270508,
            18.93305778503418,
            15.914227485656738
        ],
        "loss_consensus_global": [
            32.13766860961914,
            21.852054595947266,
            16.435253143310547,
            12.752795219421387,
            10.278635025024414,
            8.660896301269531
        ]
    },
    "No Federated (Local)": {
        "loss": [
            33.45602035522461,
            18.393646240234375,
            12.310297012329102,
            9.358138084411621,
            8.106080055236816,
            7.440586566925049
        ],
        "val_loss": [
            19.854223251342773,
            12.918550491333008,
            9.306949615478516,
            7.888245105743408,
            7.280020236968994,
            6.92643404006958
        ]
    }
}