{
    "Federated": {
        "loss": [
            17.096790313720703,
            8.87725830078125,
            5.881117343902588,
            4.579255104064941,
            3.7813074588775635,
            3.2609219551086426
        ],
        "val_loss": [
            8.845319747924805,
            3.0528204441070557,
            2.6457228660583496,
            2.529466152191162,
            2.3951103687286377,
            2.3846564292907715
        ],
        "loss_consensus_local": [
            26.94817352294922,
            18.14360237121582,
            13.274660110473633,
            9.944049835205078,
            7.7500810623168945,
            6.369113922119141
        ],
        "loss_consensus_global": [
            32.13766860961914,
            21.852054595947266,
            16.435253143310547,
            12.752795219421387,
            10.278635025024414,
            8.660896301269531
        ]
    },
    "No Federated (Local)": {
        "loss": [
            17.145957946777344,
            9.610114097595215,
            8.168848991394043,
            7.307705402374268,
            6.670938968658447,
            6.184101104736328
        ],
        "val_loss": [
            8.852745056152344,
            6.895425796508789,
            6.041574001312256,
            5.473570346832275,
            5.042064666748047,
            4.712369918823242
        ]
    }
}