{
    "Federated": {
        "loss": [
            18.12595558166504,
            9.654913902282715,
            7.352521896362305,
            5.417741298675537,
            4.493081569671631,
            3.9957993030548096
        ],
        "val_loss": [
            9.987144470214844,
            3.602508306503296,
            4.525636672973633,
            4.163071632385254,
            3.949110746383667,
            3.7282965183258057
        ],
        "loss_consensus_local": [
            31.768619537353516,
            17.62411117553711,
            9.95900821685791,
            6.260280609130859,
            4.874258041381836,
            4.60813570022583
        ],
        "loss_consensus_global": [
            30.898908615112305,
            17.594144821166992,
            10.673506736755371,
            6.867653846740723,
            5.48830509185791,
            5.535592079162598
        ]
    },
    "No Federated (Local)": {
        "loss": [
            18.093584060668945,
            8.979729652404785,
            6.624152183532715,
            5.449005126953125,
            4.74589204788208,
            4.180893898010254
        ],
        "val_loss": [
            9.927063941955566,
            7.229279518127441,
            5.911813735961914,
            5.285259246826172,
            4.668154239654541,
            4.324661731719971
        ]
    }
}