{
    "Federated": {
        "loss": [
            34.14320755004883,
            31.071903228759766,
            21.331159591674805,
            18.881078720092773,
            17.04629898071289,
            15.665628433227539,
            14.652706146240234,
            13.846023559570312,
            13.248970985412598,
            12.691385269165039,
            12.194684982299805
        ],
        "val_loss": [
            21.42961883544922,
            16.940900802612305,
            15.136018753051758,
            13.928950309753418,
            12.764391899108887,
            11.964534759521484,
            11.099820137023926,
            10.597323417663574,
            10.285518646240234,
            9.898921012878418,
            9.54163932800293
        ]
    },
    "Consenso": {
        "val_loss": [
            4.748664379119873
        ]
    }
}