{
    "Federated": {
        "loss": [
            18.92291831970215,
            14.168137550354004,
            6.8536248207092285,
            5.286742687225342,
            4.358605861663818,
            3.841015100479126,
            3.522068500518799,
            3.2761728763580322,
            3.073833465576172,
            2.9323341846466064,
            2.8153915405273438
        ],
        "val_loss": [
            10.534462928771973,
            6.468406677246094,
            5.256243705749512,
            4.196638584136963,
            3.800236463546753,
            3.5696959495544434,
            3.459188222885132,
            3.2584891319274902,
            3.1651434898376465,
            3.082594156265259,
            3.0094962120056152
        ]
    },
    "Consenso": {
        "val_loss": [
            3.785794258117676
        ]
    }
}