{
    "Federated": {
        "loss": [
            4.8655571937561035,
            4.079743385314941,
            2.3096108436584473,
            1.9642515182495117,
            1.8239197731018066,
            1.8003984689712524,
            1.8203010559082031,
            1.8574579954147339,
            1.8511619567871094,
            1.8707619905471802,
            1.8694829940795898
        ],
        "val_loss": [
            2.6350018978118896,
            2.6060516834259033,
            2.0310184955596924,
            1.7846405506134033,
            1.6880165338516235,
            1.634966254234314,
            1.607226014137268,
            1.6059855222702026,
            1.582959532737732,
            1.600684642791748,
            1.6022597551345825
        ]
    },
    "Consenso": {
        "val_loss": [
            6.859772682189941
        ]
    }
}