{
    "Federated": {
        "loss": [
            4.471059322357178,
            3.728847026824951,
            1.6243869066238403,
            1.4543840885162354,
            1.3751678466796875,
            1.3584890365600586,
            1.3681689500808716,
            1.3792675733566284,
            1.3824101686477661,
            1.3771767616271973,
            1.3713889122009277
        ],
        "val_loss": [
            1.981096863746643,
            1.6624205112457275,
            1.4681679010391235,
            1.355849027633667,
            1.3309205770492554,
            1.3235121965408325,
            1.3297812938690186,
            1.3304296731948853,
            1.3337678909301758,
            1.3302078247070312,
            1.3279179334640503
        ]
    },
    "Consenso": {
        "val_loss": [
            5.185013771057129
        ]
    }
}