{
    "Federated": {
        "loss": [
            3.4870855808258057,
            3.2249808311462402,
            1.4343149662017822,
            1.3055983781814575,
            1.2324968576431274,
            1.2183780670166016,
            1.2315984964370728,
            1.2434933185577393,
            1.2440788745880127,
            1.2415268421173096,
            1.2348203659057617
        ],
        "val_loss": [
            1.5426483154296875,
            1.3549021482467651,
            1.208425760269165,
            1.0816330909729004,
            1.0430161952972412,
            1.037154197692871,
            1.0391501188278198,
            1.0540578365325928,
            1.040642261505127,
            1.0380510091781616,
            1.0494499206542969
        ]
    },
    "Consenso": {
        "val_loss": [
            5.268758296966553
        ]
    }
}