{
    "Federated": {
        "loss": [
            4.827023029327393,
            4.2188639640808105,
            2.132765054702759,
            1.7374147176742554,
            1.5645430088043213,
            1.4752764701843262,
            1.4046506881713867,
            1.3474297523498535,
            1.3035202026367188,
            1.2773818969726562,
            1.252147912979126
        ],
        "val_loss": [
            4.913180351257324,
            3.683972120285034,
            2.8002500534057617,
            2.516294240951538,
            2.4487712383270264,
            2.3007469177246094,
            2.227786064147949,
            2.2969837188720703,
            2.1661386489868164,
            2.1538984775543213,
            2.099153518676758
        ]
    },
    "Consenso": {
        "val_loss": [
            4.106901168823242
        ]
    }
}