{
    "Federated": {
        "loss": [
            0.551241397857666,
            0.5124452710151672,
            0.4127948582172394,
            0.418087363243103,
            0.38696518540382385,
            0.37153950333595276,
            0.3672041594982147,
            0.3655060827732086,
            0.356023371219635,
            0.362755686044693,
            0.3497669994831085
        ],
        "val_loss": [
            1.511420488357544,
            1.4158426523208618,
            1.2206038236618042,
            1.0764336585998535,
            1.1207066774368286,
            1.0925836563110352,
            1.1094499826431274,
            1.1127188205718994,
            1.1128138303756714,
            1.1088443994522095,
            1.141729474067688
        ]
    },
    "Consenso": {
        "val_loss": [
            4.789848804473877
        ]
    }
}