{
    "Federated": {
        "loss": [
            2.261420488357544,
            2.2475509643554688,
            1.0878708362579346,
            0.9854761958122253,
            0.9611501097679138,
            0.969504714012146,
            0.9487921595573425,
            0.927038848400116,
            0.9085575938224792,
            0.9032700061798096,
            0.8905246257781982
        ],
        "val_loss": [
            1.2348936796188354,
            1.2047698497772217,
            1.0892807245254517,
            1.0871342420578003,
            1.1006007194519043,
            1.1023482084274292,
            1.0865265130996704,
            1.0705678462982178,
            1.059893250465393,
            1.061702847480774,
            1.0478588342666626
        ]
    },
    "Consenso": {
        "val_loss": [
            4.133492946624756
        ]
    }
}