{
    "Federated": {
        "loss": [
            29.257034301757812,
            21.617225646972656,
            12.7567720413208,
            10.474056243896484,
            8.982176780700684,
            8.036836624145508,
            7.383201599121094,
            6.848418235778809,
            6.412701606750488,
            6.065354824066162,
            5.734905242919922
        ],
        "val_loss": [
            16.984416961669922,
            8.980780601501465,
            7.96844482421875,
            6.516959190368652,
            5.838352680206299,
            5.388239860534668,
            5.171475887298584,
            4.956027030944824,
            4.6510186195373535,
            4.494831562042236,
            4.3650665283203125
        ]
    },
    "Consenso": {
        "val_loss": [
            3.909966230392456
        ]
    }
}