{
    "Federated": {
        "loss": [
            11.10236930847168,
            11.246667861938477,
            6.458918571472168,
            4.955500602722168,
            4.051984786987305,
            3.5863521099090576,
            3.3061726093292236,
            3.097975254058838,
            2.9479310512542725,
            2.8250210285186768,
            2.7544198036193848
        ],
        "val_loss": [
            5.20785665512085,
            6.257177352905273,
            4.948415756225586,
            3.8281965255737305,
            3.559709310531616,
            3.2515134811401367,
            3.1661155223846436,
            2.9934916496276855,
            2.8952362537384033,
            2.7827250957489014,
            2.8589701652526855
        ]
    },
    "Consenso": {
        "val_loss": [
            5.888187408447266
        ]
    }
}