{
    "Federated": {
        "loss": [
            13.524238586425781,
            12.997304916381836,
            8.07637882232666,
            6.4061503410339355,
            5.403449535369873,
            4.823149681091309,
            4.453494548797607,
            4.19718599319458,
            3.992065906524658,
            3.834920883178711,
            3.6956770420074463
        ],
        "val_loss": [
            8.568575859069824,
            8.406071662902832,
            6.693665027618408,
            5.494072914123535,
            4.972097873687744,
            4.640148162841797,
            4.391957759857178,
            4.1893630027771,
            4.026866436004639,
            3.8950886726379395,
            3.7897250652313232
        ]
    },
    "Consenso": {
        "val_loss": [
            5.767630577087402
        ]
    }
}