{
    "Federated": {
        "loss": [
            2.6310338973999023,
            2.727924346923828,
            1.2543121576309204,
            1.1846721172332764,
            1.1325169801712036,
            1.1139795780181885,
            1.1124801635742188,
            1.110291600227356,
            1.1042617559432983,
            1.0977116823196411,
            1.086916446685791
        ],
        "val_loss": [
            1.5948882102966309,
            1.5313730239868164,
            1.3467193841934204,
            1.2771732807159424,
            1.2597763538360596,
            1.2656832933425903,
            1.280710220336914,
            1.2764644622802734,
            1.275705337524414,
            1.2711998224258423,
            1.2667489051818848
        ]
    },
    "Consenso": {
        "val_loss": [
            4.76568603515625
        ]
    }
}