{
    "Federated": {
        "loss": [
            22.65994644165039,
            18.735198974609375,
            11.21261215209961,
            9.457484245300293,
            8.153791427612305,
            7.24802303314209,
            6.639210224151611,
            6.222645282745361,
            5.879422187805176,
            5.625784397125244,
            5.400078773498535
        ],
        "val_loss": [
            11.322088241577148,
            7.45672082901001,
            6.990847110748291,
            6.008969306945801,
            5.099364280700684,
            4.663057327270508,
            4.431449890136719,
            4.177285671234131,
            4.0649733543396,
            3.915375232696533,
            3.8314976692199707
        ]
    },
    "Consenso": {
        "val_loss": [
            4.331573486328125
        ]
    }
}