{
    "Federated": {
        "loss": [
            2.58040452003479,
            2.412813186645508,
            1.3304634094238281,
            1.2777431011199951,
            1.223577857017517,
            1.2070859670639038,
            1.2055233716964722,
            1.212625503540039,
            1.2110662460327148,
            1.2069026231765747,
            1.2009471654891968
        ],
        "val_loss": [
            1.3048964738845825,
            1.1844950914382935,
            1.0722019672393799,
            1.0161064863204956,
            0.9981311559677124,
            0.9981608986854553,
            1.0030224323272705,
            1.0069067478179932,
            1.003408670425415,
            1.0025266408920288,
            0.9969464540481567
        ]
    },
    "Consenso": {
        "val_loss": [
            4.916417121887207
        ]
    }
}