{
    "Federated": {
        "loss": [
            89.86175537109375,
            79.02523040771484,
            65.21519470214844,
            60.91150665283203,
            57.87870788574219,
            55.43118667602539,
            53.56795120239258,
            51.95782470703125,
            50.61036682128906,
            49.45762634277344,
            48.43597412109375
        ],
        "val_loss": [
            51.69596481323242,
            37.89026641845703,
            30.898332595825195,
            29.17025375366211,
            27.897005081176758,
            26.849477767944336,
            25.794572830200195,
            25.050750732421875,
            24.547700881958008,
            23.831924438476562,
            23.411033630371094
        ]
    },
    "Consenso": {
        "val_loss": [
            9.7820405960083
        ]
    }
}