{
    "Federated": {
        "loss": [
            12.438448905944824,
            9.858465194702148,
            7.371483325958252,
            7.553385257720947,
            7.6291656494140625,
            7.66655158996582,
            7.920130729675293,
            7.9208173751831055,
            7.917095184326172,
            8.301814079284668,
            8.339987754821777
        ],
        "val_loss": [
            21.837800979614258,
            14.237080574035645,
            13.8555269241333,
            13.61023998260498,
            13.353480339050293,
            13.52604866027832,
            13.369308471679688,
            13.375061988830566,
            13.395841598510742,
            13.419912338256836,
            13.556038856506348
        ]
    },
    "Consenso": {
        "val_loss": [
            7.322835445404053
        ]
    }
}