{
    "Federated": {
        "loss": [
            6.2637619972229,
            5.645900726318359,
            2.497926712036133,
            1.9710289239883423,
            1.6706082820892334,
            1.5412003993988037,
            1.4931719303131104,
            1.4920066595077515,
            1.5016593933105469,
            1.4874584674835205,
            1.482385277748108
        ],
        "val_loss": [
            3.469597101211548,
            2.9255869388580322,
            2.3931448459625244,
            2.009305715560913,
            1.9113829135894775,
            1.8542852401733398,
            1.8041770458221436,
            1.792829990386963,
            1.7881035804748535,
            1.7822990417480469,
            1.7898905277252197
        ]
    },
    "Consenso": {
        "val_loss": [
            5.071909427642822
        ]
    }
}