{
    "Federated": {
        "loss": [
            33.3692741394043,
            29.107145309448242,
            23.1918888092041,
            23.06730842590332,
            23.151138305664062,
            23.2729549407959,
            23.430585861206055,
            23.587724685668945,
            23.748750686645508,
            23.925264358520508,
            24.159791946411133
        ],
        "val_loss": [
            21.39849853515625,
            14.78634262084961,
            13.22215461730957,
            13.133194923400879,
            13.223403930664062,
            12.671431541442871,
            12.728423118591309,
            12.626482009887695,
            12.626867294311523,
            12.731683731079102,
            12.644701957702637
        ]
    },
    "Consenso": {
        "val_loss": [
            9.161547660827637
        ]
    }
}