{
    "Federated": {
        "loss": [
            14.154672129481446,
            12.04927485480028,
            7.612691690524419,
            6.578555024137684,
            5.903972493082869,
            5.4732998919253255,
            5.189545169180515,
            4.970968466763403,
            4.797126637954338,
            4.662090131465127,
            4.5443759017130905
        ],
        "val_loss": [
            9.634554993872548,
            7.380915586854897,
            6.19746383264953,
            5.452539810947344,
            5.01619949761559,
            4.730655057757509,
            4.53143147276897,
            4.3739183767169125,
            4.24869171778361,
            4.139299106364157,
            4.0473438220865585
        ]
    },
    "Consenso": {
        "val_loss": [
            5.326867907655005
        ]
    }
}