{
    "Federated": {
        "loss": [
            5.270694732666016,
            4.606088638305664,
            2.06015944480896,
            1.7791063785552979,
            1.6299705505371094,
            1.5892881155014038,
            1.6010570526123047,
            1.6093904972076416,
            1.611480712890625,
            1.6115102767944336,
            1.6214483976364136
        ],
        "val_loss": [
            2.5943970680236816,
            2.2481367588043213,
            1.9703015089035034,
            1.8199397325515747,
            1.7588282823562622,
            1.7367026805877686,
            1.7394472360610962,
            1.7647422552108765,
            1.7423555850982666,
            1.7297489643096924,
            1.7265464067459106
        ]
    },
    "Consenso": {
        "val_loss": [
            5.258856773376465
        ]
    }
}