{
    "Federated": {
        "loss": [
            24.038846969604492,
            21.619836807250977,
            15.203547477722168,
            13.061285972595215,
            11.460350036621094,
            10.308825492858887,
            9.522526741027832,
            8.898818016052246,
            8.424832344055176,
            8.026490211486816,
            7.683339595794678
        ],
        "val_loss": [
            17.059215545654297,
            14.4586820602417,
            12.665210723876953,
            11.064255714416504,
            9.716476440429688,
            9.048162460327148,
            8.470643043518066,
            8.217348098754883,
            7.696316719055176,
            7.455128192901611,
            7.229269981384277
        ]
    },
    "Consenso": {
        "val_loss": [
            6.229866027832031
        ]
    }
}