{
    "Federated": {
        "loss": [
            1.823028564453125,
            1.456935167312622,
            1.373637080192566,
            1.3135091066360474,
            1.2340019941329956,
            1.2146376371383667,
            1.2010180950164795,
            1.1867650747299194,
            1.1657192707061768,
            1.1665621995925903,
            1.152895450592041
        ],
        "val_loss": [
            2.215878486633301,
            2.182814359664917,
            1.7479629516601562,
            1.5629451274871826,
            1.6240291595458984,
            1.8749526739120483,
            1.7094435691833496,
            1.7366453409194946,
            1.712261438369751,
            1.7025483846664429,
            1.690218210220337
        ]
    },
    "Consenso": {
        "val_loss": [
            6.055883407592773
        ]
    }
}