{
    "Federated": {
        "loss": [
            28.777454376220703,
            23.43646240234375,
            13.773443222045898,
            11.492318153381348,
            9.890368461608887,
            8.882596969604492,
            8.159602165222168,
            7.598005771636963,
            7.122851848602295,
            6.750540733337402,
            6.386613845825195
        ],
        "val_loss": [
            19.50144386291504,
            12.646506309509277,
            10.824028968811035,
            9.077929496765137,
            8.08591079711914,
            7.547745704650879,
            7.115288734436035,
            6.7510175704956055,
            6.472674369812012,
            6.2349534034729,
            6.027671813964844
        ]
    },
    "Consenso": {
        "val_loss": [
            4.014552116394043
        ]
    }
}