{
    "Federated": {
        "loss": [
            2.197286367416382,
            1.947992205619812,
            1.1329745054244995,
            1.106614351272583,
            1.0538231134414673,
            1.0371938943862915,
            1.0363967418670654,
            1.034447193145752,
            1.0244108438491821,
            1.023213267326355,
            1.0153506994247437
        ],
        "val_loss": [
            1.1696069240570068,
            1.0106621980667114,
            0.9293891787528992,
            0.8848747611045837,
            0.8692264556884766,
            0.8797321319580078,
            0.8836402893066406,
            0.889293909072876,
            0.8896247744560242,
            0.8884425163269043,
            0.873630940914154
        ]
    },
    "Consenso": {
        "val_loss": [
            4.700775146484375
        ]
    }
}