{
    "Federated": {
        "loss": [
            1.9592446088790894,
            1.7938753366470337,
            0.9710215330123901,
            0.9412702322006226,
            0.8876224160194397,
            0.8745219111442566,
            0.8696483373641968,
            0.8691504597663879,
            0.8656277656555176,
            0.8619434237480164,
            0.8597025275230408
        ],
        "val_loss": [
            1.1073535680770874,
            1.0303691625595093,
            0.9509432911872864,
            0.9207035899162292,
            0.9236420392990112,
            0.912614643573761,
            0.9174395203590393,
            0.9160699248313904,
            0.9169886112213135,
            0.9105033874511719,
            0.9072884917259216
        ]
    },
    "Consenso": {
        "val_loss": [
            4.686575889587402
        ]
    }
}