{
    "Federated": {
        "loss": [
            18.612775206565857,
            10.224077820777893,
            7.701159417629242,
            6.138354241847992,
            5.191641837358475,
            4.672120779752731
        ],
        "val_loss": [
            12.614115715026855,
            7.637029647827148,
            6.86343514919281,
            6.083791017532349,
            5.499907732009888,
            5.089182019233704
        ],
        "loss_consensus_local": [
            27.553388595581055,
            17.332916736602783,
            10.94282054901123,
            7.454207897186279,
            5.794540643692017,
            5.025761008262634
        ],
        "loss_consensus_global": [
            27.553388595581055,
            17.332916736602783,
            10.94282054901123,
            7.454207897186279,
            5.794540643692017,
            5.025761008262634
        ]
    },
    "No Federated (Local)": {
        "loss": [
            18.647976636886597,
            9.569435238838196,
            7.0776534378528595,
            6.010493129491806,
            5.394856512546539,
            4.948500692844391
        ],
        "val_loss": [
            12.672784805297852,
            9.368316769599915,
            8.229678511619568,
            7.756740212440491,
            7.351970314979553,
            6.991133213043213
        ]
    }
}