{
    "Federated": {
        "loss": [
            18.403074622154236,
            12.061781644821167,
            8.480967342853546,
            6.475473135709763,
            5.398580104112625,
            4.813074976205826
        ],
        "val_loss": [
            13.531666278839111,
            8.927352666854858,
            7.15729832649231,
            6.051158308982849,
            5.340148568153381,
            4.929735422134399
        ],
        "loss_consensus_local": [
            37.81296253204346,
            21.450685501098633,
            12.828950881958008,
            8.32794439792633,
            6.172558546066284,
            5.167621731758118
        ],
        "loss_consensus_global": [
            37.81296253204346,
            21.450685501098633,
            12.828950881958008,
            8.32794439792633,
            6.172558546066284,
            5.167621731758118
        ]
    },
    "No Federated (Local)": {
        "loss": [
            18.434214115142822,
            10.423339128494263,
            8.286667555570602,
            7.290789872407913,
            6.62584462761879,
            6.140824735164642
        ],
        "val_loss": [
            13.532594680786133,
            10.657982349395752,
            9.792560815811157,
            9.184655547142029,
            8.692734122276306,
            8.393044710159302
        ]
    }
}