{
    "Federated": {
        "loss": [
            16.47836685180664,
            12.840886116027832,
            11.620657920837402,
            10.384519577026367,
            9.45517635345459,
            8.677362442016602
        ],
        "val_loss": [
            8.251553535461426,
            6.592342376708984,
            6.077699184417725,
            5.697165489196777,
            5.420544624328613,
            5.168991565704346
        ],
        "loss_consensus_local": [
            21.163774490356445,
            18.28720474243164,
            15.81707763671875,
            13.903316497802734,
            12.577807426452637,
            11.770411491394043
        ],
        "loss_consensus_global": [
            25.80275535583496,
            22.40458869934082,
            19.222898483276367,
            16.628515243530273,
            14.643263816833496,
            13.610712051391602
        ]
    },
    "No Federated (Local)": {
        "loss": [
            16.45791244506836,
            8.263145446777344,
            6.396653175354004,
            5.353127956390381,
            4.70334005355835,
            4.32609748840332
        ],
        "val_loss": [
            8.27841567993164,
            5.589295387268066,
            4.6357197761535645,
            4.052334785461426,
            3.723363161087036,
            3.5466349124908447
        ]
    }
}