{
    "Federated": {
        "loss": [
            36.15970230102539,
            30.12381935119629,
            21.714412689208984,
            19.600412368774414,
            18.001989364624023,
            16.823577880859375
        ],
        "val_loss": [
            24.125307083129883,
            17.417722702026367,
            15.929837226867676,
            14.713326454162598,
            13.720531463623047,
            12.971138000488281
        ]
    }
}