{
    "Federated": {
        "loss": [
            16.46022605895996,
            12.953906059265137,
            7.177895545959473,
            5.843573570251465,
            4.960160255432129,
            4.369134902954102
        ],
        "val_loss": [
            8.74007511138916,
            5.506047248840332,
            4.722029209136963,
            3.8784427642822266,
            3.3766298294067383,
            3.0895328521728516
        ]
    }
}