{
    "Federated": {
        "loss": [
            19.58647346496582,
            14.19651985168457,
            9.059929847717285,
            7.742218971252441,
            6.7298264503479,
            6.039911270141602
        ],
        "val_loss": [
            12.220259666442871,
            8.487208366394043,
            7.368563652038574,
            6.281058311462402,
            5.598834037780762,
            5.219898700714111
        ]
    }
}