{
    "Federated": {
        "loss": [
            4.0247344970703125,
            2.941749095916748,
            1.7434016466140747,
            1.4150320291519165,
            1.2689590454101562,
            1.1965748071670532
        ],
        "val_loss": [
            11.462398529052734,
            8.875212669372559,
            6.701426982879639,
            5.5545220375061035,
            5.020380973815918,
            4.532024383544922
        ]
    }
}