{
    "Federated": {
        "loss": [
            2.366408586502075,
            1.8369240760803223,
            1.1417725086212158,
            1.0346795320510864,
            0.9916504621505737,
            0.9830335378646851
        ],
        "val_loss": [
            1.2468358278274536,
            1.2379813194274902,
            1.1178643703460693,
            1.0822895765304565,
            1.0906851291656494,
            1.0883033275604248
        ]
    }
}