{
    "Federated": {
        "loss": [
            14.028955459594727,
            9.501441955566406,
            4.025858402252197,
            3.0134928226470947,
            2.4936065673828125,
            2.2512457370758057
        ],
        "val_loss": [
            8.107638359069824,
            4.0181803703308105,
            3.1757564544677734,
            2.6455118656158447,
            2.5074269771575928,
            2.425245523452759
        ]
    }
}