{
    "Federated": {
        "loss": [
            14.516489028930664,
            11.532962799072266,
            5.151433944702148,
            3.921844959259033,
            3.2418367862701416,
            2.8963849544525146
        ],
        "val_loss": [
            7.845681667327881,
            5.223177909851074,
            4.236795902252197,
            3.5214409828186035,
            3.2288966178894043,
            3.082960605621338
        ]
    }
}