{
    "Federated": {
        "loss": [
            15.19200325012207,
            12.060342788696289,
            5.6296916007995605,
            4.272825717926025,
            3.5786309242248535,
            3.1870317459106445
        ],
        "val_loss": [
            9.116522789001465,
            5.847047805786133,
            4.663104057312012,
            3.8783154487609863,
            3.563053607940674,
            3.3970375061035156
        ]
    }
}