{
    "Federated": {
        "loss": [
            86.04981231689453,
            78.5250473022461,
            66.5699462890625,
            62.950069427490234,
            60.46562194824219,
            58.359886169433594
        ],
        "val_loss": [
            44.90883255004883,
            39.2958984375,
            32.88295364379883,
            30.813844680786133,
            29.911657333374023,
            29.10587501525879
        ]
    }
}