{
    "Federated": {
        "loss": [
            11.496976852416992,
            9.337987899780273,
            6.918677806854248,
            6.8020524978637695,
            6.764140605926514,
            6.806429386138916
        ],
        "val_loss": [
            21.591785430908203,
            15.596242904663086,
            14.96003246307373,
            14.742592811584473,
            14.372733116149902,
            14.240859031677246
        ]
    }
}