{
    "Federated": {
        "loss": [
            7.5829176902771,
            5.123553276062012,
            2.411482572555542,
            1.9224035739898682,
            1.6695529222488403,
            1.5744251012802124
        ],
        "val_loss": [
            4.986965656280518,
            2.8137614727020264,
            2.281911611557007,
            2.099891185760498,
            1.8996375799179077,
            1.8316588401794434
        ]
    }
}