{
    "Federated": {
        "loss": [
            6.754948616027832,
            5.060896873474121,
            2.3424549102783203,
            1.9310879707336426,
            1.734024167060852,
            1.670470952987671
        ],
        "val_loss": [
            2.994591236114502,
            2.1909353733062744,
            1.8577572107315063,
            1.6718354225158691,
            1.6390079259872437,
            1.6213053464889526
        ]
    }
}