{
    "Federated": {
        "loss": [
            20.329639434814453,
            16.589441299438477,
            9.29537582397461,
            7.678372383117676,
            6.579604148864746,
            5.819476127624512
        ],
        "val_loss": [
            13.413461685180664,
            9.278855323791504,
            8.2130765914917,
            7.1775946617126465,
            6.2552361488342285,
            5.6731648445129395
        ]
    }
}