{
    "Federated": {
        "loss": [
            5.234859466552734,
            4.472026348114014,
            2.030372381210327,
            1.757961630821228,
            1.6502593755722046,
            1.628467082977295
        ],
        "val_loss": [
            2.4084553718566895,
            2.193119764328003,
            1.9442272186279297,
            1.7957406044006348,
            1.7734578847885132,
            1.7735774517059326
        ]
    }
}