{
    "Federated": {
        "loss": [
            17.739757537841797,
            16.317888259887695,
            12.31826114654541,
            11.051994323730469,
            10.161778450012207,
            9.470428466796875
        ],
        "val_loss": [
            51.04056167602539,
            48.40041732788086,
            43.74264144897461,
            39.90971755981445,
            37.584922790527344,
            35.08395004272461
        ]
    }
}