{
    "Federated": {
        "loss": [
            2.128499984741211,
            1.8315120935440063,
            1.1574965715408325,
            1.098839521408081,
            1.0447564125061035,
            1.0317463874816895
        ],
        "val_loss": [
            1.1490877866744995,
            1.1477940082550049,
            1.0325264930725098,
            1.0073515176773071,
            1.0005067586898804,
            0.9904080033302307
        ]
    }
}