{
    "Federated": {
        "loss": [
            37.588165283203125,
            31.76253890991211,
            21.96457290649414,
            19.375123977661133,
            17.621259689331055,
            16.29034996032715
        ],
        "val_loss": [
            22.7739200592041,
            16.946308135986328,
            14.128803253173828,
            13.27224063873291,
            12.214508056640625,
            11.52261734008789
        ]
    }
}