{
    "Federated": {
        "loss": [
            28.533702850341797,
            24.792627334594727,
            17.8333683013916,
            16.07404327392578,
            14.658024787902832,
            13.496715545654297
        ],
        "val_loss": [
            19.6378173828125,
            16.738096237182617,
            15.109560012817383,
            13.645650863647461,
            12.524016380310059,
            11.449292182922363
        ]
    }
}