{
    "Federated": {
        "loss": [
            17.47857964038849,
            11.706940770149231,
            8.68256288766861,
            6.935104191303253,
            6.037777543067932,
            5.412267029285431
        ],
        "val_loss": [
            10.270372867584229,
            6.452303051948547,
            5.573071658611298,
            5.027476608753204,
            4.722095549106598,
            4.468478679656982
        ],
        "loss_consensus_local": [
            31.949564933776855,
            19.84910249710083,
            12.600550889968872,
            8.80905306339264,
            6.749375760555267,
            5.780306935310364
        ],
        "loss_consensus_global": [
            32.447505950927734,
            19.99723720550537,
            12.494353532791138,
            8.372336626052856,
            6.061169385910034,
            5.0318440198898315
        ]
    },
    "No Federated (Local)": {
        "loss": [
            17.444634914398193,
            9.948373675346375,
            8.39772680401802,
            7.688863277435303,
            7.2243819534778595,
            6.854537665843964
        ],
        "val_loss": [
            10.231420874595642,
            8.085684895515442,
            7.318404316902161,
            6.89182049036026,
            6.577467530965805,
            6.2278821766376495
        ]
    }
}