{
    "Federated": {
        "loss": [
            16.421802520751953,
            9.915535926818848,
            7.3959150314331055,
            4.739601135253906,
            3.635967969894409,
            3.2394678592681885
        ],
        "val_loss": [
            11.613893508911133,
            6.453551769256592,
            6.344071388244629,
            6.066879749298096,
            5.891028881072998,
            5.718853950500488
        ],
        "loss_consensus_local": [
            40.82491683959961,
            24.775964736938477,
            15.313923835754395,
            9.686721801757812,
            7.093762397766113,
            6.112187385559082
        ],
        "loss_consensus_global": [
            40.82491683959961,
            24.775964736938477,
            15.313923835754395,
            9.686721801757812,
            7.093762397766113,
            6.112187385559082
        ]
    },
    "No Federated (Local)": {
        "loss": [
            16.404157638549805,
            6.800041198730469,
            4.005354881286621,
            2.9977190494537354,
            2.6931700706481934,
            2.579423666000366
        ],
        "val_loss": [
            11.619115829467773,
            7.465054988861084,
            5.9672770500183105,
            5.415282249450684,
            5.186957836151123,
            5.043385982513428
        ]
    }
}