{
    "Federated": {
        "loss": [
            4.345804214477539,
            4.562476634979248,
            3.1422934532165527,
            2.3845977783203125,
            1.8928711414337158,
            1.7321228981018066
        ],
        "val_loss": [
            14.950185775756836,
            13.5419340133667,
            10.800932884216309,
            7.740653991699219,
            6.464826583862305,
            5.931214332580566
        ],
        "loss_consensus_local": [
            37.18318176269531,
            24.444969177246094,
            14.94215202331543,
            9.46882438659668,
            7.021256446838379,
            6.0971856117248535
        ],
        "loss_consensus_global": [
            37.18318176269531,
            24.444969177246094,
            14.94215202331543,
            9.46882438659668,
            7.021256446838379,
            6.0971856117248535
        ]
    },
    "No Federated (Local)": {
        "loss": [
            4.302237033843994,
            1.9340041875839233,
            1.6473652124404907,
            1.5403897762298584,
            1.4801905155181885,
            1.4565144777297974
        ],
        "val_loss": [
            14.852710723876953,
            12.605472564697266,
            11.24550724029541,
            10.57247543334961,
            10.156320571899414,
            9.897005081176758
        ]
    }
}