{
    "Federated": {
        "loss": [
            19.954864501953125,
            11.30819982290268,
            7.648133307695389,
            5.868090480566025,
            5.010060667991638,
            4.559803247451782,
            4.260838657617569,
            4.046867847442627,
            3.8744298815727234,
            3.7293991148471832,
            3.597495347261429
        ],
        "val_loss": [
            12.759977400302887,
            5.466018855571747,
            4.365326344966888,
            4.1579577922821045,
            3.9447655081748962,
            3.8189608454704285,
            3.6954116225242615,
            3.5560267865657806,
            3.490731507539749,
            3.3850216567516327,
            3.3276498317718506
        ],
        "loss_consensus_local": [
            26.37732434272766,
            16.652474284172058,
            10.294248938560486,
            7.0981621742248535,
            5.605708599090576,
            4.8677350878715515,
            4.498309314250946,
            4.273643672466278,
            4.130388557910919,
            3.9821187257766724,
            3.8586586713790894
        ],
        "loss_consensus_global": [
            25.030428409576416,
            15.689029932022095,
            9.696047306060791,
            6.5312583446502686,
            4.970025897026062,
            4.346846342086792,
            3.99020516872406,
            3.779966354370117,
            3.625666558742523,
            3.449613094329834,
            3.2964438796043396
        ]
    },
    "No Federated (Local)": {
        "loss": [
            19.91249442100525,
            12.405018866062164,
            9.658250898122787,
            8.037676930427551,
            7.034581333398819,
            6.458437204360962,
            6.125900387763977,
            5.909337222576141,
            5.738901436328888,
            5.588208079338074,
            5.452685981988907
        ],
        "val_loss": [
            12.68898868560791,
            9.490039944648743,
            7.781938344240189,
            6.756883502006531,
            6.196831315755844,
            5.838895738124847,
            5.634287714958191,
            5.552071571350098,
            5.386586636304855,
            5.268584996461868,
            5.121869713068008
        ]
    }
}