{
    "Federated": {
        "loss": [
            18.89674663543701,
            17.33781111240387,
            13.988886594772339,
            11.017950594425201,
            9.176538199186325,
            7.963831514120102,
            7.148028314113617,
            6.581628918647766,
            6.190801620483398,
            5.910520136356354,
            5.613291889429092
        ],
        "val_loss": [
            11.135169327259064,
            9.280614137649536,
            7.9808244705200195,
            7.110019505023956,
            6.493663847446442,
            5.956671357154846,
            5.573223948478699,
            5.3294700384140015,
            5.172989934682846,
            5.023314267396927,
            4.8767717480659485
        ],
        "loss_consensus_local": [
            34.04740071296692,
            27.103814601898193,
            18.78863215446472,
            13.293408811092377,
            9.887928068637848,
            8.073471546173096,
            7.056467115879059,
            6.4183385372161865,
            6.001534700393677,
            5.571993112564087,
            5.3661105036735535
        ],
        "loss_consensus_global": [
            34.68210220336914,
            27.129979610443115,
            18.24005889892578,
            12.408174991607666,
            8.919434547424316,
            7.256249666213989,
            6.331740140914917,
            5.7259989976882935,
            5.451608777046204,
            5.027451872825623,
            4.871312379837036
        ]
    },
    "No Federated (Local)": {
        "loss": [
            18.846506595611572,
            10.475019693374634,
            7.90594407916069,
            6.441747575998306,
            5.3917624950408936,
            4.641699343919754,
            4.130348384380341,
            3.7742274701595306,
            3.5283399522304535,
            3.3488479554653168,
            3.2189901173114777
        ],
        "val_loss": [
            11.113980293273926,
            7.936386466026306,
            6.467616945505142,
            5.48925107717514,
            4.7523311376571655,
            4.245677351951599,
            3.895798623561859,
            3.68134942650795,
            3.5287043154239655,
            3.4012503027915955,
            3.3227084577083588
        ]
    }
}