{
    "Federated": {
        "loss": [
            4.923480033874512,
            3.760437488555908,
            2.521270513534546,
            1.8449305295944214,
            1.5855239629745483,
            1.5552767515182495
        ],
        "val_loss": [
            13.44053840637207,
            12.756022453308105,
            9.345312118530273,
            6.8206610679626465,
            5.517045021057129,
            4.89691686630249
        ],
        "loss_consensus_local": [
            34.612430572509766,
            22.000499725341797,
            13.006413459777832,
            8.248269081115723,
            5.908585071563721,
            4.907768249511719
        ],
        "loss_consensus_global": [
            34.612430572509766,
            22.000499725341797,
            13.006413459777832,
            8.248269081115723,
            5.908585071563721,
            4.907768249511719
        ]
    },
    "No Federated (Local)": {
        "loss": [
            4.897377967834473,
            1.9871082305908203,
            1.6612340211868286,
            1.5656821727752686,
            1.5054008960723877,
            1.4761499166488647
        ],
        "val_loss": [
            13.482820510864258,
            11.273575782775879,
            10.325067520141602,
            9.882152557373047,
            9.450339317321777,
            9.227179527282715
        ]
    }
}