{
    "Federated": {
        "loss": [
            19.46224021911621,
            10.537744522094727,
            6.082159042358398,
            3.8731584548950195,
            3.100323438644409,
            2.7640299797058105
        ],
        "val_loss": [
            13.872308731079102,
            5.958712577819824,
            5.298244953155518,
            4.888673305511475,
            4.724315166473389,
            4.543947696685791
        ],
        "loss_consensus_local": [
            36.329402923583984,
            21.082721710205078,
            12.183462142944336,
            7.856400012969971,
            5.766073703765869,
            4.875528335571289
        ],
        "loss_consensus_global": [
            36.329402923583984,
            21.082721710205078,
            12.183462142944336,
            7.856400012969971,
            5.766073703765869,
            4.875528335571289
        ]
    },
    "No Federated (Local)": {
        "loss": [
            19.510845184326172,
            10.438314437866211,
            7.930349349975586,
            6.426284313201904,
            5.364041328430176,
            4.652717590332031
        ],
        "val_loss": [
            14.167380332946777,
            10.668173789978027,
            8.935907363891602,
            7.714241981506348,
            6.878324031829834,
            6.339595794677734
        ]
    }
}