{
    "Federated": {
        "loss": [
            19.07954831123352,
            15.862289118766785,
            12.308511972427368,
            9.661212772130966,
            8.030677908658982,
            6.960234147310257
        ],
        "val_loss": [
            11.728503954410552,
            8.711588513851165,
            7.903444701433182,
            6.856951892375946,
            6.032465726137161,
            5.4774540066719055
        ],
        "loss_consensus_local": [
            30.370159316062928,
            21.36723393201828,
            13.688434863090515,
            9.673591756820679,
            7.769346034526825,
            6.708961236476898
        ],
        "loss_consensus_global": [
            30.539756774902344,
            20.757236766815186,
            12.556837034225463,
            8.820710039138794,
            7.188819432258606,
            6.250068044662475
        ]
    },
    "No Federated (Local)": {
        "loss": [
            19.068730974197386,
            11.354170459508897,
            8.839633822441101,
            7.438629692792892,
            6.550653445720672,
            5.921078139543534
        ],
        "val_loss": [
            11.704695343971252,
            8.729215151071548,
            7.220388555526734,
            6.36418941617012,
            5.771610575914383,
            5.314708322286606
        ]
    }
}