{
    "Federated": {
        "loss": [
            18.768774032592773,
            9.056642532348633,
            5.594405651092529,
            3.9572670459747314,
            3.2142422199249268,
            2.9014992713928223
        ],
        "val_loss": [
            13.259319305419922,
            5.707207679748535,
            5.052316665649414,
            4.855793476104736,
            4.685229301452637,
            4.577641010284424
        ],
        "loss_consensus_local": [
            32.846561431884766,
            20.232540130615234,
            12.43824577331543,
            8.195831298828125,
            6.0611162185668945,
            5.024947643280029
        ],
        "loss_consensus_global": [
            32.846561431884766,
            20.232540130615234,
            12.43824577331543,
            8.195831298828125,
            6.0611162185668945,
            5.024947643280029
        ]
    },
    "No Federated (Local)": {
        "loss": [
            18.779647827148438,
            9.73887825012207,
            7.286769866943359,
            6.102360725402832,
            5.400364875793457,
            4.927052974700928
        ],
        "val_loss": [
            13.215374946594238,
            9.809831619262695,
            8.42888355255127,
            7.611436367034912,
            7.093467712402344,
            6.553762912750244
        ]
    }
}