{
    "ML": {
        "loss": [
            30.22118377685547,
            27.02298927307129,
            26.756935119628906,
            26.68661880493164,
            26.637771606445312,
            26.5964298248291
        ],
        "accuracy": [
            0.0055078682489693165,
            0.0023605902679264545,
            0.002492582891136408,
            0.002671734895557165,
            0.0028469350654631853,
            0.0033021916169673204
        ],
        "val_loss": [
            24.12986946105957,
            24.01106071472168,
            24.023040771484375,
            23.977571487426758,
            23.93495750427246,
            23.896677017211914
        ],
        "val_accuracy": [
            0.0027578198350965977,
            0.0027894340455532074,
            0.0030486711766570807,
            0.00336586800403893,
            0.0038021451327949762,
            0.003972862381488085
        ]
    }
}