{
    "ML": {
        "loss": [
            30.187639236450195,
            26.368593215942383,
            25.816667556762695,
            25.5360050201416,
            25.321216583251953,
            25.138513565063477
        ],
        "accuracy": [
            0.005600078497081995,
            0.003176785307005048,
            0.004794422071427107,
            0.008668055757880211,
            0.01567184180021286,
            0.02013825811445713
        ],
        "val_loss": [
            23.612812042236328,
            23.148603439331055,
            22.926204681396484,
            22.70041275024414,
            22.51615333557129,
            22.35179901123047
        ],
        "val_accuracy": [
            0.0033458455000072718,
            0.004305866081267595,
            0.007273394148796797,
            0.012770065106451511,
            0.019580837339162827,
            0.021109914407134056
        ]
    }
}