{
    "ML": {
        "loss": [
            30.36237335205078,
            26.020727157592773,
            25.25647735595703,
            24.66522789001465,
            23.9928035736084,
            23.27113151550293
        ],
        "accuracy": [
            0.005728646647185087,
            0.0030326733831316233,
            0.002959695179015398,
            0.002921757288277149,
            0.0029328225646167994,
            0.016018027439713478
        ],
        "val_loss": [
            23.351116180419922,
            22.646156311035156,
            22.156084060668945,
            21.45920753479004,
            20.658891677856445,
            19.987422943115234
        ],
        "val_accuracy": [
            0.003346899291500449,
            0.003280509263277054,
            0.003235195530578494,
            0.0032341417390853167,
            0.0033616526052355766,
            0.03035498596727848
        ]
    }
}