{
    "Federated": {
        "loss": [
            18.478660583496094,
            14.86851978302002,
            12.374735832214355,
            10.115139961242676,
            8.371979713439941,
            7.143665313720703
        ],
        "val_loss": [
            10.73846435546875,
            8.482770919799805,
            8.677583694458008,
            7.852170944213867,
            6.8168745040893555,
            5.988440990447998
        ],
        "loss_consensus_local": [
            28.875865936279297,
            20.00932502746582,
            13.160398483276367,
            9.078086853027344,
            7.4921441078186035,
            6.59086799621582
        ],
        "loss_consensus_global": [
            27.822158813476562,
            19.266891479492188,
            12.709693908691406,
            10.435651779174805,
            9.3781156539917,
            8.467378616333008
        ]
    },
    "No Federated (Local)": {
        "loss": [
            18.508831024169922,
            9.501093864440918,
            7.047367572784424,
            5.758856296539307,
            4.820085048675537,
            4.1608967781066895
        ],
        "val_loss": [
            10.57651424407959,
            7.65470552444458,
            6.214280605316162,
            5.30091667175293,
            4.66556978225708,
            4.138257026672363
        ]
    }
}