{
    "centralized_global": {
        "loss": [
            22.83844757080078,
            17.98813819885254,
            16.76127052307129,
            15.857084274291992,
            15.16038990020752,
            14.567144393920898,
            14.028550148010254,
            13.538836479187012,
            13.104765892028809,
            12.72761344909668,
            12.407083511352539,
            12.135144233703613,
            11.89979362487793,
            11.69205093383789,
            11.504008293151855,
            11.33034896850586,
            11.168981552124023,
            11.016592025756836,
            10.871718406677246,
            10.73439884185791,
            10.60338306427002,
            10.479125022888184,
            10.360512733459473,
            10.246825218200684,
            10.138618469238281,
            10.036336898803711,
            9.938653945922852,
            9.84638500213623,
            9.758545875549316,
            9.675673484802246,
            9.598176002502441,
            9.52489948272705,
            9.456235885620117,
            9.392221450805664,
            9.332435607910156,
            9.277092933654785,
            9.225053787231445,
            9.176332473754883,
            9.131003379821777,
            9.08872127532959,
            9.050146102905273,
            9.013029098510742,
            8.978608131408691,
            8.945950508117676,
            8.915205001831055,
            8.885932922363281,
            8.857662200927734,
            8.831701278686523,
            8.806455612182617,
            8.78211784362793
        ],
        "val_loss": [
            18.432269316093596,
            17.20413444556442,
            16.241523265838623,
            15.550938970902386,
            14.978043684772416,
            14.437840146176955,
            13.9386826227693,
            13.488007606244555,
            13.09500048674789,
            12.779217093598609,
            12.5111011243334,
            12.300758337273317,
            12.124050101813149,
            11.963355057379779,
            11.817109290291281,
            11.682892343577217,
            11.549335562715344,
            11.42779873866661,
            11.315158002516803,
            11.202469589663487,
            11.09355198285159,
            10.995652626542483,
            10.894702591148077,
            10.802936397346796,
            10.715605819926543,
            10.63517285562029,
            10.560788369646259,
            10.477856027145013,
            10.409611396929797,
            10.345333564515208,
            10.291939980843487,
            10.238034731032801,
            10.178858661184124,
            10.127970480451397,
            10.086347842917723,
            10.045315678213157,
            10.005038490482406,
            9.970504240662445,
            9.933579436704225,
            9.907386049336077,
            9.879576914450702,
            9.85426220589993,
            9.828833356791852,
            9.794515793230019,
            9.789032550419078,
            9.765768067509521,
            9.741183956464132,
            9.711192887203365,
            9.696520382282781,
            9.686561194120669
        ],
        "mse": [
            1139.0844557519054,
            999.2267303092807,
            921.3259352141736,
            859.4433555790023,
            810.4979640549304,
            772.6789038695541,
            736.8763908498428,
            704.8437816675971,
            677.451781796474,
            649.6463358822991,
            628.4646317257601,
            606.0662897100635,
            585.9285202213363,
            569.8412278493246,
            555.1093855371662,
            541.0516988997366,
            530.5070248772116,
            519.0734118246564,
            507.4858616660623,
            498.33580050748935,
            490.04519889401456,
            481.18346476087385,
            474.3644502116185,
            466.7785908334395,
            459.87646499334596,
            452.9705071028541,
            446.46394463146436,
            442.3287467863045,
            436.3952641814363,
            430.93273087576324,
            424.7564110522177,
            419.7883725867552,
            416.04799613298155,
            412.3289611526564,
            407.7496809865914,
            403.8076513000563,
            400.4226509496277,
            396.9033493200938,
            394.1228717682408,
            390.65584363189396,
            387.57148827291,
            384.73370517936405,
            382.1548741424785,
            380.79530641144396,
            376.9414020192389,
            374.7944022814433,
            372.95712847335665,
            371.82234687431185,
            369.4468085625592,
            367.0859174634896
        ],
        "mae": [
            18.432269316093596,
            17.204134436214673,
            16.241523303237617,
            15.550938989601883,
            14.978043647373424,
            14.437840164876452,
            13.938682623938018,
            13.488007606244555,
            13.095000468048395,
            12.779217135672475,
            12.5111011243334,
            12.300758299874325,
            12.124050027015162,
            11.963355057379779,
            11.817109290291281,
            11.682892343577217,
            11.549335553365594,
            11.42779873866661,
            11.315158021216298,
            11.202469589663487,
            11.09355198285159,
            10.995652607842988,
            10.894702591148077,
            10.802936397346796,
            10.715605819926543,
            10.635172856789008,
            10.560788369646259,
            10.477855989746018,
            10.409611396929797,
            10.345333545815711,
            10.291939999542985,
            10.238034749732298,
            10.178858642484627,
            10.127970499150893,
            10.086347870966968,
            10.04531565951366,
            10.005038453083412,
            9.970504250012192,
            9.933579436704225,
            9.907386049336077,
            9.879576914450702,
            9.85426218252556,
            9.8288333661416,
            9.794515830629011,
            9.789032550419078,
            9.765768067509521,
            9.741183947114383,
            9.71119291525261,
            9.696520363583284,
            9.686561194120669
        ],