{
    "centralized_global": {
        "loss": [
            18.230632781982422,
            13.941505432128906,
            12.416522026062012,
            11.527956008911133,
            10.877923965454102,
            10.33345890045166,
            9.871946334838867,
            9.483534812927246,
            9.159679412841797,
            8.895463943481445,
            8.686511993408203,
            8.520184516906738,
            8.389766693115234,
            8.280987739562988,
            8.19112491607666
        ],
        "val_loss": [
            15.2882124933542,
            13.315875987211863,
            12.309436290871863,
            11.696651338362226,
            11.216435772531172,
            10.770580118777705,
            10.419956306616465,
            10.134197707269706,
            9.923757847617654,
            9.730969030483097,
            9.591754554533491,
            9.495354533195496,
            9.38639497055727,
            9.33225976602704,
            9.261212409711352
        ]
    }
}