{
    "centralized_global": {
        "loss": [
            22.587797164916992,
            17.9267635345459,
            16.527292251586914,
            15.436797142028809,
            14.63534927368164,
            14.021505355834961,
            13.512340545654297,
            13.071507453918457,
            12.687152862548828,
            12.352727890014648,
            12.061505317687988,
            11.806199073791504,
            11.582566261291504,
            11.384766578674316,
            11.207698822021484,
            11.046882629394531,
            10.89841079711914,
            10.758079528808594,
            10.62511920928955,
            10.498003959655762,
            10.375102043151855,
            10.255833625793457,
            10.139872550964355,
            10.027137756347656,
            9.917397499084473
        ],
        "val_loss": [
            18.418350345948163,
            17.02161425001481,
            15.851986597566043,
            15.029800405689315,
            14.4144369504031,
            13.911934527696348,
            13.477357250802656,
            13.091161275611205,
            12.759019353810478,
            12.466357075700573,
            12.226081173793942,
            12.015204173677107,
            11.837423513917361,
            11.682713349660238,
            11.541025068245682,
            11.409471763115302,
            11.296571823896146,
            11.182405000808192,
            11.074919055489932,
            10.981034029932584,
            10.869721286437091,
            10.77355384943532,
            10.679694428163415,
            10.587006893812442,
            10.49463564157486
        ],
        "mse": [
            1133.2342386058733,
            995.7921915241317,
            905.8771912443872,
            831.9856655644436,
            778.1692774716546,
            735.1276527292588,
            697.1858992670096,
            664.8763750487683,
            635.6288948246078,
            612.3898229225009,
            587.2313039256077,
            567.2222709889505,
            548.1218241990781,
            530.7413266827078,
            516.1918650047452,
            504.01108927352755,
            490.4350862409554,
            479.7772212262247,
            469.40440027386535,
            458.11985725047543,
            450.70947482539157,
            441.60324294426863,
            433.0160134633382,
            425.0921926685408,
            417.71516370773315
        ],
        "mae": [
            18.418350345948163,
            17.021614212615816,
            15.851986597566043,
            15.0298004804873,
            14.41443695975285,
            13.911934555745592,
            13.477357250802656,
            13.091161322359945,
            12.759019325761233,
            12.466357000902587,
            12.226081164444194,
            12.01520416432736,
            11.837423495217866,
            11.68271338705923,
            11.541025068245682,
            11.409471819213792,
            11.296571823896146,
            11.182405000808192,
            11.074919046140185,
            10.981034039282331,
            10.869721333185831,
            10.773553877484565,
            10.679694437513165,
            10.587006893812442,
            10.494635557427126
        ],
        "accuracy": [
            0.028705549599858476,
            0.03146117186064229,
            0.03202891277660634,
            0.03190428672778402,
            0.0316134925438639,
            0.030616483473054627,
            0.029813337345224095,
            0.02927329098148381,
            0.02906558051358397,
            0.02919020667653896,
            0.02905173320323229,
            0.029120969974125426,
            0.028940954487588183,
            0.028857870305906617,
            0.028553228770547053,
            0.028456297205468894,
            0.028276281896978617,
            0.027971640393576202,
            0.027680845981390746,
            0.02763930409142346,
            0.0276669985614717,
            0.027500830449200438,
            0.02747313561849296,
            0.02730696766600743,
            0.027113104704767466
        ]
    }
}