{
    "Federated": {
        "loss": [
            36.6220588684082,
            24.163898468017578,
            18.31594467163086,
            15.117741584777832,
            13.387807846069336,
            12.342961311340332
        ],
        "val_loss": [
            23.751266479492188,
            12.686955451965332,
            11.173227310180664,
            10.50755786895752,
            9.897808074951172,
            9.482366561889648
        ],
        "loss_consensus_local": [
            58.113426208496094,
            38.0677490234375,
            24.880300521850586,
            17.622127532958984,
            14.008848190307617,
            12.270271301269531
        ],
        "loss_consensus_global": [
            32.93373107910156,
            20.085710525512695,
            12.176355361938477,
            7.8012847900390625,
            5.471549987792969,
            4.480504035949707
        ]
    },
    "No Federated (Local)": {
        "loss": [
            36.48855972290039,
            23.94263458251953,
            20.227684020996094,
            18.108476638793945,
            16.439197540283203,
            15.025611877441406
        ],
        "val_loss": [
            23.792633056640625,
            18.8204345703125,
            16.86677360534668,
            15.306195259094238,
            14.005815505981445,
            12.936078071594238
        ]
    }
}