{
    "Federated": {
        "loss": [
            13.995694160461426,
            9.88548469543457,
            5.6459736824035645,
            3.780510425567627,
            2.960066080093384,
            2.5840272903442383
        ],
        "val_loss": [
            5.3761677742004395,
            3.7055835723876953,
            2.7274062633514404,
            2.407874345779419,
            2.3030643463134766,
            2.200214147567749
        ],
        "loss_consensus_local": [
            27.759357452392578,
            16.148157119750977,
            8.790061950683594,
            4.87110710144043,
            3.074411153793335,
            2.4002444744110107
        ],
        "loss_consensus_global": [
            32.93373107910156,
            20.085710525512695,
            12.176355361938477,
            7.8012847900390625,
            5.471549987792969,
            4.480504035949707
        ]
    },
    "No Federated (Local)": {
        "loss": [
            14.045049667358398,
            5.055850982666016,
            4.0043439865112305,
            3.5144095420837402,
            3.199981689453125,
            2.9581387042999268
        ],
        "val_loss": [
            5.398399353027344,
            3.798799514770508,
            3.3442652225494385,
            3.072005271911621,
            2.8422746658325195,
            2.6723759174346924
        ]
    }
}