{
    "Federated": {
        "loss": [
            16.613773345947266,
            9.52243709564209,
            5.804432392120361,
            4.031780242919922,
            3.2486305236816406,
            2.8875207901000977
        ],
        "val_loss": [
            7.899109840393066,
            3.4367334842681885,
            3.6187751293182373,
            3.412182331085205,
            3.1804192066192627,
            3.0266056060791016
        ],
        "loss_consensus_local": [
            30.949018478393555,
            17.972944259643555,
            9.535017967224121,
            5.622347354888916,
            3.9133718013763428,
            3.279120683670044
        ],
        "loss_consensus_global": [
            29.86888313293457,
            18.30573272705078,
            10.975762367248535,
            7.222665786743164,
            5.232575416564941,
            4.397236347198486
        ]
    },
    "No Federated (Local)": {
        "loss": [
            16.544178009033203,
            6.245802879333496,
            4.6275458335876465,
            4.064238548278809,
            3.748198986053467,
            3.562391757965088
        ],
        "val_loss": [
            7.814532279968262,
            5.065138816833496,
            4.388797760009766,
            4.115773677825928,
            3.8509624004364014,
            3.6964781284332275
        ]
    }
}