{
    "Federated": {
        "loss": [
            16.18332290649414,
            8.055485725402832,
            5.0365471839904785,
            3.5722622871398926,
            2.8857581615448,
            2.6000401973724365
        ],
        "val_loss": [
            6.947292327880859,
            3.552917242050171,
            2.6265182495117188,
            2.377429246902466,
            2.2961270809173584,
            2.2447500228881836
        ],
        "loss_consensus_local": [
            23.08484649658203,
            14.898985862731934,
            8.588431358337402,
            5.085574150085449,
            3.3716413974761963,
            2.5971672534942627
        ],
        "loss_consensus_global": [
            27.998294830322266,
            18.64988136291504,
            11.641498565673828,
            7.568109512329102,
            5.356542110443115,
            4.1053571701049805
        ]
    },
    "No Federated (Local)": {
        "loss": [
            16.116222381591797,
            5.860529899597168,
            3.4553120136260986,
            2.756650686264038,
            2.554084062576294,
            2.4553020000457764
        ],
        "val_loss": [
            6.920008182525635,
            3.7923407554626465,
            2.879084348678589,
            2.626260757446289,
            2.4709863662719727,
            2.3459300994873047
        ]
    }
}