{
    "Federated": {
        "loss": [
            4.444440841674805,
            2.8231453895568848,
            2.2019453048706055,
            1.7826553583145142,
            1.6099363565444946,
            1.53122878074646
        ],
        "val_loss": [
            2.2882463932037354,
            1.7699612379074097,
            1.7388797998428345,
            1.728217601776123,
            1.7303268909454346,
            1.7526423931121826
        ],
        "loss_consensus_local": [
            8.684553146362305,
            5.717216491699219,
            3.7470710277557373,
            2.718611001968384,
            2.2000186443328857,
            1.940877914428711
        ],
        "loss_consensus_global": [
            27.97601890563965,
            18.515796661376953,
            11.313801765441895,
            7.390746116638184,
            5.26410436630249,
            4.065042972564697
        ]
    },
    "No Federated (Local)": {
        "loss": [
            4.444765090942383,
            1.9220088720321655,
            1.7246712446212769,
            1.6450575590133667,
            1.609488606452942,
            1.5909829139709473
        ],
        "val_loss": [
            2.315387010574341,
            1.9736040830612183,
            1.8699220418930054,
            1.829612135887146,
            1.8065983057022095,
            1.759315013885498
        ]
    }
}