{
    "Federated": {
        "loss": [
            5.028825283050537,
            4.038332939147949,
            1.9949368238449097,
            1.65519380569458,
            1.516135573387146,
            1.4997315406799316
        ],
        "val_loss": [
            2.816831350326538,
            2.3885366916656494,
            1.8624999523162842,
            1.6855123043060303,
            1.647797703742981,
            1.6468068361282349
        ]
    }
}