{
    "Federated": {
        "loss": [
            5.309415340423584,
            4.248740196228027,
            2.2646005153656006,
            1.8824962377548218,
            1.6623218059539795,
            1.5483263731002808
        ],
        "val_loss": [
            5.672104835510254,
            3.8686344623565674,
            3.031571865081787,
            2.744218587875366,
            2.514897346496582,
            2.444126605987549
        ]
    }
}