{
    "Federated": {
        "loss": [
            2.390313148498535,
            2.1615099906921387,
            1.081199288368225,
            0.9943713545799255,
            0.960347592830658,
            0.9435679316520691
        ],
        "val_loss": [
            1.3440624475479126,
            1.1489882469177246,
            1.0600497722625732,
            1.0698914527893066,
            1.0777418613433838,
            1.078892469406128
        ]
    }
}