{
    "Federated": {
        "loss": [
            27.178136825561523,
            22.10395050048828,
            13.939689636230469,
            11.88657283782959,
            10.260766983032227,
            9.001739501953125
        ],
        "val_loss": [
            14.690893173217773,
            10.092890739440918,
            9.085086822509766,
            7.508124828338623,
            6.460301876068115,
            5.83862829208374
        ]
    }
}