{
    "Federated": {
        "loss": [
            6.652631759643555,
            7.354682922363281,
            3.350468158721924,
            2.3568196296691895,
            1.9451298713684082,
            1.8239593505859375
        ],
        "val_loss": [
            2.8983848094940186,
            3.6785476207733154,
            2.8148982524871826,
            2.399204969406128,
            2.183222532272339,
            2.20048189163208
        ]
    }
}