{
    "Federated": {
        "loss": [
            13.747695922851562,
            13.997401237487793,
            7.390345096588135,
            5.372837543487549,
            4.18695592880249,
            3.6320486068725586
        ],
        "val_loss": [
            6.906606197357178,
            7.55104398727417,
            5.805716037750244,
            4.5337042808532715,
            3.9000275135040283,
            3.6542887687683105
        ]
    }
}