{
    "Federated": {
        "loss": [
            1.220945954322815,
            1.2077770233154297,
            0.7836357951164246,
            0.8005322813987732,
            0.753991425037384,
            0.7417112588882446
        ],
        "val_loss": [
            0.7753167152404785,
            0.7070906758308411,
            0.6923468708992004,
            0.6954666972160339,
            0.6992881894111633,
            0.7007877826690674
        ]
    }
}