{
    "Federated": {
        "loss": [
            33.93463134765625,
            28.358936309814453,
            21.59650230407715,
            20.513397216796875,
            19.632282257080078,
            19.13409423828125
        ],
        "val_loss": [
            22.843549728393555,
            15.253778457641602,
            13.35070514678955,
            12.655350685119629,
            12.526026725769043,
            12.128325462341309
        ]
    }
}