{
    "Federated": {
        "loss": [
            19.84905433654785,
            18.797399520874023,
            11.061537742614746,
            8.41342544555664,
            6.6953935623168945,
            5.7514119148254395
        ],
        "val_loss": [
            11.774965286254883,
            10.431351661682129,
            8.367460250854492,
            6.7910332679748535,
            5.6761980056762695,
            5.14547061920166
        ]
    }
}