{
    "Federated": {
        "loss": [
            23.52601432800293,
            21.237031936645508,
            13.273643493652344,
            10.404988288879395,
            8.478995323181152,
            7.30272912979126
        ],
        "val_loss": [
            14.697046279907227,
            11.985675811767578,
            9.867462158203125,
            8.619439125061035,
            7.1934075355529785,
            6.336832523345947
        ]
    }
}