{
    "Federated": {
        "loss": [
            14.476781845092773,
            12.47974681854248,
            6.561471462249756,
            4.774683952331543,
            3.731438636779785,
            3.2259161472320557
        ],
        "val_loss": [
            9.475198745727539,
            7.013816833496094,
            5.36881685256958,
            4.21409797668457,
            3.62384295463562,
            3.3705148696899414
        ]
    }
}