{
    "Federated": {
        "loss": [
            38.97071838378906,
            30.1007080078125,
            19.990707397460938,
            17.669998168945312,
            15.966686248779297,
            14.754358291625977
        ],
        "val_loss": [
            25.169172286987305,
            14.763038635253906,
            12.768610000610352,
            12.245861053466797,
            11.265877723693848,
            10.307381629943848
        ]
    }
}