{
    "Federated": {
        "loss": [
            26.15188217163086,
            19.596378326416016,
            11.366915702819824,
            9.699896812438965,
            8.522075653076172,
            7.6739606857299805
        ],
        "val_loss": [
            15.166254043579102,
            9.2719144821167,
            8.47785472869873,
            7.494323253631592,
            6.5554280281066895,
            5.87278938293457
        ]
    }
}