{
    "Federated": {
        "loss": [
            5.790528774261475,
            3.828937292098999,
            2.421849012374878,
            1.8020368814468384,
            1.6456351280212402,
            1.620821237564087
        ],
        "val_loss": [
            3.1203746795654297,
            2.3184003829956055,
            2.0269651412963867,
            1.845908522605896,
            1.774784803390503,
            1.7629637718200684
        ],
        "loss_consensus_local": [
            11.233705520629883,
            5.957317352294922,
            3.3174827098846436,
            2.789306640625,
            2.807861566543579,
            2.638582944869995
        ],
        "loss_consensus_global": [
            32.76707458496094,
            20.368715286254883,
            11.704000473022461,
            7.914039611816406,
            6.34324836730957,
            5.3491950035095215
        ]
    },
    "No Federated (Local)": {
        "loss": [
            5.668992042541504,
            2.5356526374816895,
            2.1126298904418945,
            1.9400395154953003,
            1.8372135162353516,
            1.7559021711349487
        ],
        "val_loss": [
            3.010167360305786,
            2.273625612258911,
            2.130113363265991,
            2.046792984008789,
            1.9727362394332886,
            1.917157530784607
        ]
    }
}