{
    "Federated": {
        "loss": [
            17.03742218017578,
            14.33642578125,
            11.644487380981445,
            11.218002319335938,
            11.0484037399292,
            11.12951374053955,
            10.957287788391113,
            10.81258773803711,
            10.741532325744629,
            10.66146183013916,
            10.560135841369629
        ],
        "val_loss": [
            9.16073226928711,
            7.63971471786499,
            6.4141011238098145,
            5.6684699058532715,
            5.3973917961120605,
            5.306400299072266,
            5.169589996337891,
            5.0591206550598145,
            5.016480445861816,
            4.938645839691162,
            4.900794982910156
        ]
    },
    "Consenso": {
        "val_loss": [
            6.850375175476074
        ]
    }
}