{
    "Federated": {
        "loss": [
            17.726879119873047,
            16.89287567138672,
            10.215124130249023,
            8.215933799743652,
            6.873625755310059,
            6.006444454193115,
            5.363065719604492,
            4.8615007400512695,
            4.414616584777832,
            4.047577381134033,
            3.7411751747131348
        ],
        "val_loss": [
            8.979175567626953,
            9.114635467529297,
            7.933363914489746,
            6.560369491577148,
            5.674726486206055,
            5.099174976348877,
            4.809647083282471,
            4.386991024017334,
            4.045834541320801,
            3.8920106887817383,
            3.7713592052459717
        ]
    },
    "Consenso": {
        "val_loss": [
            4.473824977874756
        ]
    }
}