{
    "Federated": {
        "loss": [
            4.739386558532715,
            4.682967185974121,
            2.297910690307617,
            1.8158106803894043,
            1.6961700916290283,
            1.6807293891906738,
            1.65851891040802,
            1.6338207721710205,
            1.6159871816635132,
            1.6004323959350586,
            1.597356915473938
        ],
        "val_loss": [
            2.1801726818084717,
            2.700338125228882,
            1.954110026359558,
            1.6854279041290283,
            1.6329540014266968,
            1.727128267288208,
            1.5963062047958374,
            1.5570522546768188,
            1.5495918989181519,
            1.5373661518096924,
            1.5370631217956543
        ]
    },
    "Consenso": {
        "val_loss": [
            5.0724406242370605
        ]
    }
}