{
    "Federated": {
        "loss": [
            3.8245983123779297,
            2.5965416431427,
            1.7056474685668945,
            1.747218132019043,
            1.872899055480957,
            1.934624195098877,
            1.972442865371704,
            2.0894248485565186,
            2.0916738510131836,
            2.1147241592407227,
            2.1231377124786377
        ],
        "val_loss": [
            1.788078784942627,
            1.7006895542144775,
            1.5752235651016235,
            1.545004963874817,
            1.5259791612625122,
            1.5217933654785156,
            1.5416041612625122,
            1.5362340211868286,
            1.5395926237106323,
            1.557843565940857,
            1.5747915506362915
        ]
    },
    "Consenso": {
        "val_loss": [
            8.733461380004883
        ]
    }
}