{
    "Federated": {
        "loss": [
            5.263026237487793,
            4.721441268920898,
            2.8003597259521484,
            2.2522358894348145,
            1.961084008216858,
            1.8205173015594482,
            1.7154983282089233,
            1.6327385902404785,
            1.5503203868865967,
            1.490753173828125,
            1.4208821058273315
        ],
        "val_loss": [
            5.210072040557861,
            4.8120341300964355,
            3.6176769733428955,
            3.1240270137786865,
            2.90664005279541,
            2.7521259784698486,
            2.6880080699920654,
            2.5225632190704346,
            2.4439899921417236,
            2.4261927604675293,
            2.291532039642334
        ]
    },
    "Consenso": {
        "val_loss": [
            4.728141784667969
        ]
    }
}