{
    "Federated": {
        "loss": [
            4.347641944885254,
            3.953981876373291,
            1.7051864862442017,
            1.4287956953048706,
            1.3215689659118652,
            1.3144255876541138,
            1.3098887205123901,
            1.2935596704483032,
            1.2953635454177856,
            1.25356125831604,
            1.2418608665466309
        ],
        "val_loss": [
            1.852876901626587,
            2.1218912601470947,
            1.637285828590393,
            1.4249225854873657,
            1.4092215299606323,
            1.3631342649459839,
            1.355073094367981,
            1.3301457166671753,
            1.3198829889297485,
            1.3534654378890991,
            1.3098289966583252
        ]
    },
    "Consenso": {
        "val_loss": [
            5.429267406463623
        ]
    }
}