{
    "Federated": {
        "loss": [
            13.512761116027832,
            11.299686431884766,
            4.6931962966918945,
            3.3369712829589844,
            2.7165019512176514,
            2.4715473651885986,
            2.3372488021850586,
            2.2482690811157227,
            2.1895086765289307,
            2.1093502044677734,
            2.0748517513275146
        ],
        "val_loss": [
            7.282613277435303,
            5.206228733062744,
            3.812974452972412,
            2.858522891998291,
            2.6628963947296143,
            2.632930278778076,
            2.508390188217163,
            2.4339253902435303,
            2.3885903358459473,
            2.362112045288086,
            2.4619131088256836
        ]
    },
    "Consenso": {
        "val_loss": [
            4.36196756362915
        ]
    }
}