{
    "Federated": {
        "loss": [
            20.335691452026367,
            18.25528335571289,
            11.115110397338867,
            8.671799659729004,
            7.276186466217041,
            6.560016632080078,
            6.148162364959717,
            5.81158971786499,
            5.554938316345215,
            5.345182418823242,
            5.204274654388428
        ],
        "val_loss": [
            8.604981422424316,
            7.8494768142700195,
            6.789637565612793,
            5.158218860626221,
            4.632966995239258,
            4.353559494018555,
            4.148015022277832,
            3.988269805908203,
            3.8768575191497803,
            3.7415823936462402,
            3.626802682876587
        ]
    },
    "Consenso": {
        "val_loss": [
            4.1080474853515625
        ]
    }
}