{
    "Federated": {
        "loss": [
            14.207818031311035,
            8.435075759887695,
            5.963622570037842,
            4.9751482009887695,
            4.347245693206787,
            4.0383429527282715,
            3.9899919033050537,
            3.9356300830841064,
            3.8673369884490967,
            3.756216287612915,
            3.671308755874634
        ],
        "val_loss": [
            26.333234786987305,
            18.387514114379883,
            14.22930908203125,
            12.336410522460938,
            10.418707847595215,
            9.245223999023438,
            7.3839874267578125,
            6.875316143035889,
            6.541810989379883,
            6.185739994049072,
            5.774680137634277
        ]
    },
    "Consenso": {
        "val_loss": [
            4.304172515869141
        ]
    }
}