{
    "Federated": {
        "loss": [
            19.817787170410156,
            15.5475492477417,
            11.909865379333496,
            9.638663291931152,
            8.01166820526123,
            7.0456929206848145,
            6.516762733459473,
            6.177721977233887,
            5.900899410247803,
            5.661503314971924,
            5.45463228225708
        ],
        "val_loss": [
            53.30998992919922,
            50.25047302246094,
            41.062400817871094,
            34.774051666259766,
            30.042600631713867,
            26.838855743408203,
            24.494535446166992,
            22.917675018310547,
            21.36479377746582,
            20.438512802124023,
            19.85976791381836
        ]
    },
    "Consenso": {
        "val_loss": [
            4.426068305969238
        ]
    }
}