{
    "Federated": {
        "loss": [
            2.044921398162842,
            1.8231878280639648,
            1.3477449417114258,
            1.1149502992630005,
            1.079567551612854,
            1.0939230918884277,
            1.0707905292510986,
            1.044272541999817,
            1.0291880369186401,
            1.012795090675354,
            1.00356924533844
        ],
        "val_loss": [
            1.1319072246551514,
            1.1508828401565552,
            0.9616336226463318,
            0.9792614579200745,
            1.034178614616394,
            1.0050500631332397,
            0.991705060005188,
            0.9836174845695496,
            0.9837706685066223,
            0.9732248187065125,
            0.9660850167274475
        ]
    },
    "Consenso": {
        "val_loss": [
            4.700009346008301
        ]
    }
}