{
    "Federated": {
        "loss": [
            3.0979223251342773,
            3.138782262802124,
            1.6731153726577759,
            1.2204188108444214,
            1.1322698593139648,
            1.1667033433914185,
            1.140779972076416,
            1.0944122076034546,
            1.0568459033966064,
            1.0419139862060547,
            1.0377835035324097
        ],
        "val_loss": [
            6.020230770111084,
            5.909094333648682,
            3.8147380352020264,
            2.9177603721618652,
            2.492609977722168,
            2.293107271194458,
            2.1369144916534424,
            2.0760209560394287,
            1.9965262413024902,
            1.9463731050491333,
            1.8303992748260498
        ]
    },
    "Consenso": {
        "val_loss": [
            4.990222930908203
        ]
    }
}