{
    "Federated": {
        "loss": [
            20.480850219726562,
            17.409303665161133,
            8.96525764465332,
            6.782369136810303,
            5.508036136627197,
            4.922186851501465,
            4.5807342529296875,
            4.335849761962891,
            4.126123905181885,
            3.9767673015594482,
            3.8370373249053955
        ],
        "val_loss": [
            10.623411178588867,
            7.773907661437988,
            6.2563157081604,
            4.802844047546387,
            4.365834712982178,
            4.194036960601807,
            4.057600498199463,
            3.855360507965088,
            3.7725586891174316,
            3.6968255043029785,
            3.6729485988616943
        ]
    },
    "Consenso": {
        "val_loss": [
            4.01509952545166
        ]
    }
}