{
    "Federated": {
        "loss": [
            1.781039834022522,
            1.5168616771697998,
            1.452930212020874,
            1.2802811861038208,
            1.2477413415908813,
            1.2652910947799683,
            1.2467246055603027,
            1.2233312129974365,
            1.2083312273025513,
            1.173471212387085,
            1.1851568222045898
        ],
        "val_loss": [
            2.155435562133789,
            2.142918586730957,
            1.585609793663025,
            1.591299057006836,
            1.639333963394165,
            1.6580513715744019,
            1.6311548948287964,
            1.6080635786056519,
            1.6084725856781006,
            1.5884886980056763,
            1.5875362157821655
        ]
    },
    "Consenso": {
        "val_loss": [
            4.710777282714844
        ]
    }
}