{
    "Federated": {
        "loss": [
            11.013382911682129,
            9.522418975830078,
            4.614450931549072,
            3.499525308609009,
            3.027604818344116,
            2.840702533721924,
            2.7360217571258545,
            2.6422970294952393,
            2.5832746028900146,
            2.533985137939453,
            2.4967145919799805
        ],
        "val_loss": [
            6.187249660491943,
            4.9072346687316895,
            3.3760251998901367,
            2.8508405685424805,
            2.711134910583496,
            2.6357882022857666,
            2.560229539871216,
            2.5090694427490234,
            2.4961013793945312,
            2.4491827487945557,
            2.4095375537872314
        ]
    },
    "Consenso": {
        "val_loss": [
            4.389588356018066
        ]
    }
}