{
    "Federated": {
        "loss": [
            1.7329905033111572,
            1.2692691087722778,
            1.0939221382141113,
            1.3045804500579834,
            1.4199494123458862,
            1.5582820177078247,
            1.5816709995269775,
            1.6546545028686523,
            1.6238799095153809,
            1.6110771894454956,
            1.6141916513442993
        ],
        "val_loss": [
            1.0751781463623047,
            1.0290855169296265,
            1.036504864692688,
            1.044398307800293,
            1.0595496892929077,
            1.0720891952514648,
            1.073361873626709,
            1.0720925331115723,
            1.060632348060608,
            1.0526950359344482,
            1.0439592599868774
        ]
    },
    "Consenso": {
        "val_loss": [
            11.649676322937012
        ]
    }
}