{
    "Federated": {
        "loss": [
            35.77299118041992,
            21.286788940429688,
            17.561477661132812,
            13.921358108520508,
            11.97411060333252,
            10.973700523376465
        ],
        "val_loss": [
            14.111725807189941,
            6.335742473602295,
            5.465537071228027,
            4.954085826873779,
            4.797666072845459,
            4.706920623779297
        ],
        "loss_consensus_local": [
            32.6727409362793,
            21.385025024414062,
            12.96993350982666,
            8.452699661254883,
            6.1892313957214355,
            5.116674423217773
        ],
        "loss_consensus_global": [
            32.6727409362793,
            21.385025024414062,
            12.96993350982666,
            8.452699661254883,
            6.1892313957214355,
            5.116674423217773
        ]
    },
    "No Federated (Local)": {
        "loss": [
            35.73653030395508,
            22.243894577026367,
            15.708890914916992,
            12.107529640197754,
            10.014520645141602,
            8.499288558959961
        ],
        "val_loss": [
            14.16805362701416,
            9.290427207946777,
            6.660214900970459,
            6.339991092681885,
            5.612514019012451,
            4.960760116577148
        ]
    }
}