{
    "Federated": {
        "loss": [
            4.317862510681152,
            3.6293601989746094,
            2.384561061859131,
            1.9441784620285034,
            1.7905781269073486,
            1.7507649660110474
        ],
        "val_loss": [
            13.628429412841797,
            13.759659767150879,
            11.20467472076416,
            8.512144088745117,
            6.9657392501831055,
            5.954864501953125
        ],
        "loss_consensus_local": [
            33.38595199584961,
            21.007862091064453,
            12.59730339050293,
            8.26726245880127,
            6.124241352081299,
            5.094575881958008
        ],
        "loss_consensus_global": [
            33.38595199584961,
            21.007862091064453,
            12.59730339050293,
            8.26726245880127,
            6.124241352081299,
            5.094575881958008
        ]
    },
    "No Federated (Local)": {
        "loss": [
            4.358855247497559,
            1.8456147909164429,
            1.6390736103057861,
            1.542313814163208,
            1.5005919933319092,
            1.4815171957015991
        ],
        "val_loss": [
            13.64197826385498,
            12.21204662322998,
            11.83212947845459,
            11.530205726623535,
            11.318503379821777,
            11.192099571228027
        ]
    }
}