{
    "Federated": {
        "loss": [
            17.283424377441406,
            11.145716667175293,
            6.613461494445801,
            4.1683669090271,
            3.267050266265869,
            2.8780603408813477
        ],
        "val_loss": [
            11.644322395324707,
            6.943495273590088,
            5.5803375244140625,
            4.9524030685424805,
            4.767676830291748,
            4.634110450744629
        ],
        "loss_consensus_local": [
            34.751468658447266,
            20.1257266998291,
            11.85413646697998,
            7.9027862548828125,
            5.997479438781738,
            5.0530548095703125
        ],
        "loss_consensus_global": [
            34.751468658447266,
            20.1257266998291,
            11.85413646697998,
            7.9027862548828125,
            5.997479438781738,
            5.0530548095703125
        ]
    },
    "No Federated (Local)": {
        "loss": [
            17.284738540649414,
            7.345159530639648,
            4.947048664093018,
            4.209921360015869,
            3.7799432277679443,
            3.4755167961120605
        ],
        "val_loss": [
            11.621384620666504,
            7.547563552856445,
            6.568628311157227,
            6.0130486488342285,
            5.606144428253174,
            5.324109077453613
        ]
    }
}