{
    "Federated": {
        "loss": [
            35.99977493286133,
            32.00012969970703,
            25.95244026184082,
            21.706323623657227,
            18.78151512145996,
            16.571548461914062
        ],
        "val_loss": [
            25.086381912231445,
            20.993125915527344,
            17.423507690429688,
            15.29042911529541,
            13.554361343383789,
            12.055461883544922
        ],
        "loss_consensus_local": [
            53.36351013183594,
            37.88963317871094,
            26.943016052246094,
            20.858272552490234,
            17.447471618652344,
            15.111486434936523
        ],
        "loss_consensus_global": [
            29.41912841796875,
            17.8504581451416,
            11.215670585632324,
            9.186586380004883,
            7.794919490814209,
            6.686338424682617
        ]
    },
    "No Federated (Local)": {
        "loss": [
            36.040443420410156,
            26.141183853149414,
            22.691484451293945,
            20.31085777282715,
            18.544755935668945,
            17.2515869140625
        ],
        "val_loss": [
            24.942916870117188,
            20.96876335144043,
            18.64714813232422,
            17.008455276489258,
            15.778316497802734,
            14.851895332336426
        ]
    }
}