{
    "Federated": {
        "loss": [
            14.822046279907227,
            14.584857940673828,
            10.213882446289062,
            7.593465805053711,
            5.96287727355957,
            4.8627119064331055
        ],
        "val_loss": [
            6.68758487701416,
            7.953361511230469,
            5.859341621398926,
            4.7182230949401855,
            3.863687753677368,
            3.2549939155578613
        ],
        "loss_consensus_local": [
            24.681903839111328,
            14.88866901397705,
            9.069467544555664,
            6.329711437225342,
            4.95906400680542,
            4.075801849365234
        ],
        "loss_consensus_global": [
            29.41912841796875,
            17.8504581451416,
            11.215670585632324,
            9.186586380004883,
            7.794919490814209,
            6.686338424682617
        ]
    },
    "No Federated (Local)": {
        "loss": [
            14.691561698913574,
            6.106168746948242,
            4.389609336853027,
            3.4787437915802,
            2.955166816711426,
            2.7021539211273193
        ],
        "val_loss": [
            6.674219608306885,
            4.159462928771973,
            3.3838038444519043,
            2.8263747692108154,
            2.5586557388305664,
            2.4030098915100098
        ]
    }
}