{
    "Federated": {
        "loss": [
            15.807900428771973,
            15.127277374267578,
            9.345314025878906,
            7.9399542808532715,
            6.893072605133057,
            6.056164741516113
        ],
        "val_loss": [
            7.234248638153076,
            7.54109525680542,
            6.202641487121582,
            5.444085597991943,
            4.727298259735107,
            4.1463117599487305
        ]
    },
    "Consenso": {
        "val_loss": [
            6.285258769989014
        ]
    }
}