{
    "Federated": {
        "loss": [
            4.291593551635742,
            4.170124530792236,
            1.964196801185608,
            1.7799636125564575,
            1.655372142791748,
            1.6040133237838745
        ],
        "val_loss": [
            2.136608362197876,
            2.248302936553955,
            1.8562523126602173,
            1.7440539598464966,
            1.7233318090438843,
            1.6935290098190308
        ]
    },
    "Consenso": {
        "val_loss": [
            8.183115005493164
        ]
    }
}