{
    "Federated": {
        "loss": [
            3.7759222984313965,
            3.4039559364318848,
            1.7374887466430664,
            1.5563836097717285,
            1.4527546167373657,
            1.400589942932129
        ],
        "val_loss": [
            1.8234084844589233,
            1.588228464126587,
            1.516350507736206,
            1.4014323949813843,
            1.3651061058044434,
            1.3395265340805054
        ]
    },
    "Consenso": {
        "val_loss": [
            8.121039390563965
        ]
    }
}