{
    "Federated": {
        "loss": [
            4.239997386932373,
            4.344514846801758,
            2.0783658027648926,
            1.8490631580352783,
            1.7142133712768555,
            1.6571502685546875
        ],
        "val_loss": [
            2.2782719135284424,
            2.4863176345825195,
            2.0295748710632324,
            1.8445743322372437,
            1.7682621479034424,
            1.7520244121551514
        ]
    },
    "Consenso": {
        "val_loss": [
            8.166446685791016
        ]
    }
}