{
    "Federated": {
        "loss": [
            28.114133834838867,
            23.775989532470703,
            15.587583541870117,
            13.074116706848145,
            11.281830787658691,
            10.040640830993652
        ],
        "val_loss": [
            14.81214427947998,
            11.40661334991455,
            9.948620796203613,
            8.168901443481445,
            7.152181625366211,
            6.489995956420898
        ]
    },
    "Consenso": {
        "val_loss": [
            5.102359294891357
        ]
    }
}