{
    "Federated": {
        "loss": [
            4.696394443511963,
            3.5295329093933105,
            1.5594398975372314,
            1.328047752380371,
            1.2706152200698853,
            1.2568267583847046
        ],
        "val_loss": [
            2.3651576042175293,
            1.9007080793380737,
            1.499754548072815,
            1.3947501182556152,
            1.3585339784622192,
            1.3434813022613525
        ]
    },
    "Consenso": {
        "val_loss": [
            6.97264289855957
        ]
    }
}