{
    "Federated": {
        "loss": [
            2.5735068321228027,
            2.4349586963653564,
            1.3238554000854492,
            1.2714706659317017,
            1.2045561075210571,
            1.151610016822815
        ],
        "val_loss": [
            1.5912061929702759,
            1.417277216911316,
            1.3188236951828003,
            1.260150671005249,
            1.2348164319992065,
            1.238632082939148
        ]
    },
    "Consenso": {
        "val_loss": [
            8.630148887634277
        ]
    }
}