{
    "Federated": {
        "loss": [
            21.930742263793945,
            20.36115837097168,
            13.95293140411377,
            12.245659828186035,
            10.985543251037598,
            9.949990272521973
        ],
        "val_loss": [
            9.337183952331543,
            9.336188316345215,
            8.703409194946289,
            7.9203996658325195,
            7.2033820152282715,
            6.431417942047119
        ]
    },
    "Consenso": {
        "val_loss": [
            6.6871867179870605
        ]
    }
}