{
    "Federated": {
        "loss": [
            20.345426559448242,
            17.252012252807617,
            11.036662101745605,
            9.441734313964844,
            8.292916297912598,
            7.370021820068359
        ],
        "val_loss": [
            9.578276634216309,
            7.815982341766357,
            6.929943561553955,
            6.099163055419922,
            5.456247329711914,
            4.849475860595703
        ]
    },
    "Consenso": {
        "val_loss": [
            6.461495876312256
        ]
    }
}