{
    "Federated": {
        "loss": [
            1.3113391399383545,
            1.2007923126220703,
            0.8479542136192322,
            0.8250809907913208,
            0.770200252532959,
            0.7373057007789612
        ],
        "val_loss": [
            0.7893792986869812,
            0.7295820713043213,
            0.6765981316566467,
            0.6794326305389404,
            0.67820805311203,
            0.6836045384407043
        ]
    },
    "Consenso": {
        "val_loss": [
            8.123587608337402
        ]
    }
}