{
    "Federated": {
        "loss": [
            33.40424346923828,
            26.523727416992188,
            21.62210464477539,
            21.447492599487305,
            21.312992095947266,
            21.498371124267578
        ],
        "val_loss": [
            20.639549255371094,
            12.549601554870605,
            11.51229476928711,
            11.26261043548584,
            11.235325813293457,
            11.036425590515137
        ]
    },
    "Consenso": {
        "val_loss": [
            8.373496055603027
        ]
    }
}