{
    "Federated": {
        "loss": [
            5.14214563369751,
            4.742929458618164,
            2.314629077911377,
            2.014148235321045,
            1.8361027240753174,
            1.7274835109710693
        ],
        "val_loss": [
            2.6117136478424072,
            2.239597797393799,
            2.078122854232788,
            1.914547324180603,
            1.817124366760254,
            1.7737128734588623
        ]
    },
    "Consenso": {
        "val_loss": [
            7.733908653259277
        ]
    }
}