{
    "Federated": {
        "loss": [
            22.949552536010742,
            21.4295711517334,
            14.073780059814453,
            12.240371704101562,
            10.915094375610352,
            9.965785026550293
        ],
        "val_loss": [
            14.725735664367676,
            13.467829704284668,
            11.922271728515625,
            10.557182312011719,
            9.516386032104492,
            8.802017211914062
        ]
    },
    "Consenso": {
        "val_loss": [
            7.538331508636475
        ]
    }
}