{
    "Federated": {
        "loss": [
            10.592065811157227,
            12.551130294799805,
            6.792410850524902,
            5.53311014175415,
            4.731322288513184,
            4.23627233505249
        ],
        "val_loss": [
            4.921048641204834,
            7.236576557159424,
            6.1857757568359375,
            5.159587860107422,
            4.583386421203613,
            4.250457286834717
        ]
    },
    "Consenso": {
        "val_loss": [
            6.737740516662598
        ]
    }
}