{
    "Federated": {
        "loss": [
            21.36178970336914,
            17.742645263671875,
            11.459733963012695,
            9.769673347473145,
            8.598991394042969,
            7.768617630004883
        ],
        "val_loss": [
            11.044280052185059,
            9.090502738952637,
            8.349386215209961,
            7.065079212188721,
            6.344892978668213,
            6.063385009765625
        ]
    },
    "Consenso": {
        "val_loss": [
            6.9375529289245605
        ]
    }
}