{
    "Federated": {
        "loss": [
            38.71067428588867,
            35.16315460205078,
            26.8851261138916,
            23.894506454467773,
            21.910133361816406,
            20.248271942138672
        ],
        "val_loss": [
            23.537975311279297,
            22.733627319335938,
            17.944194793701172,
            16.248830795288086,
            15.156484603881836,
            13.870655059814453
        ]
    },
    "Consenso": {
        "val_loss": [
            8.142401695251465
        ]
    }
}