{
    "Federated": {
        "loss": [
            1.6943413019180298,
            1.5620993375778198,
            1.2967671155929565,
            1.3070217370986938,
            1.2422367334365845,
            1.249152421951294
        ],
        "val_loss": [
            1.8339489698410034,
            1.9936808347702026,
            1.5877591371536255,
            1.5594841241836548,
            1.6257578134536743,
            1.6768802404403687
        ]
    },
    "Consenso": {
        "val_loss": [
            8.06318473815918
        ]
    }
}