{
    "Federated": {
        "loss": [
            4.360780715942383,
            3.66658878326416,
            1.6892337799072266,
            1.4597243070602417,
            1.3702375888824463,
            1.3744356632232666
        ],
        "val_loss": [
            2.0862209796905518,
            2.0901949405670166,
            1.7219913005828857,
            1.5783507823944092,
            1.5577665567398071,
            1.5354467630386353
        ]
    },
    "Consenso": {
        "val_loss": [
            6.918957233428955
        ]
    }
}