{
    "Federated": {
        "loss": [
            9.573610305786133,
            9.333680152893066,
            5.464295864105225,
            4.5642619132995605,
            4.041638374328613,
            3.714796304702759
        ],
        "val_loss": [
            4.327216625213623,
            5.163728713989258,
            4.077726364135742,
            3.6005146503448486,
            3.3565356731414795,
            3.1885952949523926
        ]
    },
    "Consenso": {
        "val_loss": [
            6.858191013336182
        ]
    }
}