{
    "Federated": {
        "loss": [
            30.60729217529297,
            25.135801315307617,
            16.523733139038086,
            14.015515327453613,
            12.206992149353027,
            10.955697059631348
        ],
        "val_loss": [
            21.79591178894043,
            15.395090103149414,
            13.191302299499512,
            11.237139701843262,
            9.819047927856445,
            9.001277923583984
        ]
    },
    "Consenso": {
        "val_loss": [
            5.614305019378662
        ]
    }
}