{
    "Federated": {
        "loss": [
            1.9783623218536377,
            1.8654217720031738,
            1.1688232421875,
            1.150068998336792,
            1.11116361618042,
            1.079315423965454
        ],
        "val_loss": [
            1.0671274662017822,
            0.958385169506073,
            0.9041293263435364,
            0.8696718215942383,
            0.8618978261947632,
            0.8865480422973633
        ]
    },
    "Consenso": {
        "val_loss": [
            8.457693099975586
        ]
    }
}