{
    "Federated": {
        "loss": [
            1.9417309761047363,
            1.6789342164993286,
            0.9990832805633545,
            0.9870122075080872,
            0.9351667165756226,
            0.8989303708076477
        ],
        "val_loss": [
            1.0526164770126343,
            0.9593462944030762,
            0.9211890697479248,
            0.8996282815933228,
            0.8915626406669617,
            0.9121678471565247
        ]
    },
    "Consenso": {
        "val_loss": [
            8.429421424865723
        ]
    }
}