{
    "Federated": {
        "loss": [
            19.558114647865295,
            14.746054816246033,
            10.66798518896103,
            8.21594858765602,
            6.729025888442993,
            5.798929649591446
        ],
        "val_loss": [
            11.942509615421296,
            8.249582099914551,
            6.665968608856201,
            5.721731120347977,
            5.018775379657745,
            4.59267857670784
        ],
        "loss_consensus_local": [
            31.948676776885986,
            20.774531269073485,
            12.99594464302063,
            8.873571252822876,
            6.899114906787872,
            5.802952897548676
        ],
        "loss_consensus_global": [
            32.302649879455565,
            20.345298767089844,
            12.143694210052491,
            8.075754880905151,
            6.258663868904113,
            5.1493675947189335
        ]
    },
    "No Federated (Local)": {
        "loss": [
            19.541321516036987,
            11.451558542251586,
            8.906629890203476,
            7.538607901334762,
            6.6426608800888065,
            5.987222999334335
        ],
        "val_loss": [
            11.873650085926055,
            8.633321821689606,
            7.254447865486145,
            6.3658640563488005,
            5.772939836978912,
            5.308503144979477
        ]
    }
}