{
    "Federated": {
        "loss": [
            19.272226333618164,
            15.158593487739562,
            11.928991436958313,
            9.957707220315934,
            8.48420541882515,
            7.590347266197204
        ],
        "val_loss": [
            11.647907936573029,
            8.24671043753624,
            7.726626747846604,
            7.26479195356369,
            6.557227098941803,
            6.057500672340393
        ],
        "loss_consensus_local": [
            29.941616439819335,
            21.251794958114623,
            14.427944839000702,
            9.978634560108185,
            8.256132340431213,
            7.294481194019317
        ],
        "loss_consensus_global": [
            30.19499282836914,
            20.885071563720704,
            13.568986892700195,
            9.274643874168396,
            7.883721780776978,
            6.968226909637451
        ]
    },
    "No Federated (Local)": {
        "loss": [
            19.258635807037354,
            11.096092385053634,
            8.478219753503799,
            7.2163353025913235,
            6.45144345164299,
            5.905322587490081
        ],
        "val_loss": [
            11.633017432689666,
            8.370489829778672,
            7.041129666566849,
            6.2967115342617035,
            5.761088186502457,
            5.362766933441162
        ]
    }
}