{
    "Federated": {
        "loss": [
            17.629432678222656,
            10.327433586120605,
            5.770834445953369,
            4.320686340332031,
            3.444845199584961,
            2.8879165649414062
        ],
        "val_loss": [
            10.939299583435059,
            6.204464912414551,
            5.522480010986328,
            4.887010097503662,
            4.449524879455566,
            4.2220778465271
        ],
        "loss_consensus_local": [
            30.916593551635742,
            17.08714485168457,
            10.465723037719727,
            7.112706661224365,
            5.473609924316406,
            4.597208023071289
        ],
        "loss_consensus_global": [
            30.916593551635742,
            17.08714485168457,
            10.465723037719727,
            7.112706661224365,
            5.473609924316406,
            4.597208023071289
        ]
    },
    "No Federated (Local)": {
        "loss": [
            17.595216751098633,
            6.9187211990356445,
            3.99821400642395,
            2.921854019165039,
            2.680164337158203,
            2.5790183544158936
        ],
        "val_loss": [
            10.837657928466797,
            6.92478084564209,
            4.993922710418701,
            4.353399276733398,
            4.189017295837402,
            4.097249507904053
        ]
    }
}