{
    "Federated": {
        "loss": [
            18.274890899658203,
            9.714338302612305,
            5.6132330894470215,
            3.895930051803589,
            3.1145243644714355,
            2.760941982269287
        ],
        "val_loss": [
            13.82143783569336,
            6.097174167633057,
            5.639599800109863,
            5.427590847015381,
            5.20868444442749,
            4.996697425842285
        ],
        "loss_consensus_local": [
            31.792781829833984,
            19.87782096862793,
            12.081450462341309,
            7.934171199798584,
            6.029877185821533,
            5.256479263305664
        ],
        "loss_consensus_global": [
            31.792781829833984,
            19.87782096862793,
            12.081450462341309,
            7.934171199798584,
            6.029877185821533,
            5.256479263305664
        ]
    },
    "No Federated (Local)": {
        "loss": [
            18.267742156982422,
            9.271678924560547,
            6.289745807647705,
            4.9420270919799805,
            4.227394104003906,
            3.8216381072998047
        ],
        "val_loss": [
            13.885760307312012,
            9.432474136352539,
            7.769742965698242,
            6.889497756958008,
            6.3577189445495605,
            6.068517208099365
        ]
    }
}