{
    "Federated": {
        "loss": [
            4.432673454284668,
            3.1742312908172607,
            2.1386940479278564,
            1.7509896755218506,
            1.6503310203552246,
            1.6267536878585815
        ],
        "val_loss": [
            14.768298149108887,
            13.955677032470703,
            10.47463607788086,
            8.103907585144043,
            6.9117584228515625,
            6.208954811096191
        ],
        "loss_consensus_local": [
            31.720136642456055,
            19.43747329711914,
            11.742335319519043,
            7.773111343383789,
            5.971773624420166,
            5.240828037261963
        ],
        "loss_consensus_global": [
            31.720136642456055,
            19.43747329711914,
            11.742335319519043,
            7.773111343383789,
            5.971773624420166,
            5.240828037261963
        ]
    },
    "No Federated (Local)": {
        "loss": [
            4.386978626251221,
            1.9125676155090332,
            1.7015138864517212,
            1.5900295972824097,
            1.5114420652389526,
            1.464005947113037
        ],
        "val_loss": [
            14.633820533752441,
            13.337015151977539,
            12.548364639282227,
            11.983918190002441,
            11.36528491973877,
            11.21094799041748
        ]
    }
}