{
    "Federated": {
        "loss": [
            39.524471282958984,
            26.543853759765625,
            22.449243545532227,
            18.227968215942383,
            15.53986644744873,
            13.966913223266602
        ],
        "val_loss": [
            29.617572784423828,
            14.420351028442383,
            13.736380577087402,
            12.365838050842285,
            11.343510627746582,
            10.738629341125488
        ],
        "loss_consensus_local": [
            49.96400833129883,
            37.80461883544922,
            25.81865692138672,
            18.63593101501465,
            14.919768333435059,
            13.068910598754883
        ],
        "loss_consensus_global": [
            26.24172592163086,
            18.535717010498047,
            11.333690643310547,
            7.338389873504639,
            5.392623424530029,
            4.785343170166016
        ]
    },
    "No Federated (Local)": {
        "loss": [
            39.521881103515625,
            31.267269134521484,
            27.317893981933594,
            24.447898864746094,
            22.31915855407715,
            20.746814727783203
        ],
        "val_loss": [
            29.65270233154297,
            25.189273834228516,
            22.290538787841797,
            20.058101654052734,
            18.538345336914062,
            17.381160736083984
        ]
    }
}