{
    "Federated": {
        "loss": [
            16.91915512084961,
            10.83187198638916,
            7.704097747802734,
            5.105406761169434,
            3.829284906387329,
            3.2531161308288574
        ],
        "val_loss": [
            9.270151138305664,
            4.0688982009887695,
            3.607414484024048,
            3.1260159015655518,
            2.8583757877349854,
            2.7080953121185303
        ],
        "loss_consensus_local": [
            22.146310806274414,
            14.962628364562988,
            8.588017463684082,
            5.1278791427612305,
            3.525705099105835,
            2.9235663414001465
        ],
        "loss_consensus_global": [
            26.26975440979004,
            18.535717010498047,
            11.333690643310547,
            7.338389873504639,
            5.392623424530029,
            4.785343170166016
        ]
    },
    "No Federated (Local)": {
        "loss": [
            16.859966278076172,
            9.024935722351074,
            6.158072471618652,
            4.484250068664551,
            3.554382562637329,
            3.052201986312866
        ],
        "val_loss": [
            9.214585304260254,
            5.894140243530273,
            4.2666916847229,
            3.3940346240997314,
            2.9280166625976562,
            2.6654648780822754
        ]
    }
}