{
    "Federated": {
        "loss": [
            19.90989875793457,
            12.621216773986816,
            8.775702476501465,
            5.482775688171387,
            4.29017972946167,
            3.6768577098846436
        ],
        "val_loss": [
            13.762163162231445,
            6.013648986816406,
            4.894367218017578,
            4.119846343994141,
            3.8471314907073975,
            3.633798599243164
        ],
        "loss_consensus_local": [
            25.338897705078125,
            18.959503173828125,
            9.839378356933594,
            6.064574718475342,
            4.43093204498291,
            3.8532469272613525
        ],
        "loss_consensus_global": [
            24.088233947753906,
            18.61469078063965,
            10.353742599487305,
            6.892014980316162,
            5.226717948913574,
            4.754776954650879
        ]
    },
    "No Federated (Local)": {
        "loss": [
            19.985958099365234,
            13.445037841796875,
            11.572540283203125,
            10.682576179504395,
            10.046161651611328,
            9.509843826293945
        ],
        "val_loss": [
            13.712121963500977,
            11.475885391235352,
            10.918112754821777,
            10.044257164001465,
            9.777176856994629,
            9.049827575683594
        ]
    }
}