{
    "Federated": {
        "loss": [
            19.463457107543945,
            12.569866299629211,
            11.33137708902359,
            9.413999617099762,
            8.100086331367493,
            7.042816638946533
        ],
        "val_loss": [
            12.102925837039948,
            6.442009508609772,
            6.825229108333588,
            5.833727598190308,
            5.137846678495407,
            4.696944326162338
        ],
        "loss_consensus_local": [
            31.187825441360474,
            20.796090483665466,
            15.124784231185913,
            12.001439929008484,
            10.21611213684082,
            9.062276244163513
        ],
        "loss_consensus_global": [
            31.329267024993896,
            19.70612096786499,
            14.100907325744629,
            11.477825403213501,
            9.895026206970215,
            8.80595874786377
        ]
    },
    "No Federated (Local)": {
        "loss": [
            19.477251052856445,
            11.319453239440918,
            7.926089406013489,
            5.996907085180283,
            4.933222711086273,
            4.40195232629776
        ],
        "val_loss": [
            12.033384025096893,
            8.169456601142883,
            6.095882415771484,
            4.957204043865204,
            4.411307781934738,
            4.085282325744629
        ]
    }
}