{
    "Federated": {
        "loss": [
            2.5,
            34.50728940963745,
            30.598442316055298,
            27.89505624771118,
            26.244314432144165,
            25.27886939048767
        ],
        "val_loss": [
            25.34711492061615,
            25.2643381357193,
            23.291892766952515,
            22.322215914726257,
            21.788034558296204,
            21.470961689949036
        ],
        "loss_consensus_local": [
            32.90278506278992,
            29.06219720840454,
            25.766671299934387,
            23.924886226654053,
            23.08398461341858,
            22.8155677318573
        ],
        "loss_consensus_global": [
            33.45215702056885,
            29.110586643218994,
            24.915852546691895,
            22.213064670562744,
            21.003400802612305,
            20.952409744262695
        ]
    },
    "No Federated (Local)": {
        "loss": [
            36.44499397277832,
            27.390511989593506,
            24.81740951538086,
            23.687523365020752,
            22.884725689888,
            22.111995577812195
        ],
        "val_loss": [
            25.35023820400238,
            1.0,
            21.802403211593628,
            20.820597171783447,
            19.9223952293396,
            19.164631009101868
        ]
    }
}