{
    "Federated": {
        "loss": [
            4.817184925079346,
            3.803475856781006,
            3.7562766075134277,
            3.7547523975372314,
            3.7712252140045166,
            3.861464262008667
        ],
        "val_loss": [
            2.4563279151916504,
            2.371896982192993,
            2.3951237201690674,
            2.4136760234832764,
            2.3990478515625,
            2.411670446395874
        ],
        "loss_consensus_local": [
            9.16893196105957,
            7.693525791168213,
            6.651040077209473,
            6.156424522399902,
            6.1092329025268555,
            6.286865711212158
        ],
        "loss_consensus_global": [
            29.347614288330078,
            27.360496520996094,
            25.76068115234375,
            24.711170196533203,
            24.159528732299805,
            23.89037322998047
        ]
    },
    "No Federated (Local)": {
        "loss": [
            4.820646286010742,
            2.039491891860962,
            1.746751308441162,
            1.613822340965271,
            1.5319901704788208,
            1.4807133674621582
        ],
        "val_loss": [
            2.4732325077056885,
            2.059730052947998,
            1.8979121446609497,
            1.8100095987319946,
            1.7656965255737305,
            1.7331215143203735
        ]
    }
}