{
    "Federated": {
        "loss": [
            19.68675422668457,
            15.424943923950195,
            13.868013381958008,
            12.597829818725586,
            11.666263580322266,
            10.909645080566406
        ],
        "val_loss": [
            13.002577781677246,
            11.500843048095703,
            10.71582317352295,
            10.028341293334961,
            9.412273406982422,
            9.010601997375488
        ],
        "loss_consensus_local": [
            22.047077178955078,
            17.614233016967773,
            14.585982322692871,
            12.713924407958984,
            11.507450103759766,
            10.651782035827637
        ],
        "loss_consensus_global": [
            21.070480346679688,
            16.589111328125,
            13.935155868530273,
            12.955894470214844,
            12.446407318115234,
            12.066874504089355
        ]
    },
    "No Federated (Local)": {
        "loss": [
            19.75092315673828,
            12.482735633850098,
            9.91018009185791,
            8.18659782409668,
            6.828945159912109,
            5.745602607727051
        ],
        "val_loss": [
            13.044763565063477,
            10.247859954833984,
            8.627392768859863,
            7.199792861938477,
            6.168493747711182,
            5.319974422454834
        ]
    }
}