{
    "centralized_global": {
        "loss": [
            18.230632781982422,
            13.941505432128906,
            12.416522026062012,
            11.527956008911133,
            10.877923965454102,
            10.33345890045166,
            9.871946334838867,
            9.483534812927246,
            9.159679412841797,
            8.895463943481445,
            8.686511993408203,
            8.520184516906738,
            8.389766693115234,
            8.280987739562988,
            8.19112491607666
        ],
        "val_loss": [
            36.425071716308594,
            32.200286865234375,
            29.758777618408203,
            28.041452407836914,
            26.661327362060547,
            25.758222579956055,
            24.871313095092773,
            24.079418182373047,
            23.347475051879883,
            22.830881118774414,
            22.36930274963379,
            21.95619773864746,
            21.706424713134766,
            21.367902755737305,
            21.15072250366211
        ]
    }
}