{
    "centralized_global": {
        "loss": [
            22.587797164916992,
            17.9267635345459,
            16.527292251586914,
            15.436797142028809,
            14.63534927368164,
            14.021505355834961,
            13.512340545654297,
            13.071507453918457,
            12.687152862548828,
            12.352727890014648,
            12.061505317687988,
            11.806199073791504,
            11.582566261291504,
            11.384766578674316,
            11.207698822021484,
            11.046882629394531,
            10.89841079711914,
            10.758079528808594,
            10.62511920928955,
            10.498003959655762,
            10.375102043151855,
            10.255833625793457,
            10.139872550964355,
            10.027137756347656,
            9.917397499084473
        ],
        "val_loss": [
            41.7090950012207,
            38.969337463378906,
            37.108543395996094,
            35.491580963134766,
            34.26588439941406,
            33.24590301513672,
            32.312950134277344,
            31.505901336669922,
            30.758974075317383,
            30.163251876831055,
            29.499467849731445,
            28.956951141357422,
            28.429216384887695,
            27.94523811340332,
            27.537015914916992,
            27.19272232055664,
            26.800823211669922,
            26.50025749206543,
            26.203899383544922,
            25.876502990722656,
            25.67045783996582,
            25.404964447021484,
            25.153860092163086,
            24.924514770507812,
            24.709436416625977
        ],
        "mse": [
            3873.304443359375,
            3456.206298828125,
            3187.648193359375,
            2950.623291015625,
            2774.108642578125,
            2630.4794921875,
            2500.7890625,
            2389.293212890625,
            2285.601318359375,
            2204.081787109375,
            2109.341552734375,
            2034.558837890625,
            1960.6427001953125,
            1892.12646484375,
            1835.533203125,
            1789.2591552734375,
            1734.03515625,
            1693.1068115234375,
            1652.7069091796875,
            1605.9296875,
            1580.5355224609375,
            1544.70361328125,
            1511.120361328125,
            1480.7125244140625,
            1453.068115234375
        ],
        "mae": [
            41.7090950012207,
            38.969337463378906,
            37.108543395996094,
            35.491580963134766,
            34.26588439941406,
            33.24590301513672,
            32.312950134277344,
            31.505901336669922,
            30.758974075317383,
            30.16324806213379,
            29.499467849731445,
            28.956951141357422,
            28.429216384887695,
            27.94523811340332,
            27.537015914916992,
            27.19272232055664,
            26.800823211669922,
            26.50025749206543,
            26.203899383544922,
            25.876502990722656,
            25.67045783996582,
            25.404964447021484,
            25.153860092163086,
            24.924514770507812,
            24.709436416625977
        ],
        "accuracy": [
            0.0,
            0.0,
            0.0,
            0.0,
            0.0,
            0.0,
            0.0,
            0.0,
            0.0,
            0.0,
            0.0,
            0.0,
            0.0,
            0.0,
            0.0,
            0.0,
            0.0,
            0.0,
            0.0,
            0.0,
            0.0,
            0.0,
            0.0,
            0.0,
            0.0
        ]
    }
}