{
    "centralized_global": {
        "loss": [
            22.83844757080078,
            17.98813819885254,
            16.76127052307129,
            15.857084274291992,
            15.16038990020752,
            14.567144393920898,
            14.028550148010254,
            13.538836479187012,
            13.104765892028809,
            12.72761344909668,
            12.407083511352539,
            12.135144233703613,
            11.89979362487793,
            11.69205093383789,
            11.504008293151855,
            11.33034896850586,
            11.168981552124023,
            11.016592025756836,
            10.871718406677246,
            10.73439884185791,
            10.60338306427002,
            10.479125022888184,
            10.360512733459473,
            10.246825218200684,
            10.138618469238281,
            10.036336898803711,
            9.938653945922852,
            9.84638500213623,
            9.758545875549316,
            9.675673484802246,
            9.598176002502441,
            9.52489948272705,
            9.456235885620117,
            9.392221450805664,
            9.332435607910156,
            9.277092933654785,
            9.225053787231445,
            9.176332473754883,
            9.131003379821777,
            9.08872127532959,
            9.050146102905273,
            9.013029098510742,
            8.978608131408691,
            8.945950508117676,
            8.915205001831055,
            8.885932922363281,
            8.857662200927734,
            8.831701278686523,
            8.806455612182617,
            8.78211784362793
        ],
        "val_loss": [
            41.851463317871094,
            39.082584381103516,
            37.49998092651367,
            36.1672248840332,
            35.056026458740234,
            34.166534423828125,
            33.28414535522461,
            32.47590255737305,
            31.782196044921875,
            31.073272705078125,
            30.54129409790039,
            29.981334686279297,
            29.465951919555664,
            29.04994773864746,
            28.662595748901367,
            28.28986167907715,
            28.008930206298828,
            27.695968627929688,
            27.37787437438965,
            27.12672996520996,
            26.896100997924805,
            26.648969650268555,
            26.45862579345703,
            26.242862701416016,
            26.04410743713379,
            25.84264373779297,
            25.650829315185547,
            25.53011131286621,
            25.34933853149414,
            25.179847717285156,
            24.983280181884766,
            24.826536178588867,
            24.71040153503418,
            24.595909118652344,
            24.44751739501953,
            24.320560455322266,
            24.213584899902344,
            24.101341247558594,
            24.015243530273438,
            23.904735565185547,
            23.80686378479004,
            23.719017028808594,
            23.640172958374023,
            23.60133171081543,
            23.47689437866211,
            23.409427642822266,
            23.352750778198242,
            23.31855010986328,
            23.24241065979004,
            23.166810989379883
        ],
        "mse": [
            3892.26025390625,
            3457.625244140625,
            3225.169189453125,
            3029.637451171875,
            2872.34765625,
            2753.854736328125,
            2638.012451171875,
            2532.740234375,
            2442.194091796875,
            2344.0634765625,
            2270.826904296875,
            2187.762939453125,
            2111.44091796875,
            2051.542724609375,
            1996.126220703125,
            1942.138427734375,
            1904.25390625,
            1860.5313720703125,
            1814.888916015625,
            1780.596435546875,
            1749.9149169921875,
            1715.00048828125,
            1690.4185791015625,
            1661.0482177734375,
            1634.4097900390625,
            1607.0435791015625,
            1580.6851806640625,
            1567.23388671875,
            1543.191162109375,
            1521.073974609375,
            1494.1546630859375,
            1473.361328125,
            1459.5238037109375,
            1444.7601318359375,
            1424.6640625,
            1407.7841796875,
            1393.8206787109375,
            1378.5126953125,
            1367.475830078125,
            1351.26611328125,
            1337.74072265625,
            1325.2950439453125,
            1314.056640625,
            1310.5528564453125,
            1289.85498046875,
            1281.0419921875,
            1273.7093505859375,
            1270.9425048828125,
            1259.670654296875,
            1247.9176025390625
        ],
        "mae": [
            41.851463317871094,
            39.082584381103516,
            37.49998092651367,
            36.1672248840332,
            35.056026458740234,
            34.166534423828125,
            33.28414535522461,
            32.47590255737305,
            31.782196044921875,
            31.073272705078125,
            30.54129409790039,
            29.981334686279297,
            29.465951919555664,
            29.04994773864746,
            28.662595748901367,
            28.28986167907715,
            28.008930206298828,
            27.695968627929688,
            27.37787437438965,
            27.12672996520996,
            26.896100997924805,
            26.648969650268555,
            26.45862579345703,
            26.242862701416016,
            26.04410743713379,
            25.84264373779297,
            25.650829315185547,
            25.53011131286621,
            25.34933853149414,
            25.179847717285156,
            24.983280181884766,
            24.826536178588867,
            24.71040153503418,
            24.595909118652344,
            24.44751739501953,
            24.320560455322266,
            24.213584899902344,
            24.101341247558594,
            24.015243530273438,
            23.904735565185547,
            23.80686378479004,
            23.719017028808594,
            23.640172958374023,
            23.60133171081543,
            23.47689437866211,
            23.409427642822266,
            23.352750778198242,
            23.31855010986328,
            23.24241065979004,
            23.166810989379883
        ],
        "accuracy": [
            0.0,
            0.0,
            0.0,
            0.0,
            0.0,
            0.0,
            0.0,
            0.0,
            0.0,
            0.0,
            0.0,
            0.0,
            0.0,
            0.0,
            0.0,
            0.0,
            0.0,
            0.0,
            0.0,
            0.0,
            0.0,
            0.0,
            0.0,
            0.0,
            0.0,
            0.0,
            0.0,
            0.0,
            0.0,
            0.0,
            0.0,
            0.0,
            0.0,
            0.0,
            0.0,
            0.0,
            0.0,
            0.0,
            0.0,
            0.0,
            0.0,
            0.0,
            0.0,
            0.0,
            0.0,
            0.0,
            0.0,
            0.0,
            0.0,
            0.0
        ]
    }
}