{
    "centralized_global": {
        "loss": [
            22.587797164916992,
            17.9267635345459,
            16.527292251586914,
            15.436797142028809,
            14.63534927368164,
            14.021505355834961,
            13.512340545654297,
            13.071507453918457,
            12.687152862548828,
            12.352727890014648,
            12.061505317687988,
            11.806199073791504,
            11.582566261291504,
            11.384766578674316,
            11.207698822021484,
            11.046882629394531,
            10.89841079711914,
            10.758079528808594,
            10.62511920928955,
            10.498003959655762,
            10.375102043151855,
            10.255833625793457,
            10.139872550964355,
            10.027137756347656,
            9.917397499084473
        ],
        "val_loss": [
            18.684406280517578,
            17.147178649902344,
            15.887142181396484,
            14.897504806518555,
            14.119261741638184,
            13.463693618774414,
            12.87817096710205,
            12.365791320800781,
            11.911019325256348,
            11.531039237976074,
            11.154313087463379,
            10.849239349365234,
            10.571013450622559,
            10.324239730834961,
            10.118927001953125,
            9.950825691223145,
            9.774685859680176,
            9.634026527404785,
            9.49828052520752,
            9.360721588134766,
            9.256265640258789,
            9.143699645996094,
            9.040491104125977,
            8.944904327392578,
            8.852861404418945
        ],
        "mse": [
            769.3130493164062,
            632.13134765625,
            545.7891845703125,
            476.0285949707031,
            426.6815490722656,
            388.193115234375,
            355.0224609375,
            327.7248840332031,
            303.8099365234375,
            285.8543701171875,
            266.6651611328125,
            252.3896026611328,
            239.2392120361328,
            227.84814453125,
            218.88731384277344,
            211.92648315429688,
            204.1258544921875,
            198.5286865234375,
            193.20169067382812,
            187.50926208496094,
            184.2007598876953,
            180.00697326660156,
            176.214111328125,
            172.8762969970703,
            169.86395263671875
        ],
        "mae": [
            18.684406280517578,
            17.147178649902344,
            15.887142181396484,
            14.897504806518555,
            14.119261741638184,
            13.463693618774414,
            12.87817096710205,
            12.365791320800781,
            11.911019325256348,
            11.531039237976074,
            11.154313087463379,
            10.849239349365234,
            10.571013450622559,
            10.324239730834961,
            10.118927001953125,
            9.950825691223145,
            9.774685859680176,
            9.634026527404785,
            9.49828052520752,
            9.360721588134766,
            9.256265640258789,
            9.143699645996094,
            9.040491104125977,
            8.944904327392578,
            8.852861404418945
        ],
        "accuracy": [
            0.06144067645072937,
            0.07203389704227448,
            0.07485875487327576,
            0.07485875487327576,
            0.07415254414081573,
            0.0692090392112732,
            0.06355932354927063,
            0.06214689090847969,
            0.06073446199297905,
            0.05932203307747841,
            0.05861581861972809,
            0.05861581861972809,
            0.05790960416197777,
            0.05790960416197777,
            0.05790960416197777,
            0.05720338970422745,
            0.05579096078872681,
            0.053672317415475845,
            0.053672317415475845,
            0.053672317415475845,
            0.054378531873226166,
            0.054378531873226166,
            0.054378531873226166,
            0.053672317415475845,
            0.051553674042224884
        ]
    }
}