{
    "centralized_global": {
        "loss": [
            18.230632781982422,
            13.941505432128906,
            12.416522026062012,
            11.527956008911133,
            10.877923965454102,
            10.33345890045166,
            9.871946334838867,
            9.483534812927246,
            9.159679412841797,
            8.895463943481445,
            8.686511993408203,
            8.520184516906738,
            8.389766693115234,
            8.280987739562988,
            8.19112491607666
        ],
        "val_loss": [
            15.386555671691895,
            12.733092308044434,
            11.24846363067627,
            10.329940795898438,
            9.643962860107422,
            9.177275657653809,
            8.79495906829834,
            8.466903686523438,
            8.20172119140625,
            8.013028144836426,
            7.887521743774414,
            7.799067974090576,
            7.723114490509033,
            7.679774284362793,
            7.631608963012695
        ]
    }
}