{
    "centralized_global": {
        "loss": [
            22.587797164916992,
            17.9267635345459,
            16.527292251586914,
            15.436797142028809,
            14.63534927368164,
            14.021505355834961,
            13.512340545654297,
            13.071507453918457,
            12.687152862548828,
            12.352727890014648,
            12.061505317687988,
            11.806199073791504,
            11.582566261291504,
            11.384766578674316,
            11.207698822021484,
            11.046882629394531,
            10.89841079711914,
            10.758079528808594,
            10.62511920928955,
            10.498003959655762,
            10.375102043151855,
            10.255833625793457,
            10.139872550964355,
            10.027137756347656,
            9.917397499084473
        ],
        "val_loss": [
            7.678523540496826,
            7.283435344696045,
            6.780488014221191,
            6.62998628616333,
            6.491674900054932,
            6.3618292808532715,
            6.2825093269348145,
            6.1785054206848145,
            6.112272262573242,
            5.99091100692749,
            6.018070697784424,
            5.986244201660156,
            6.010231018066406,
            6.047348976135254,
            6.048187255859375,
            6.016749858856201,
            6.063579559326172,
            6.038575649261475,
            6.024049282073975,
            6.062178134918213,
            5.974216461181641,
            5.960888385772705,
            5.942577362060547,
            5.913177490234375,
            5.873429775238037
        ],
        "mse": [
            94.99708557128906,
            89.63493347167969,
            81.45397186279297,
            80.48942565917969,
            79.38553619384766,
            77.91992950439453,
            76.8950424194336,
            75.43312072753906,
            74.7182846069336,
            72.83637237548828,
            73.94098663330078,
            73.83343505859375,
            74.69725036621094,
            75.74588775634766,
            75.90859985351562,
            75.2495346069336,
            76.31988525390625,
            75.76104736328125,
            75.4546127319336,
            76.38375091552734,
            74.38731384277344,
            74.10649871826172,
            73.68730926513672,
            72.98063659667969,
            71.9849853515625
        ],
        "mae": [
            7.678523540496826,
            7.283435344696045,
            6.780488014221191,
            6.62998628616333,
            6.491674900054932,
            6.3618292808532715,
            6.2825093269348145,
            6.1785054206848145,
            6.112272262573242,
            5.99091100692749,
            6.018070697784424,
            5.986244201660156,
            6.010231018066406,
            6.047348976135254,
            6.048187255859375,
            6.016749858856201,
            6.063579559326172,
            6.038575649261475,
            6.024049282073975,
            6.062178134918213,
            5.974216461181641,
            5.960888385772705,
            5.942577362060547,
            5.913177490234375,
            5.873429775238037
        ],
        "accuracy": [
            0.0451977401971817,
            0.053672317415475845,
            0.052966102957725525,
            0.052966102957725525,
            0.052966102957725525,
            0.050141241401433945,
            0.04731638357043266,
            0.04661016911268234,
            0.04731638357043266,
            0.04590395465493202,
            0.04802259802818298,
            0.048728812485933304,
            0.048728812485933304,
            0.048728812485933304,
            0.049435026943683624,
            0.048728812485933304,
            0.048728812485933304,
            0.04661016911268234,
            0.04590395465493202,
            0.0451977401971817,
            0.04590395465493202,
            0.04378531128168106,
            0.04307909682393074,
            0.04307909682393074,
            0.04237288236618042
        ]
    }
}