{
    "centralized_global": {
        "loss": [
            22.83844757080078,
            17.98813819885254,
            16.76127052307129,
            15.857084274291992,
            15.16038990020752,
            14.567144393920898,
            14.028550148010254,
            13.538836479187012,
            13.104765892028809,
            12.72761344909668,
            12.407083511352539,
            12.135144233703613,
            11.89979362487793,
            11.69205093383789,
            11.504008293151855,
            11.33034896850586,
            11.168981552124023,
            11.016592025756836,
            10.871718406677246,
            10.73439884185791,
            10.60338306427002,
            10.479125022888184,
            10.360512733459473,
            10.246825218200684,
            10.138618469238281,
            10.036336898803711,
            9.938653945922852,
            9.84638500213623,
            9.758545875549316,
            9.675673484802246,
            9.598176002502441,
            9.52489948272705,
            9.456235885620117,
            9.392221450805664,
            9.332435607910156,
            9.277092933654785,
            9.225053787231445,
            9.176332473754883,
            9.131003379821777,
            9.08872127532959,
            9.050146102905273,
            9.013029098510742,
            8.978608131408691,
            8.945950508117676,
            8.915205001831055,
            8.885932922363281,
            8.857662200927734,
            8.831701278686523,
            8.806455612182617,
            8.78211784362793
        ],
        "val_loss": [
            7.691163539886475,
            7.60051155090332,
            7.243322849273682,
            7.098901271820068,
            6.923429489135742,
            6.622468948364258,
            6.367175579071045,
            6.143843650817871,
            5.934290885925293,
            5.872971057891846,
            5.76402473449707,
            5.805583477020264,
            5.874615669250488,
            5.883529186248779,
            5.896181106567383,
            5.925861835479736,
            5.875243663787842,
            5.876175880432129,
            5.9014997482299805,
            5.868223190307617,
            5.823522090911865,
            5.817424297332764,
            5.759853839874268,
            5.738118648529053,
            5.709090709686279,
            5.691826343536377,
            5.678085803985596,
            5.595706939697266,
            5.579431056976318,
            5.558577060699463,
            5.570950031280518,
            5.5564866065979,
            5.505121231079102,
            5.468768119812012,
            5.466282844543457,
            5.449621200561523,
            5.422216892242432,
            5.408386707305908,
            5.372021198272705,
            5.375494003295898,
            5.363743305206299,
            5.352402687072754,
            5.335651874542236,
            5.273658752441406,
            5.325693607330322,
            5.303316116333008,
            5.275390625,
            5.220737457275391,
            5.224433898925781,
            5.238005638122559
        ],
        "mse": [
            95.80712890625,
            96.89372253417969,
            90.38681030273438,
            88.41817474365234,
            86.24002838134766,
            81.50860595703125,
            78.0176773071289,
            74.91816711425781,
            71.84517669677734,
            71.5316390991211,
            69.88017272949219,
            70.79168701171875,
            72.00386810302734,
            72.02317810058594,
            72.08582305908203,
            72.47969818115234,
            71.26499938964844,
            71.14469146728516,
            71.50234985351562,
            70.76959228515625,
            69.81387329101562,
            69.67012786865234,
            68.4023208618164,
            67.84545135498047,
            67.18806457519531,
            66.7659683227539,
            66.48849487304688,
            64.7974624633789,
            64.4234619140625,
            63.98320388793945,
            64.19703674316406,
            63.90873718261719,
            62.904666900634766,
            62.2746467590332,
            62.22529220581055,
            61.94046401977539,
            61.462677001953125,
            61.227603912353516,
            60.61936569213867,
            60.718788146972656,
            60.46052551269531,
            60.211727142333984,
            59.92046356201172,
            58.95462417602539,
            59.766178131103516,
            59.322601318359375,
            58.88878631591797,
            58.07231903076172,
            58.049259185791016,
            58.19287872314453
        ],
        "mae": [
            7.691163539886475,
            7.60051155090332,
            7.243321895599365,
            7.098901271820068,
            6.923429489135742,
            6.622468948364258,
            6.367175579071045,
            6.143843650817871,
            5.934290885925293,
            5.872971057891846,
            5.76402473449707,
            5.805583477020264,
            5.874615669250488,
            5.883529186248779,
            5.896181106567383,
            5.925861835479736,
            5.875243663787842,
            5.876175880432129,
            5.9014997482299805,
            5.868223190307617,
            5.823522090911865,
            5.817424297332764,
            5.759853839874268,
            5.738118648529053,
            5.709090709686279,
            5.691826343536377,
            5.678085803985596,
            5.595706939697266,
            5.579431056976318,
            5.558577060699463,
            5.570950031280518,
            5.5564866065979,
            5.505121231079102,
            5.468768119812012,
            5.466281890869141,
            5.449621200561523,
            5.422216892242432,
            5.408386707305908,
            5.372021198272705,
            5.375494003295898,
            5.363743305206299,
            5.352402687072754,
            5.335651874542236,
            5.273658752441406,
            5.325693607330322,
            5.303316116333008,
            5.275390625,
            5.220738410949707,
            5.224433898925781,
            5.238005638122559
        ],