{
    "centralized_global": {
        "loss": [
            22.83844757080078,
            17.98813819885254,
            16.76127052307129,
            15.857084274291992,
            15.16038990020752,
            14.567144393920898,
            14.028550148010254,
            13.538836479187012,
            13.104765892028809,
            12.72761344909668,
            12.407083511352539,
            12.135144233703613,
            11.89979362487793,
            11.69205093383789,
            11.504008293151855,
            11.33034896850586,
            11.168981552124023,
            11.016592025756836,
            10.871718406677246,
            10.73439884185791,
            10.60338306427002,
            10.479125022888184,
            10.360512733459473,
            10.246825218200684,
            10.138618469238281,
            10.036336898803711,
            9.938653945922852,
            9.84638500213623,
            9.758545875549316,
            9.675673484802246,
            9.598176002502441,
            9.52489948272705,
            9.456235885620117,
            9.392221450805664,
            9.332435607910156,
            9.277092933654785,
            9.225053787231445,
            9.176332473754883,
            9.131003379821777,
            9.08872127532959,
            9.050146102905273,
            9.013029098510742,
            8.978608131408691,
            8.945950508117676,
            8.915205001831055,
            8.885932922363281,
            8.857662200927734,
            8.831701278686523,
            8.806455612182617,
            8.78211784362793
        ],
        "val_loss": [
            22.557933807373047,
            20.648723602294922,
            19.470842361450195,
            18.548934936523438,
            17.766284942626953,
            17.088212966918945,
            16.417516708374023,
            15.807528495788574,
            15.295231819152832,
            14.812787055969238,
            14.468817710876465,
            14.127157211303711,
            13.820819854736328,
            13.580288887023926,
            13.36290454864502,
            13.15070915222168,
            12.998906135559082,
            12.830634117126465,
            12.65307331085205,
            12.519447326660156,
            12.399395942687988,
            12.272337913513184,
            12.175666809082031,
            12.063676834106445,
            11.9633207321167,
            11.860574722290039,
            11.768084526062012,
            11.707906723022461,
            11.620624542236328,
            11.542618751525879,
            11.45695686340332,
            11.390061378479004,
            11.336943626403809,
            11.288363456726074,
            11.226155281066895,
            11.171690940856934,
            11.126476287841797,
            11.082110404968262,
            11.044462203979492,
            11.006577491760254,
            10.967748641967773,
            10.933961868286133,
            10.90453052520752,
            10.879415512084961,
            10.854247093200684,
            10.828946113586426,
            10.807633399963379,
            10.785989761352539,
            10.766921997070312,
            10.75311279296875
        ],
        "mse": [
            1035.0928955078125,
            849.111572265625,
            753.1469116210938,
            676.925048828125,
            617.9707641601562,
            574.4533081054688,
            533.5145874023438,
            497.8316650390625,
            468.53814697265625,
            438.599609375,
            417.38519287109375,
            394.5688171386719,
            374.6980895996094,
            359.8750305175781,
            346.7096252441406,
            334.4256286621094,
            326.1289367675781,
            316.9422302246094,
            307.7287292480469,
            301.1248779296875,
            295.4119873046875,
            289.3093566894531,
            285.0848693847656,
            280.2760009765625,
            276.1658630371094,
            272.1481628417969,
            268.6566162109375,
            266.7991027832031,
            263.81707763671875,
            261.2706298828125,
            258.4881286621094,
            256.5191650390625,
            255.14710998535156,
            253.945068359375,
            252.4484405517578,
            251.32284545898438,
            250.43899536132812,
            249.62075805664062,
            248.99029541015625,
            248.4907989501953,
            247.9368438720703,
            247.4958038330078,
            247.2001495361328,
            246.82876586914062,
            246.96095275878906,
            246.6895751953125,
            246.51809692382812,
            246.17425537109375,
            246.19871520996094,
            246.3671417236328
        ],
        "mae": [
            22.557933807373047,
            20.648723602294922,
            19.470842361450195,
            18.548934936523438,
            17.766284942626953,
            17.088212966918945,
            16.417516708374023,
            15.807528495788574,
            15.295231819152832,
            14.812787055969238,
            14.468817710876465,
            14.127157211303711,
            13.820819854736328,
            13.580288887023926,
            13.36290454864502,
            13.15070915222168,
            12.998906135559082,
            12.830634117126465,
            12.65307331085205,
            12.519447326660156,
            12.399395942687988,
            12.272337913513184,
            12.175666809082031,
            12.063676834106445,
            11.9633207321167,
            11.860574722290039,
            11.768084526062012,
            11.707906723022461,
            11.620624542236328,
            11.542618751525879,
            11.45695686340332,
            11.390061378479004,
            11.336943626403809,
            11.288363456726074,
            11.226155281066895,
            11.171690940856934,
            11.126476287841797,
            11.082110404968262,
            11.044462203979492,
            11.006577491760254,
            10.967748641967773,
            10.933961868286133,
            10.90453052520752,
            10.879415512084961,
            10.854247093200684,
            10.828946113586426,
            10.807633399963379,
            10.785989761352539,
            10.766921997070312,
            10.75311279296875
        ],