{
    "centralized_global": {
        "loss": [
            21.126604080200195
        ],
        "val_loss": [
            15.54649829864502
        ]
    }
}