{
    "centralized_global": {
        "loss": [
            22.587797164916992,
            17.9267635345459,
            16.527292251586914,
            15.436797142028809,
            14.63534927368164,
            14.021505355834961,
            13.512340545654297,
            13.071507453918457,
            12.687152862548828,
            12.352727890014648,
            12.061505317687988,
            11.806199073791504,
            11.582566261291504,
            11.384766578674316,
            11.207698822021484,
            11.046882629394531,
            10.89841079711914,
            10.758079528808594,
            10.62511920928955,
            10.498003959655762,
            10.375102043151855,
            10.255833625793457,
            10.139872550964355,
            10.027137756347656,
            9.917397499084473
        ],
        "val_loss": [
            22.44243049621582,
            20.474103927612305,
            19.086055755615234,
            17.986162185668945,
            17.16086769104004,
            16.452999114990234,
            15.805745124816895,
            15.254032135009766,
            14.767447471618652,
            14.3905611038208,
            13.987737655639648,
            13.66973876953125,
            13.370439529418945,
            13.106237411499023,
            12.8917818069458,
            12.727348327636719,
            12.533061981201172,
            12.394765853881836,
            12.256394386291504,
            12.102893829345703,
            12.02191162109375,
            11.907012939453125,
            11.799561500549316,
            11.703380584716797,
            11.613439559936523
        ],
        "mse": [
            1026.6146240234375,
            848.7511596679688,
            739.9251708984375,
            650.3036499023438,
            587.2942504882812,
            538.41064453125,
            496.23297119140625,
            461.7763977050781,
            431.4567565917969,
            409.1583557128906,
            384.40753173828125,
            366.3336181640625,
            349.438720703125,
            334.7572021484375,
            323.407958984375,
            314.818603515625,
            304.7042236328125,
            297.8031921386719,
            291.16558837890625,
            283.7628479003906,
            280.09771728515625,
            274.88726806640625,
            270.2150573730469,
            266.18988037109375,
            262.64678955078125
        ],
        "mae": [
            22.44243049621582,
            20.474103927612305,
            19.086055755615234,
            17.986162185668945,
            17.16086769104004,
            16.452999114990234,
            15.805745124816895,
            15.254032135009766,
            14.767447471618652,
            14.3905611038208,
            13.987737655639648,
            13.66973876953125,
            13.370439529418945,
            13.106237411499023,
            12.8917818069458,
            12.727348327636719,
            12.533061981201172,
            12.394765853881836,
            12.256394386291504,
            12.102893829345703,
            12.02191162109375,
            11.907013893127441,
            11.799561500549316,
            11.703380584716797,
            11.613439559936523
        ],
        "accuracy": [
            0.04661016911268234,
            0.05579096078872681,
            0.05790960416197777,
            0.05790960416197777,
            0.05579096078872681,
            0.052259888499975204,
            0.052966102957725525,
            0.050141241401433945,
            0.050141241401433945,
            0.050141241401433945,
            0.04802259802818298,
            0.04661016911268234,
            0.04802259802818298,
            0.04661016911268234,
            0.0451977401971817,
            0.0451977401971817,
            0.04449152573943138,
            0.0451977401971817,
            0.04307909682393074,
            0.04307909682393074,
            0.04378531128168106,
            0.04307909682393074,
            0.04307909682393074,
            0.0416666679084301,
            0.04096045345067978
        ]
    }
}