{
    "centralized_global": {
        "loss": [
            22.83844757080078,
            17.98813819885254,
            16.76127052307129,
            15.857084274291992,
            15.16038990020752,
            14.567144393920898,
            14.028550148010254,
            13.538836479187012,
            13.104765892028809,
            12.72761344909668,
            12.407083511352539,
            12.135144233703613,
            11.89979362487793,
            11.69205093383789,
            11.504008293151855,
            11.33034896850586,
            11.168981552124023,
            11.016592025756836,
            10.871718406677246,
            10.73439884185791,
            10.60338306427002,
            10.479125022888184,
            10.360512733459473,
            10.246825218200684,
            10.138618469238281,
            10.036336898803711,
            9.938653945922852,
            9.84638500213623,
            9.758545875549316,
            9.675673484802246,
            9.598176002502441,
            9.52489948272705,
            9.456235885620117,
            9.392221450805664,
            9.332435607910156,
            9.277092933654785,
            9.225053787231445,
            9.176332473754883,
            9.131003379821777,
            9.08872127532959,
            9.050146102905273,
            9.013029098510742,
            8.978608131408691,
            8.945950508117676,
            8.915205001831055,
            8.885932922363281,
            8.857662200927734,
            8.831701278686523,
            8.806455612182617,
            8.78211784362793
        ],
        "val_loss": [
            15.051464080810547,
            13.538324356079102,
            12.546745300292969,
            11.81728458404541,
            11.232288360595703,
            10.726459503173828,
            10.243683815002441,
            9.814018249511719,
            9.460020065307617,
            9.162006378173828,
            8.954733848571777,
            8.801555633544922,
            8.68016529083252,
            8.583136558532715,
            8.496929168701172,
            8.413341522216797,
            8.332025527954102,
            8.259414672851562,
            8.201204299926758,
            8.146743774414062,
            8.092175483703613,
            8.055015563964844,
            8.004107475280762,
            7.974216461181641,
            7.950271129608154,
            7.941064834594727,
            7.9421067237854,
            7.891275405883789,
            7.897454738616943,
            7.905758857727051,
            7.953676223754883,
            7.97462797164917,
            7.953338146209717,
            7.948007106781006,
            7.982877254486084,
            8.001176834106445,
            8.003225326538086,
            8.020661354064941,
            8.009635925292969,
            8.045405387878418,
            8.061633110046387,
            8.0755033493042,
            8.082051277160645,
            8.027482986450195,
            8.124916076660156,
            8.121016502380371,
            8.107831954956055,
            8.0587797164917,
            8.085400581359863,
            8.122791290283203
        ],
        "mse": [
            444.42926025390625,
            350.5602111816406,
            303.6747741699219,
            269.9224853515625,
            245.24583435058594,
            227.063232421875,
            210.8267822265625,
            197.38027954101562,
            186.87948608398438,
            177.55467224121094,
            171.09445190429688,
            165.3800048828125,
            161.02468872070312,
            157.80331420898438,
            155.14149475097656,
            153.0015411376953,
            150.9940948486328,
            149.47125244140625,
            148.35166931152344,
            147.1516876220703,
            145.9857635498047,
            145.4333038330078,
            144.3280792236328,
            143.7484588623047,
            143.24884033203125,
            143.0186004638672,
            143.09307861328125,
            141.87701416015625,
            141.9409942626953,
            142.0127410888672,
            142.9239959716797,
            143.31959533691406,
            142.80690002441406,
            142.7206573486328,
            143.502685546875,
            143.97482299804688,
            144.1060333251953,
            144.61947631835938,
            144.4684295654297,
            145.5241241455078,
            146.00396728515625,
            146.42547607421875,
            146.75143432617188,
            145.5420684814453,
            148.16455078125,
            148.1033172607422,
            147.89907836914062,
            146.72637939453125,
            147.48158264160156,
            148.51922607421875
        ],
        "mae": [
            15.051464080810547,
            13.538324356079102,
            12.546745300292969,
            11.81728458404541,
            11.232288360595703,
            10.726459503173828,
            10.243683815002441,
            9.814018249511719,
            9.460020065307617,
            9.162006378173828,
            8.954733848571777,
            8.801555633544922,
            8.68016529083252,
            8.583136558532715,
            8.496929168701172,
            8.413341522216797,
            8.332025527954102,
            8.259414672851562,
            8.201204299926758,
            8.146743774414062,
            8.092175483703613,
            8.055015563964844,
            8.004107475280762,
            7.974216461181641,
            7.950271129608154,
            7.941064834594727,
            7.9421067237854,
            7.891275405883789,
            7.897454738616943,
            7.905758857727051,
            7.953676223754883,
            7.97462797164917,
            7.953338146209717,
            7.948007106781006,
            7.982877254486084,
            8.001176834106445,
            8.003225326538086,
            8.020661354064941,
            8.009635925292969,
            8.045405387878418,
            8.061633110046387,
            8.075502395629883,
            8.082051277160645,
            8.027482986450195,
            8.124916076660156,
            8.121016502380371,
            8.107831954956055,
            8.0587797164917,
            8.085400581359863,
            8.122791290283203
        ],