{
    "centralized_global": {
        "loss": [
            22.83844757080078,
            17.98813819885254,
            16.76127052307129,
            15.857084274291992,
            15.16038990020752,
            14.567144393920898,
            14.028550148010254,
            13.538836479187012,
            13.104765892028809,
            12.72761344909668,
            12.407083511352539,
            12.135144233703613,
            11.89979362487793,
            11.69205093383789,
            11.504008293151855,
            11.33034896850586,
            11.168981552124023,
            11.016592025756836,
            10.871718406677246,
            10.73439884185791,
            10.60338306427002,
            10.479125022888184,
            10.360512733459473,
            10.246825218200684,
            10.138618469238281,
            10.036336898803711,
            9.938653945922852,
            9.84638500213623,
            9.758545875549316,
            9.675673484802246,
            9.598176002502441,
            9.52489948272705,
            9.456235885620117,
            9.392221450805664,
            9.332435607910156,
            9.277092933654785,
            9.225053787231445,
            9.176332473754883,
            9.131003379821777,
            9.08872127532959,
            9.050146102905273,
            9.013029098510742,
            8.978608131408691,
            8.945950508117676,
            8.915205001831055,
            8.885932922363281,
            8.857662200927734,
            8.831701278686523,
            8.806455612182617,
            8.78211784362793
        ],
        "val_loss": [
            24.514320373535156,
            23.111637115478516,
            22.358518600463867,
            21.65058135986328,
            20.98385238647461,
            20.394081115722656,
            19.796428680419922,
            19.237882614135742,
            18.75152587890625,
            18.280744552612305,
            17.917743682861328,
            17.580720901489258,
            17.29715919494629,
            17.073299407958984,
            16.87347412109375,
            16.688129425048828,
            16.536813735961914,
            16.381206512451172,
            16.225072860717773,
            16.090072631835938,
            15.963053703308105,
            15.835857391357422,
            15.722600936889648,
            15.604704856872559,
            15.496947288513184,
            15.388971328735352,
            15.291851043701172,
            15.202521324157715,
            15.108955383300781,
            15.020185470581055,
            14.929720878601074,
            14.849519729614258,
            14.7705659866333,
            14.699749946594238,
            14.623676300048828,
            14.551461219787598,
            14.484857559204102,
            14.42176342010498,
            14.359201431274414,
            14.307655334472656,
            14.249911308288574,
            14.197352409362793,
            14.147285461425781,
            14.098197937011719,
            14.062846183776855,
            14.017616271972656,
            13.978653907775879,
            13.938091278076172,
            13.901138305664062,
            13.874061584472656
        ],
        "mse": [
            1437.484619140625,
            1237.1280517578125,
            1133.6256103515625,
            1048.304443359375,
            979.7249145507812,
            927.1173095703125,
            876.19287109375,
            830.6180419921875,
            792.1437377929688,
            752.2871704101562,
            722.8551635742188,
            691.0426025390625,
            662.5869750976562,
            640.4430541992188,
            620.2840576171875,
            601.09765625,
            587.3179931640625,
            572.127685546875,
            556.6903076171875,
            544.9558715820312,
            534.46484375,
            523.1783447265625,
            514.8132934570312,
            505.3485107421875,
            496.8741149902344,
            488.4140319824219,
            480.5938415527344,
            475.83770751953125,
            468.7644348144531,
            462.3388366699219,
            455.08367919921875,
            449.3916320800781,
            445.1623840332031,
            441.04437255859375,
            435.9202880859375,
            431.5753479003906,
            427.8963928222656,
            424.11236572265625,
            421.1222229003906,
            417.56085205078125,
            414.2900390625,
            411.33038330078125,
            408.6986083984375,
            407.237548828125,
            403.573486328125,
            401.369140625,
            399.57977294921875,
            398.38250732421875,
            396.12042236328125,
            393.97930908203125
        ],
        "mae": [
            24.514320373535156,
            23.111637115478516,
            22.358518600463867,
            21.65058135986328,
            20.98385238647461,
            20.394081115722656,
            19.796428680419922,
            19.237882614135742,
            18.75152587890625,
            18.280744552612305,
            17.917743682861328,
            17.580720901489258,
            17.29715919494629,
            17.073299407958984,
            16.87347412109375,
            16.688129425048828,
            16.536813735961914,
            16.381206512451172,
            16.225072860717773,
            16.090072631835938,
            15.963053703308105,
            15.835857391357422,
            15.722600936889648,
            15.604704856872559,
            15.496947288513184,
            15.388971328735352,
            15.291851043701172,
            15.202521324157715,
            15.108955383300781,
            15.020185470581055,
            14.929720878601074,
            14.849519729614258,
            14.7705659866333,
            14.699749946594238,
            14.623676300048828,
            14.551461219787598,
            14.484857559204102,
            14.42176342010498,
            14.359201431274414,
            14.307655334472656,
            14.249911308288574,
            14.197352409362793,
            14.147285461425781,
            14.098197937011719,
            14.062846183776855,
            14.017616271972656,
            13.978653907775879,
            13.938091278076172,
            13.901138305664062,
            13.874061584472656
        ],