{
    "centralized_global": {
        "loss": [
            22.587797164916992,
            17.9267635345459,
            16.527292251586914,
            15.436797142028809,
            14.63534927368164,
            14.021505355834961,
            13.512340545654297,
            13.071507453918457,
            12.687152862548828,
            12.352727890014648,
            12.061505317687988,
            11.806199073791504,
            11.582566261291504,
            11.384766578674316,
            11.207698822021484,
            11.046882629394531,
            10.89841079711914,
            10.758079528808594,
            10.62511920928955,
            10.498003959655762,
            10.375102043151855,
            10.255833625793457,
            10.139872550964355,
            10.027137756347656,
            9.917397499084473
        ],
        "val_loss": [
            24.31926155090332,
            22.85298728942871,
            21.930782318115234,
            21.09670066833496,
            20.414539337158203,
            19.812053680419922,
            19.236026763916016,
            18.70918083190918,
            18.21992301940918,
            17.807430267333984,
            17.411605834960938,
            17.093229293823242,
            16.804458618164062,
            16.55126190185547,
            16.333986282348633,
            16.151315689086914,
            15.96987247467041,
            15.816932678222656,
            15.671915054321289,
            15.528496742248535,
            15.407983779907227,
            15.284869194030762,
            15.166234016418457,
            15.054289817810059,
            14.944441795349121
        ],
        "mse": [
            1426.8236083984375,
            1235.009033203125,
            1116.87451171875,
            1016.10009765625,
            942.25537109375,
            882.2483520507812,
            828.3955688476562,
            782.6062622070312,
            741.017578125,
            708.7963256835938,
            673.1030883789062,
            645.5877075195312,
            619.390869140625,
            595.8923950195312,
            576.8048095703125,
            561.4515991210938,
            543.9305419921875,
            530.94775390625,
            518.38525390625,
            504.52227783203125,
            496.45269775390625,
            485.9072265625,
            476.1521301269531,
            467.388671875,
            459.38677978515625
        ],
        "mae": [
            24.31926155090332,
            22.85298728942871,
            21.930782318115234,
            21.09670066833496,
            20.414539337158203,
            19.812053680419922,
            19.236026763916016,
            18.70918083190918,
            18.21992301940918,
            17.807430267333984,
            17.411605834960938,
            17.093229293823242,
            16.804458618164062,
            16.55126190185547,
            16.333986282348633,
            16.151315689086914,
            15.96987247467041,
            15.816932678222656,
            15.671915054321289,
            15.528496742248535,
            15.407983779907227,
            15.284869194030762,
            15.166234016418457,
            15.054289817810059,
            14.944441795349121
        ],
        "accuracy": [
            0.18290960788726807,
            0.21045197546482086,
            0.21398304402828217,
            0.20762711763381958,
            0.20550847053527832,
            0.1977401077747345,
            0.18926553428173065,
            0.18502825498580933,
            0.1871468871831894,
            0.19209039211273193,
            0.1913841813802719,
            0.1913841813802719,
            0.18926553428173065,
            0.1871468871831894,
            0.18290960788726807,
            0.18149717152118683,
            0.17796610295772552,
            0.17443503439426422,
            0.17090395092964172,
            0.16949152946472168,
            0.16878530383110046,
            0.16807909309864044,
            0.16878530383110046,
            0.16807909309864044,
            0.16596044600009918
        ]
    }
}