{
    "centralized_global": {
        "loss": [
            22.587797164916992,
            17.9267635345459,
            16.527292251586914,
            15.436797142028809,
            14.63534927368164,
            14.021505355834961,
            13.512340545654297,
            13.071507453918457,
            12.687152862548828,
            12.352727890014648,
            12.061505317687988,
            11.806199073791504,
            11.582566261291504,
            11.384766578674316,
            11.207698822021484,
            11.046882629394531,
            10.89841079711914,
            10.758079528808594,
            10.62511920928955,
            10.498003959655762,
            10.375102043151855,
            10.255833625793457,
            10.139872550964355,
            10.027137756347656,
            9.917397499084473
        ],
        "val_loss": [
            8.275176048278809,
            7.716547966003418,
            6.93263578414917,
            6.552849769592285,
            6.251640796661377,
            6.032673358917236,
            5.892252445220947,
            5.771839141845703,
            5.7171101570129395,
            5.621765613555908,
            5.702875137329102,
            5.735018730163574,
            5.812453746795654,
            5.89091682434082,
            5.9262166023254395,
            5.929343223571777,
            5.992391586303711,
            5.989039897918701,
            5.985055923461914,
            6.023214817047119,
            5.952026844024658,
            5.9399542808532715,
            5.919897556304932,
            5.887317180633545,
            5.842960357666016
        ],
        "mse": [
            102.30573272705078,
            89.88426971435547,
            76.6689453125,
            72.10916137695312,
            69.25868225097656,
            67.4222412109375,
            66.81449890136719,
            66.15275573730469,
            66.36976623535156,
            65.47015380859375,
            67.45733642578125,
            68.19839477539062,
            69.8208999633789,
            71.55474853515625,
            72.34198760986328,
            72.26460266113281,
            73.78076934814453,
            73.66000366210938,
            73.70304870605469,
            74.89215850830078,
            73.22682189941406,
            73.16992950439453,
            72.94329071044922,
            72.42283630371094,
            71.61115264892578
        ],
        "mae": [
            8.275176048278809,
            7.716547966003418,
            6.93263578414917,
            6.552849769592285,
            6.251640796661377,
            6.032673358917236,
            5.892252445220947,
            5.771839141845703,
            5.7171101570129395,
            5.621765613555908,
            5.702875137329102,
            5.735018730163574,
            5.812453746795654,
            5.89091682434082,
            5.9262166023254395,
            5.929343223571777,
            5.992391586303711,
            5.989039897918701,
            5.985055923461914,
            6.023214817047119,
            5.952026844024658,
            5.9399542808532715,
            5.919897556304932,
            5.887317180633545,
            5.842959880828857
        ],
        "accuracy": [
            0.05861581861972809,
            0.06850282847881317,
            0.07415254414081573,
            0.07415254414081573,
            0.0727401152253151,
            0.06638418138027191,
            0.06497175246477127,
            0.06355932354927063,
            0.06285310536623001,
            0.06285310536623001,
            0.06002824753522873,
            0.05932203307747841,
            0.05579096078872681,
            0.05649717524647713,
            0.05579096078872681,
            0.055084746330976486,
            0.05579096078872681,
            0.05649717524647713,
            0.055084746330976486,
            0.055084746330976486,
            0.053672317415475845,
            0.051553674042224884,
            0.052259888499975204,
            0.052259888499975204,
            0.052259888499975204
        ]
    }
}