{
    "centralized_global": {
        "loss": [
            18.230632781982422,
            13.941505432128906,
            12.416522026062012,
            11.527956008911133,
            10.877923965454102,
            10.33345890045166,
            9.871946334838867,
            9.483534812927246,
            9.159679412841797,
            8.895463943481445,
            8.686511993408203,
            8.520184516906738,
            8.389766693115234,
            8.280987739562988,
            8.19112491607666
        ],
        "val_loss": [
            6.40831184387207,
            5.72733211517334,
            5.711425304412842,
            5.876140117645264,
            5.926479339599609,
            5.666772842407227,
            5.5453362464904785,
            5.445111274719238,
            5.424333572387695,
            5.3053741455078125,
            5.2491350173950195,
            5.245238780975342,
            5.141966342926025,
            5.168167591094971,
            5.129615783691406
        ]
    }
}