{
    "centralized_global": {
        "loss": [
            18.230632781982422,
            13.941505432128906,
            12.416522026062012,
            11.527956008911133,
            10.877923965454102,
            10.33345890045166,
            9.871946334838867,
            9.483534812927246,
            9.159679412841797,
            8.895463943481445,
            8.686511993408203,
            8.520184516906738,
            8.389766693115234,
            8.280987739562988,
            8.19112491607666
        ],
        "val_loss": [
            5.401050090789795,
            4.970794200897217,
            4.841629505157471,
            4.806710243225098,
            4.751621246337891,
            4.5081787109375,
            4.4038190841674805,
            4.330885887145996,
            4.319552421569824,
            4.2460784912109375,
            4.214036464691162,
            4.214479446411133,
            4.1670637130737305,
            4.195380687713623,
            4.181187152862549
        ]
    }
}