{
    "centralized_global": {
        "loss": [
            22.83844757080078,
            17.98813819885254,
            16.76127052307129,
            15.857084274291992,
            15.16038990020752,
            14.567144393920898,
            14.028550148010254,
            13.538836479187012,
            13.104765892028809,
            12.72761344909668,
            12.407083511352539,
            12.135144233703613,
            11.89979362487793,
            11.69205093383789,
            11.504008293151855,
            11.33034896850586,
            11.168981552124023,
            11.016592025756836,
            10.871718406677246,
            10.73439884185791,
            10.60338306427002,
            10.479125022888184,
            10.360512733459473,
            10.246825218200684,
            10.138618469238281,
            10.036336898803711,
            9.938653945922852,
            9.84638500213623,
            9.758545875549316,
            9.675673484802246,
            9.598176002502441,
            9.52489948272705,
            9.456235885620117,
            9.392221450805664,
            9.332435607910156,
            9.277092933654785,
            9.225053787231445,
            9.176332473754883,
            9.131003379821777,
            9.08872127532959,
            9.050146102905273,
            9.013029098510742,
            8.978608131408691,
            8.945950508117676,
            8.915205001831055,
            8.885932922363281,
            8.857662200927734,
            8.831701278686523,
            8.806455612182617,
            8.78211784362793
        ],
        "val_loss": [
            7.052280426025391,
            6.881247520446777,
            6.259347915649414,
            5.9800004959106445,
            5.772615909576416,
            5.451666355133057,
            5.195288181304932,
            4.965677261352539,
            4.744137287139893,
            4.66831111907959,
            4.551670074462891,
            4.558664321899414,
            4.580400466918945,
            4.554576396942139,
            4.532182216644287,
            4.519021034240723,
            4.450164794921875,
            4.417954444885254,
            4.404231548309326,
            4.3527703285217285,
            4.295261859893799,
            4.26312255859375,
            4.198441028594971,
            4.159168243408203,
            4.116501808166504,
            4.08309268951416,
            4.049973964691162,
            3.977536678314209,
            3.9494025707244873,
            3.9196014404296875,
            3.9149186611175537,
            3.893401861190796,
            3.852386713027954,
            3.8190810680389404,
            3.8098199367523193,
            3.793862819671631,
            3.7723426818847656,
            3.7597179412841797,
            3.735964059829712,
            3.730375289916992,
            3.7226197719573975,
            3.714256763458252,
            3.702146291732788,
            3.6667659282684326,
            3.6905224323272705,
            3.6791932582855225,
            3.6607742309570312,
            3.6314187049865723,
            3.631985664367676,
            3.6387267112731934
        ],
        "mse": [
            76.66720581054688,
            76.95094299316406,
            66.30103302001953,
            62.22689437866211,
            59.246158599853516,
            54.637027740478516,
            51.548492431640625,
            48.86819076538086,
            46.15120315551758,
            45.691802978515625,
            44.079742431640625,
            44.427330017089844,
            44.93092727661133,
            44.53278732299805,
            44.155147552490234,
            43.982242584228516,
            42.75066375732422,
            42.23438262939453,
            42.00989532470703,
            41.11629104614258,
            40.113773345947266,
            39.609195709228516,
            38.476070404052734,
            37.77293395996094,
            37.045196533203125,
            36.466304779052734,
            35.99244689941406,
            34.8345947265625,
            34.3620719909668,
            33.883060455322266,
            33.73725509643555,
            33.378150939941406,
            32.70861053466797,
            32.249942779541016,
            32.06083679199219,
            31.793344497680664,
            31.45874786376953,
            31.24505043029785,
            30.898006439208984,
            30.850011825561523,
            30.65973472595215,
            30.487497329711914,
            30.31060218811035,
            29.900806427001953,
            30.150508880615234,
            29.935009002685547,
            29.726606369018555,
            29.408437728881836,
            29.35826873779297,
            29.378982543945312
        ],
        "mae": [
            7.052280426025391,
            6.881247520446777,
            6.259347915649414,
            5.9800004959106445,
            5.772615909576416,
            5.451666355133057,
            5.195288181304932,
            4.965677261352539,
            4.744137287139893,
            4.66831111907959,
            4.551670074462891,
            4.558664321899414,
            4.580400466918945,
            4.554576396942139,
            4.532182216644287,
            4.519021034240723,
            4.450164794921875,
            4.417954444885254,
            4.404231548309326,
            4.3527703285217285,
            4.295261859893799,
            4.26312255859375,
            4.198441028594971,
            4.159168243408203,
            4.116501808166504,
            4.08309268951416,
            4.049973964691162,
            3.977536678314209,
            3.9494025707244873,
            3.9196014404296875,
            3.9149186611175537,
            3.893401861190796,
            3.852386713027954,
            3.8190810680389404,
            3.8098199367523193,
            3.793862819671631,
            3.7723426818847656,
            3.7597179412841797,
            3.735964059829712,
            3.730375289916992,
            3.7226197719573975,
            3.714256763458252,
            3.702146291732788,
            3.6667659282684326,
            3.6905224323272705,
            3.6791932582855225,
            3.6607742309570312,
            3.6314187049865723,
            3.631985664367676,
            3.6387267112731934
        ],