{
    "centralized_global": {
        "loss": [
            22.587797164916992,
            17.9267635345459,
            16.527292251586914,
            15.436797142028809,
            14.63534927368164,
            14.021505355834961,
            13.512340545654297,
            13.071507453918457,
            12.687152862548828,
            12.352727890014648,
            12.061505317687988,
            11.806199073791504,
            11.582566261291504,
            11.384766578674316,
            11.207698822021484,
            11.046882629394531,
            10.89841079711914,
            10.758079528808594,
            10.62511920928955,
            10.498003959655762,
            10.375102043151855,
            10.255833625793457,
            10.139872550964355,
            10.027137756347656,
            9.917397499084473
        ],
        "val_loss": [
            7.200241565704346,
            6.662627220153809,
            5.861016273498535,
            5.545382976531982,
            5.3169965744018555,
            5.1572184562683105,
            5.038913726806641,
            4.9101643562316895,
            4.827732086181641,
            4.695449352264404,
            4.689687252044678,
            4.641060829162598,
            4.6339616775512695,
            4.639665126800537,
            4.620677471160889,
            4.579505920410156,
            4.591424942016602,
            4.555370807647705,
            4.52678918838501,
            4.531009197235107,
            4.457038879394531,
            4.4283599853515625,
            4.395444393157959,
            4.357242107391357,
            4.3146562576293945
        ],
        "mse": [
            78.29708099365234,
            71.75758361816406,
            59.074371337890625,
            55.19976043701172,
            52.47418975830078,
            50.422119140625,
            49.239105224609375,
            47.8429069519043,
            47.114009857177734,
            45.484130859375,
            46.112911224365234,
            45.795249938964844,
            46.143978118896484,
            46.57865905761719,
            46.39873504638672,
            45.693511962890625,
            46.045902252197266,
            45.38299560546875,
            44.85939025878906,
            45.05593490600586,
            43.54781723022461,
            43.03436279296875,
            42.44702911376953,
            41.713348388671875,
            40.84123229980469
        ],
        "mae": [
            7.200241565704346,
            6.662627220153809,
            5.861016273498535,
            5.545382976531982,
            5.3169965744018555,
            5.1572184562683105,
            5.038913726806641,
            4.9101643562316895,
            4.827732086181641,
            4.695449352264404,
            4.689687252044678,
            4.641060829162598,
            4.6339616775512695,
            4.639665126800537,
            4.620677471160889,
            4.579505920410156,
            4.591424942016602,
            4.555370807647705,
            4.52678918838501,
            4.531009197235107,
            4.457038879394531,
            4.4283599853515625,
            4.395444393157959,
            4.357242107391357,
            4.3146562576293945
        ],
        "accuracy": [
            0.03672316297888756,
            0.04378531128168106,
            0.04731638357043266,
            0.04731638357043266,
            0.04661016911268234,
            0.04096045345067978,
            0.03672316297888756,
            0.033192090690135956,
            0.031073445454239845,
            0.031073445454239845,
            0.031073445454239845,
            0.031073445454239845,
            0.031779661774635315,
            0.032485876232385635,
            0.031779661774635315,
            0.033192090690135956,
            0.033192090690135956,
            0.031073445454239845,
            0.028954802080988884,
            0.029661016538739204,
            0.030367230996489525,
            0.030367230996489525,
            0.031073445454239845,
            0.028954802080988884,
            0.028248587623238564
        ]
    }
}