{
    "centralized_global": {
        "loss": [
            22.83844757080078,
            17.98813819885254,
            16.76127052307129,
            15.857084274291992,
            15.16038990020752,
            14.567144393920898,
            14.028550148010254,
            13.538836479187012,
            13.104765892028809,
            12.72761344909668,
            12.407083511352539,
            12.135144233703613,
            11.89979362487793,
            11.69205093383789,
            11.504008293151855,
            11.33034896850586,
            11.168981552124023,
            11.016592025756836,
            10.871718406677246,
            10.73439884185791,
            10.60338306427002,
            10.479125022888184,
            10.360512733459473,
            10.246825218200684,
            10.138618469238281,
            10.036336898803711,
            9.938653945922852,
            9.84638500213623,
            9.758545875549316,
            9.675673484802246,
            9.598176002502441,
            9.52489948272705,
            9.456235885620117,
            9.392221450805664,
            9.332435607910156,
            9.277092933654785,
            9.225053787231445,
            9.176332473754883,
            9.131003379821777,
            9.08872127532959,
            9.050146102905273,
            9.013029098510742,
            8.978608131408691,
            8.945950508117676,
            8.915205001831055,
            8.885932922363281,
            8.857662200927734,
            8.831701278686523,
            8.806455612182617,
            8.78211784362793
        ],
        "val_loss": [
            9.035344123840332,
            8.624417304992676,
            8.21912956237793,
            7.996246814727783,
            7.805806636810303,
            7.529300212860107,
            7.3091721534729,
            7.114262580871582,
            6.9333367347717285,
            6.92326545715332,
            6.850863933563232,
            6.956720352172852,
            7.1051344871521,
            7.172379970550537,
            7.237425327301025,
            7.323050498962402,
            7.286214351654053,
            7.322702407836914,
            7.394329071044922,
            7.375958442687988,
            7.339371204376221,
            7.36052942276001,
            7.2959465980529785,
            7.2880473136901855,
            7.26776647567749,
            7.267385482788086,
            7.271218299865723,
            7.157186508178711,
            7.152048587799072,
            7.139552593231201,
            7.1829833984375,
            7.178150177001953,
            7.110438346862793,
            7.067759990692139,
            7.080603122711182,
            7.069991111755371,
            7.040872097015381,
            7.031991958618164,
            6.987694263458252,
            7.003427505493164,
            6.994995594024658,
            6.985016345977783,
            6.966590881347656,
            6.876882076263428,
            6.966614723205566,
            6.9369378089904785,
            6.8987908363342285,
            6.818223476409912,
            6.827279567718506,
            6.848461151123047
        ],
        "mse": [
            124.8254623413086,
            117.18457794189453,
            110.90596008300781,
            109.08541107177734,
            107.37163543701172,
            103.293212890625,
            100.52043914794922,
            98.28144073486328,
            96.1039810180664,
            97.04912567138672,
            96.29644775390625,
            98.5891342163086,
            101.23556518554688,
            102.22107696533203,
            103.19535827636719,
            104.59896850585938,
            103.6114501953125,
            104.17285919189453,
            105.46116638183594,
            105.04564666748047,
            104.24606323242188,
            104.66168975830078,
            103.2818374633789,
            103.02392578125,
            102.5465087890625,
            102.43677520751953,
            102.49176788330078,
            100.15444946289062,
            100.02576446533203,
            99.74602508544922,
            100.5826416015625,
            100.49819946289062,
            99.15209197998047,
            98.35848236083984,
            98.62612915039062,
            98.43878936767578,
            97.8672866821289,
            97.71128845214844,
            96.85408020019531,
            97.23338317871094,
            97.02455139160156,
            96.79106903076172,
            96.44859313964844,
            94.79512023925781,
            96.48956298828125,
            95.85482025146484,
            95.16786193847656,
            93.72962951660156,
            93.84068298339844,
            94.21192932128906
        ],
        "mae": [
            9.035344123840332,
            8.624417304992676,
            8.21912956237793,
            7.996246814727783,
            7.805806636810303,
            7.529300212860107,
            7.3091721534729,
            7.114262580871582,
            6.9333367347717285,
            6.92326545715332,
            6.850863933563232,
            6.956720352172852,
            7.1051344871521,
            7.172379970550537,
            7.237425327301025,
            7.323050498962402,
            7.286214351654053,
            7.322702407836914,
            7.394329071044922,
            7.375958442687988,
            7.339371204376221,
            7.36052942276001,
            7.2959465980529785,
            7.2880473136901855,
            7.26776647567749,
            7.267385482788086,
            7.271218299865723,
            7.157186508178711,
            7.152048587799072,
            7.139552593231201,
            7.1829833984375,
            7.178150177001953,
            7.110438346862793,
            7.067759990692139,
            7.080603122711182,
            7.069991111755371,
            7.040872097015381,
            7.031991958618164,
            6.987694263458252,
            7.003427505493164,
            6.994995594024658,
            6.985016345977783,
            6.966590881347656,
            6.876882076263428,
            6.966614723205566,
            6.9369378089904785,
            6.8987908363342285,
            6.818223476409912,
            6.827279567718506,
            6.848461151123047
        ],
        "accuracy": [
            0.0,
            0.0,
            0.0,
            0.0,
            0.0,
            0.0,
            0.0,
            0.0,
            0.0,
            0.0,
            0.0,
            0.0,
            0.0,
            0.0,
            0.0,
            0.0,
            0.0,
            0.0,
            0.0,
            0.0,
            0.0,
            0.0,
            0.0,
            0.0,
            0.0,
            0.0,
            0.0,
            0.0,
            0.0,
            0.0,
            0.0,
            0.0,
            0.0,
            0.0,
            0.0,
            0.0,
            0.0,
            0.0,
            0.0,
            0.0,
            0.0,
            0.0,
            0.0,
            0.0,
            0.0,
            0.0,
            0.0,
            0.0,
            0.0,
            0.0
        ]
    }
}