{
    "centralized_global": {
        "loss": [
            18.230632781982422,
            13.941505432128906,
            12.416522026062012,
            11.527956008911133,
            10.877923965454102,
            10.33345890045166,
            9.871946334838867,
            9.483534812927246,
            9.159679412841797,
            8.895463943481445,
            8.686511993408203,
            8.520184516906738,
            8.389766693115234,
            8.280987739562988,
            8.19112491607666
        ],
        "val_loss": [
            4.6352152824401855,
            4.085860729217529,
            4.065622806549072,
            4.081389427185059,
            4.04944372177124,
            3.847681999206543,
            3.7503788471221924,
            3.687497854232788,
            3.6919167041778564,
            3.6000380516052246,
            3.5571846961975098,
            3.5478663444519043,
            3.4371488094329834,
            3.48405385017395,
            3.4362144470214844
        ]
    }
}