{
    "centralized_global": {
        "loss": [
            22.83844757080078,
            17.98813819885254,
            16.76127052307129,
            15.857084274291992,
            15.16038990020752,
            14.567144393920898,
            14.028550148010254,
            13.538836479187012,
            13.104765892028809,
            12.72761344909668,
            12.407083511352539,
            12.135144233703613,
            11.89979362487793,
            11.69205093383789,
            11.504008293151855,
            11.33034896850586,
            11.168981552124023,
            11.016592025756836,
            10.871718406677246,
            10.73439884185791,
            10.60338306427002,
            10.479125022888184,
            10.360512733459473,
            10.246825218200684,
            10.138618469238281,
            10.036336898803711,
            9.938653945922852,
            9.84638500213623,
            9.758545875549316,
            9.675673484802246,
            9.598176002502441,
            9.52489948272705,
            9.456235885620117,
            9.392221450805664,
            9.332435607910156,
            9.277092933654785,
            9.225053787231445,
            9.176332473754883,
            9.131003379821777,
            9.08872127532959,
            9.050146102905273,
            9.013029098510742,
            8.978608131408691,
            8.945950508117676,
            8.915205001831055,
            8.885932922363281,
            8.857662200927734,
            8.831701278686523,
            8.806455612182617,
            8.78211784362793
        ],
        "val_loss": [
            7.133277893066406,
            6.491432189941406,
            5.533859729766846,
            5.071533679962158,
            4.770247936248779,
            4.445271968841553,
            4.183374881744385,
            3.9607558250427246,
            3.7698686122894287,
            3.726851224899292,
            3.658574104309082,
            3.6847100257873535,
            3.7237038612365723,
            3.731266975402832,
            3.7350454330444336,
            3.7394473552703857,
            3.703408718109131,
            3.6845951080322266,
            3.6735622882843018,
            3.633284568786621,
            3.585344076156616,
            3.554666757583618,
            3.4993131160736084,
            3.4647116661071777,
            3.425870895385742,
            3.394868850708008,
            3.361845016479492,
            3.296041250228882,
            3.2661807537078857,
            3.235642910003662,
            3.229390859603882,
            3.2067646980285645,
            3.1625306606292725,
            3.1232171058654785,
            3.114380121231079,
            3.097583532333374,
            3.0727791786193848,
            3.0602786540985107,
            3.03200626373291,
            3.029151678085327,
            3.02590274810791,
            3.0232181549072266,
            3.0121235847473145,
            2.9655113220214844,
            3.0111255645751953,
            3.0035996437072754,
            2.9830808639526367,
            2.9419896602630615,
            2.9511256217956543,
            2.967989921569824
        ],
        "mse": [
            74.39114379882812,
            67.7425308227539,
            53.877994537353516,
            48.173728942871094,
            44.6418342590332,
            40.408226013183594,
            37.589012145996094,
            35.289493560791016,
            33.13290023803711,
            32.760833740234375,
            31.648523330688477,
            32.006710052490234,
            32.495323181152344,
            32.34885025024414,
            32.191837310791016,
            32.151309967041016,
            31.33432388305664,
            30.998458862304688,
            30.857879638671875,
            30.2071590423584,
            29.453784942626953,
            29.06319236755371,
            28.169132232666016,
            27.606178283691406,
            27.011795043945312,
            26.539194107055664,
            26.132312774658203,
            25.130525588989258,
            24.722747802734375,
            24.301097869873047,
            24.195249557495117,
            23.881866455078125,
            23.268836975097656,
            22.820735931396484,
            22.66673469543457,
            22.4224796295166,
            22.099885940551758,
            21.902673721313477,
            21.55459213256836,
            21.50668716430664,
            21.35055160522461,
            21.209674835205078,
            21.03790283203125,
            20.5726318359375,
            20.905981063842773,
            20.715421676635742,
            20.494447708129883,
            20.116987228393555,
            20.106443405151367,
            20.185720443725586
        ],
        "mae": [
            7.133277893066406,
            6.491432189941406,
            5.533859729766846,
            5.071533679962158,
            4.770247936248779,
            4.445271968841553,
            4.183374881744385,
            3.9607558250427246,
            3.7698686122894287,
            3.726851224899292,
            3.658574104309082,
            3.6847100257873535,
            3.7237038612365723,
            3.731266975402832,
            3.7350454330444336,
            3.7394473552703857,
            3.703408718109131,
            3.6845951080322266,
            3.6735622882843018,
            3.633284568786621,
            3.585344076156616,
            3.554666757583618,
            3.4993131160736084,
            3.464712142944336,
            3.425870895385742,
            3.394868850708008,
            3.361845016479492,
            3.296041250228882,
            3.2661807537078857,
            3.235642910003662,
            3.229390859603882,
            3.2067646980285645,
            3.1625306606292725,
            3.1232171058654785,
            3.114380121231079,
            3.097583532333374,
            3.0727791786193848,
            3.0602786540985107,
            3.03200626373291,
            3.029151678085327,
            3.02590274810791,
            3.0232181549072266,
            3.0121235847473145,
            2.9655113220214844,
            3.0111255645751953,
            3.0035996437072754,
            2.9830808639526367,
            2.9419896602630615,
            2.9511256217956543,
            2.967989921569824
        ],