{
    "centralized_global": {
        "loss": [
            22.83844757080078,
            17.98813819885254,
            16.76127052307129,
            15.857084274291992,
            15.16038990020752,
            14.567144393920898,
            14.028550148010254,
            13.538836479187012,
            13.104765892028809,
            12.72761344909668,
            12.407083511352539,
            12.135144233703613,
            11.89979362487793,
            11.69205093383789,
            11.504008293151855,
            11.33034896850586,
            11.168981552124023,
            11.016592025756836,
            10.871718406677246,
            10.73439884185791,
            10.60338306427002,
            10.479125022888184,
            10.360512733459473,
            10.246825218200684,
            10.138618469238281,
            10.036336898803711,
            9.938653945922852,
            9.84638500213623,
            9.758545875549316,
            9.675673484802246,
            9.598176002502441,
            9.52489948272705,
            9.456235885620117,
            9.392221450805664,
            9.332435607910156,
            9.277092933654785,
            9.225053787231445,
            9.176332473754883,
            9.131003379821777,
            9.08872127532959,
            9.050146102905273,
            9.013029098510742,
            8.978608131408691,
            8.945950508117676,
            8.915205001831055,
            8.885932922363281,
            8.857662200927734,
            8.831701278686523,
            8.806455612182617,
            8.78211784362793
        ],
        "val_loss": [
            14.325933456420898,
            13.08192253112793,
            12.109797477722168,
            11.438892364501953,
            10.901572227478027,
            10.396491050720215,
            9.944816589355469,
            9.549378395080566,
            9.209405899047852,
            8.948689460754395,
            8.727924346923828,
            8.570947647094727,
            8.453848838806152,
            8.35560417175293,
            8.263620376586914,
            8.18716049194336,
            8.099441528320312,
            8.028288841247559,
            7.963028430938721,
            7.8885016441345215,
            7.811957836151123,
            7.754300594329834,
            7.676357269287109,
            7.613483905792236,
            7.5529465675354,
            7.502126693725586,
            7.462090015411377,
            7.388053894042969,
            7.3497209548950195,
            7.314910888671875,
            7.305079460144043,
            7.279219150543213,
            7.231978893280029,
            7.19646692276001,
            7.189285755157471,
            7.174088954925537,
            7.150982856750488,
            7.142862796783447,
            7.1169304847717285,
            7.126577854156494,
            7.126481533050537,
            7.1269850730896,
            7.1234259605407715,
            7.068920135498047,
            7.144784450531006,
            7.136396884918213,
            7.11784553527832,
            7.064412593841553,
            7.084348678588867,
            7.115790367126465
        ],
        "mse": [
            397.77459716796875,
            320.9984436035156,
            278.6977844238281,
            248.6603546142578,
            226.36061096191406,
            209.01739501953125,
            193.6826629638672,
            180.7366485595703,
            170.2613067626953,
            161.34091186523438,
            154.635498046875,
            149.04159545898438,
            144.65061950683594,
            141.0894012451172,
            138.0260009765625,
            135.4583740234375,
            132.89585876464844,
            130.87860107421875,
            129.22738647460938,
            127.49483489990234,
            125.80266571044922,
            124.7226791381836,
            123.13021087646484,
            122.01271057128906,
            121.00669860839844,
            120.24591827392578,
            119.8119125366211,
            118.26741027832031,
            117.82756042480469,
            117.41928100585938,
            117.73303985595703,
            117.65229034423828,
            116.81373596191406,
            116.40242004394531,
            116.70089721679688,
            116.76883697509766,
            116.57886505126953,
            116.73121643066406,
            116.34599304199219,
            117.00999450683594,
            117.16284942626953,
            117.3007583618164,
            117.38433837890625,
            116.23889923095703,
            118.25225067138672,
            118.04487609863281,
            117.77464294433594,
            116.72138977050781,
            117.23179626464844,
            118.01698303222656
        ],
        "mae": [
            14.325933456420898,
            13.08192253112793,
            12.109798431396484,
            11.438892364501953,
            10.901572227478027,
            10.396491050720215,
            9.944816589355469,
            9.549378395080566,
            9.209405899047852,
            8.948691368103027,
            8.727924346923828,
            8.570947647094727,
            8.453848838806152,
            8.35560417175293,
            8.263620376586914,
            8.18716049194336,
            8.099441528320312,
            8.028288841247559,
            7.963028430938721,
            7.8885016441345215,
            7.811957836151123,
            7.754300594329834,
            7.676357269287109,
            7.613483905792236,
            7.5529465675354,
            7.502126693725586,
            7.462090015411377,
            7.388053894042969,
            7.3497209548950195,
            7.314910888671875,
            7.305079460144043,
            7.279220104217529,
            7.231978893280029,
            7.19646692276001,
            7.189285755157471,
            7.174088954925537,
            7.150982856750488,
            7.142862796783447,
            7.1169304847717285,
            7.126577854156494,
            7.126481533050537,
            7.1269850730896,
            7.1234259605407715,
            7.068920135498047,
            7.144784450531006,
            7.136396884918213,
            7.11784553527832,
            7.064412593841553,
            7.084348678588867,
            7.115790367126465
        ],