{
    "centralized_global": {
        "loss": [
            18.230632781982422,
            13.941505432128906,
            12.416522026062012,
            11.527956008911133,
            10.877923965454102,
            10.33345890045166,
            9.871946334838867,
            9.483534812927246,
            9.159679412841797,
            8.895463943481445,
            8.686511993408203,
            8.520184516906738,
            8.389766693115234,
            8.280987739562988,
            8.19112491607666
        ],
        "val_loss": [
            1.233002781867981,
            0.9884650111198425,
            0.8662227392196655,
            0.8155432343482971,
            0.8001314997673035,
            0.7709531784057617,
            0.7741528153419495,
            0.7869203090667725,
            0.8025081157684326,
            0.8094460368156433,
            0.8205414414405823,
            0.8309758901596069,
            0.8370183706283569,
            0.8476309180259705,
            0.8524000644683838
        ]
    }
}