{
    "centralized_global": {
        "loss": [
            18.230632781982422,
            13.941505432128906,
            12.416522026062012,
            11.527956008911133,
            10.877923965454102,
            10.33345890045166,
            9.871946334838867,
            9.483534812927246,
            9.159679412841797,
            8.895463943481445,
            8.686511993408203,
            8.520184516906738,
            8.389766693115234,
            8.280987739562988,
            8.19112491607666
        ],
        "val_loss": [
            5.4082231521606445,
            4.463180065155029,
            4.060348987579346,
            3.903214931488037,
            3.7891933917999268,
            3.4856696128845215,
            3.3467161655426025,
            3.2490992546081543,
            3.2445766925811768,
            3.1935009956359863,
            3.2002480030059814,
            3.2307491302490234,
            3.2916321754455566,
            3.3151605129241943,
            3.3544015884399414
        ]
    }
}