{
    "centralized_global": {
        "loss": [
            18.230632781982422,
            13.941505432128906,
            12.416522026062012,
            11.527956008911133,
            10.877923965454102,
            10.33345890045166,
            9.871946334838867,
            9.483534812927246,
            9.159679412841797,
            8.895463943481445,
            8.686511993408203,
            8.520184516906738,
            8.389766693115234,
            8.280987739562988,
            8.19112491607666
        ],
        "val_loss": [
            23.09197425842285,
            20.062211990356445,
            18.428695678710938,
            17.300947189331055,
            16.377111434936523,
            15.643903732299805,
            14.973082542419434,
            14.381332397460938,
            13.871894836425781,
            13.470453262329102,
            13.132183074951172,
            12.8695650100708,
            12.655414581298828,
            12.466696739196777,
            12.302488327026367
        ]
    }
}