{
    "centralized_global": {
        "loss": [
            22.83844757080078,
            17.98813819885254,
            16.76127052307129,
            15.857084274291992,
            15.16038990020752,
            14.567144393920898,
            14.028550148010254,
            13.538836479187012,
            13.104765892028809,
            12.72761344909668,
            12.407083511352539,
            12.135144233703613,
            11.89979362487793,
            11.69205093383789,
            11.504008293151855,
            11.33034896850586,
            11.168981552124023,
            11.016592025756836,
            10.871718406677246,
            10.73439884185791,
            10.60338306427002,
            10.479125022888184,
            10.360512733459473,
            10.246825218200684,
            10.138618469238281,
            10.036336898803711,
            9.938653945922852,
            9.84638500213623,
            9.758545875549316,
            9.675673484802246,
            9.598176002502441,
            9.52489948272705,
            9.456235885620117,
            9.392221450805664,
            9.332435607910156,
            9.277092933654785,
            9.225053787231445,
            9.176332473754883,
            9.131003379821777,
            9.08872127532959,
            9.050146102905273,
            9.013029098510742,
            8.978608131408691,
            8.945950508117676,
            8.915205001831055,
            8.885932922363281,
            8.857662200927734,
            8.831701278686523,
            8.806455612182617,
            8.78211784362793
        ],
        "val_loss": [
            27.39959144592285,
            25.22092628479004,
            23.87143898010254,
            22.85310173034668,
            22.02771759033203,
            21.331817626953125,
            20.679061889648438,
            20.08115005493164,
            19.571949005126953,
            19.09450340270996,
            18.721302032470703,
            18.358062744140625,
            18.034269332885742,
            17.763233184814453,
            17.508506774902344,
            17.2601261138916,
            17.052732467651367,
            16.837926864624023,
            16.619470596313477,
            16.428050994873047,
            16.249109268188477,
            16.06777572631836,
            15.908821105957031,
            15.745089530944824,
            15.592687606811523,
            15.446250915527344,
            15.310027122497559,
            15.198257446289062,
            15.07234001159668,
            14.954439163208008,
            14.835241317749023,
            14.730972290039062,
            14.638927459716797,
            14.552481651306152,
            14.459599494934082,
            14.376789093017578,
            14.30032730102539,
            14.224464416503906,
            14.154070854187012,
            14.082324028015137,
            14.013518333435059,
            13.95004940032959,
            13.890053749084473,
            13.838101387023926,
            13.779011726379395,
            13.727973937988281,
            13.680330276489258,
            13.63615894317627,
            13.590873718261719,
            13.548364639282227
        ],
        "mse": [
            1842.7021484375,
            1587.5780029296875,
            1450.9368896484375,
            1339.40673828125,
            1251.2388916015625,
            1184.945068359375,
            1121.3165283203125,
            1064.1490478515625,
            1015.320068359375,
            963.7891845703125,
            925.2088623046875,
            882.6655883789062,
            844.0393676757812,
            813.6018676757812,
            785.6093139648438,
            758.6376953125,
            739.1713256835938,
            717.3726196289062,
            694.975830078125,
            677.80029296875,
            662.3655395507812,
            645.3670043945312,
            632.8840942382812,
            618.523681640625,
            605.513916015625,
            592.3536987304688,
            579.8572387695312,
            572.7059326171875,
            561.3538818359375,
            550.9349975585938,
            538.7564697265625,
            529.1849975585938,
            522.4033203125,
            515.4420166015625,
            506.4797058105469,
            498.8768615722656,
            492.47833251953125,
            485.6716613769531,
            480.5326232910156,
            473.6189880371094,
            467.6854553222656,
            462.2325134277344,
            457.3074645996094,
            455.2038879394531,
            447.07196044921875,
            443.10711669921875,
            439.756591796875,
            438.04931640625,
            433.37799072265625,
            428.62103271484375
        ],
        "mae": [
            27.39959144592285,
            25.22092628479004,
            23.87143898010254,
            22.85310173034668,
            22.0277156829834,
            21.331817626953125,
            20.679061889648438,
            20.08115005493164,
            19.571949005126953,
            19.09450340270996,
            18.721302032470703,
            18.358062744140625,
            18.034269332885742,
            17.763233184814453,
            17.508506774902344,
            17.2601261138916,
            17.052732467651367,
            16.837926864624023,
            16.619470596313477,
            16.428050994873047,
            16.249109268188477,
            16.06777572631836,
            15.908821105957031,
            15.745089530944824,
            15.592687606811523,
            15.446250915527344,
            15.310027122497559,
            15.198257446289062,
            15.07234001159668,
            14.954439163208008,
            14.835241317749023,
            14.730972290039062,
            14.638927459716797,
            14.552481651306152,
            14.459598541259766,
            14.376789093017578,
            14.30032730102539,
            14.224464416503906,
            14.154070854187012,
            14.082324028015137,
            14.013518333435059,
            13.95004940032959,
            13.890053749084473,
            13.838101387023926,
            13.779011726379395,
            13.727973937988281,
            13.680330276489258,
            13.63615894317627,
            13.590873718261719,
            13.548364639282227
        ],