{
    "centralized_global": {
        "loss": [
            22.587797164916992,
            17.9267635345459,
            16.527292251586914,
            15.436797142028809,
            14.63534927368164,
            14.021505355834961,
            13.512340545654297,
            13.071507453918457,
            12.687152862548828,
            12.352727890014648,
            12.061505317687988,
            11.806199073791504,
            11.582566261291504,
            11.384766578674316,
            11.207698822021484,
            11.046882629394531,
            10.89841079711914,
            10.758079528808594,
            10.62511920928955,
            10.498003959655762,
            10.375102043151855,
            10.255833625793457,
            10.139872550964355,
            10.027137756347656,
            9.917397499084473
        ],
        "val_loss": [
            7.4638824462890625,
            6.879868507385254,
            6.193796634674072,
            5.902614116668701,
            5.690977573394775,
            5.56442928314209,
            5.554725646972656,
            5.5201005935668945,
            5.526247978210449,
            5.431236267089844,
            5.530521869659424,
            5.53347110748291,
            5.588563442230225,
            5.649808883666992,
            5.655405521392822,
            5.59963846206665,
            5.65009880065918,
            5.598355770111084,
            5.564183235168457,
            5.603567123413086,
            5.460514068603516,
            5.425716400146484,
            5.383872985839844,
            5.324953556060791,
            5.251492977142334
        ],
        "mse": [
            82.30596923828125,
            73.47051239013672,
            62.64738464355469,
            59.92573165893555,
            57.95075225830078,
            56.36067199707031,
            55.74654006958008,
            54.85026550292969,
            54.784934997558594,
            53.2767219543457,
            54.971885681152344,
            55.10237503051758,
            56.18429946899414,
            57.3572998046875,
            57.480831146240234,
            56.558372497558594,
            57.588382720947266,
            56.72774887084961,
            56.1809196472168,
            56.997005462646484,
            54.52276611328125,
            53.98472213745117,
            53.29943084716797,
            52.29191589355469,
            51.00005340576172
        ],
        "mae": [
            7.4638824462890625,
            6.879868507385254,
            6.193796634674072,
            5.902614116668701,
            5.690977573394775,
            5.56442928314209,
            5.554725646972656,
            5.520101070404053,
            5.526247978210449,
            5.431236267089844,
            5.530521869659424,
            5.53347110748291,
            5.588563442230225,
            5.649808883666992,
            5.655405521392822,
            5.59963846206665,
            5.65009880065918,
            5.598355770111084,
            5.564182758331299,
            5.603567123413086,
            5.460514545440674,
            5.425716400146484,
            5.383872985839844,
            5.324953556060791,
            5.251492977142334
        ],
        "accuracy": [
            0.0,
            0.0,
            0.0,
            0.0,
            0.0,
            0.0,
            0.0,
            0.0,
            0.0,
            0.0,
            0.0,
            0.0,
            0.0,
            0.0,
            0.0,
            0.0,
            0.0,
            0.0,
            0.0,
            0.0,
            0.0,
            0.0,
            0.0,
            0.0,
            0.0
        ]
    }
}