{
    "centralized_global": {
        "loss": [
            22.83844757080078,
            17.98813819885254,
            16.76127052307129,
            15.857084274291992,
            15.16038990020752,
            14.567144393920898,
            14.028550148010254,
            13.538836479187012,
            13.104765892028809,
            12.72761344909668,
            12.407083511352539,
            12.135144233703613,
            11.89979362487793,
            11.69205093383789,
            11.504008293151855,
            11.33034896850586,
            11.168981552124023,
            11.016592025756836,
            10.871718406677246,
            10.73439884185791,
            10.60338306427002,
            10.479125022888184,
            10.360512733459473,
            10.246825218200684,
            10.138618469238281,
            10.036336898803711,
            9.938653945922852,
            9.84638500213623,
            9.758545875549316,
            9.675673484802246,
            9.598176002502441,
            9.52489948272705,
            9.456235885620117,
            9.392221450805664,
            9.332435607910156,
            9.277092933654785,
            9.225053787231445,
            9.176332473754883,
            9.131003379821777,
            9.08872127532959,
            9.050146102905273,
            9.013029098510742,
            8.978608131408691,
            8.945950508117676,
            8.915205001831055,
            8.885932922363281,
            8.857662200927734,
            8.831701278686523,
            8.806455612182617,
            8.78211784362793
        ],
        "val_loss": [
            7.435844898223877,
            7.175671100616455,
            6.655356407165527,
            6.399721145629883,
            6.168515682220459,
            5.858903884887695,
            5.647144317626953,
            5.481581687927246,
            5.3012800216674805,
            5.313746452331543,
            5.215426921844482,
            5.2925896644592285,
            5.3822455406188965,
            5.383549690246582,
            5.386933326721191,
            5.411904811859131,
            5.3288044929504395,
            5.311152935028076,
            5.326016426086426,
            5.2637434005737305,
            5.185049057006836,
            5.156052589416504,
            5.053411960601807,
            5.004205703735352,
            4.94394588470459,
            4.904736518859863,
            4.866206645965576,
            4.734092712402344,
            4.700873851776123,
            4.662768840789795,
            4.675860404968262,
            4.650494575500488,
            4.576574802398682,
            4.52284574508667,
            4.519901752471924,
            4.499133586883545,
            4.463760852813721,
            4.446563720703125,
            4.402903079986572,
            4.402967929840088,
            4.394044876098633,
            4.383608818054199,
            4.363763809204102,
            4.29006290435791,
            4.352359294891357,
            4.329965591430664,
            4.296201229095459,
            4.232542514801025,
            4.236894607543945,
            4.24924373626709
        ],
        "mse": [
            82.46001434326172,
            79.98283386230469,
            71.31969451904297,
            68.2669448852539,
            65.86399841308594,
            61.37510299682617,
            58.47652816772461,
            55.97683334350586,
            53.27288055419922,
            53.369873046875,
            51.72846984863281,
            52.733116149902344,
            53.97621536254883,
            53.79811096191406,
            53.65753173828125,
            53.881492614746094,
            52.267333984375,
            51.881858825683594,
            52.079322814941406,
            51.01777648925781,
            49.73759078979492,
            49.341453552246094,
            47.754154205322266,
            46.99375915527344,
            46.11325454711914,
            45.5216178894043,
            45.03421401977539,
            43.12055206298828,
            42.620059967041016,
            42.059234619140625,
            42.18516540527344,
            41.79042434692383,
            40.71361541748047,
            39.988197326660156,
            39.877017974853516,
            39.53776168823242,
            39.019126892089844,
            38.73823928833008,
            38.129676818847656,
            38.140785217285156,
            37.893943786621094,
            37.65277862548828,
            37.35905075073242,
            36.47919845581055,
            37.140899658203125,
            36.75263214111328,
            36.33382034301758,
            35.6156005859375,
            35.579811096191406,
            35.65483093261719
        ],
        "mae": [
            7.435844898223877,
            7.175671100616455,
            6.655356407165527,
            6.399721145629883,
            6.168515682220459,
            5.858903884887695,
            5.647144317626953,
            5.481581687927246,
            5.3012800216674805,
            5.313746452331543,
            5.215426921844482,
            5.2925896644592285,
            5.3822455406188965,
            5.383549690246582,
            5.386933326721191,
            5.411904811859131,
            5.3288044929504395,
            5.311152935028076,
            5.326016426086426,
            5.2637434005737305,
            5.185049057006836,
            5.156052589416504,
            5.053411960601807,
            5.004205703735352,
            4.94394588470459,
            4.904736518859863,
            4.866206645965576,
            4.734092712402344,
            4.700873851776123,
            4.662768840789795,
            4.675860404968262,
            4.650494575500488,
            4.576574802398682,
            4.52284574508667,
            4.519901752471924,
            4.499133586883545,
            4.463760852813721,
            4.446563720703125,
            4.402903079986572,
            4.402967929840088,
            4.394044876098633,
            4.383608818054199,
            4.363763809204102,
            4.29006290435791,
            4.352359294891357,
            4.329965591430664,
            4.296201229095459,
            4.232542991638184,
            4.236894607543945,
            4.24924373626709
        ],
        "accuracy": [
            0.0,
            0.0,
            0.0,
            0.0,
            0.0,
            0.0,
            0.0,
            0.0,
            0.0,
            0.0,
            0.0,
            0.0,
            0.0,
            0.0,
            0.0,
            0.0,
            0.0,
            0.0,
            0.0,
            0.0,
            0.0,
            0.0,
            0.0,
            0.0,
            0.0,
            0.0,
            0.0,
            0.0,
            0.0,
            0.0,
            0.0,
            0.0,
            0.0,
            0.0,
            0.0,
            0.0,
            0.0,
            0.0,
            0.0,
            0.0,
            0.0,
            0.0,
            0.0,
            0.0,
            0.0,
            0.0,
            0.0,
            0.0,
            0.0,
            0.0
        ]
    }
}