{
    "centralized_global": {
        "loss": [
            18.230632781982422,
            13.941505432128906,
            12.416522026062012,
            11.527956008911133,
            10.877923965454102,
            10.33345890045166,
            9.871946334838867,
            9.483534812927246,
            9.159679412841797,
            8.895463943481445,
            8.686511993408203,
            8.520184516906738,
            8.389766693115234,
            8.280987739562988,
            8.19112491607666
        ],
        "val_loss": [
            5.779267311096191,
            5.446090221405029,
            5.571265697479248,
            5.658868312835693,
            5.647463798522949,
            5.225083827972412,
            5.0164995193481445,
            4.848240852355957,
            4.8090128898620605,
            4.638383865356445,
            4.552797794342041,
            4.527364730834961,
            4.3762383460998535,
            4.424224853515625,
            4.358680725097656
        ]
    }
}