{
    "centralized_global": {
        "loss": [
            22.83844757080078,
            17.98813819885254,
            16.76127052307129,
            15.857084274291992,
            15.16038990020752,
            14.567144393920898,
            14.028550148010254,
            13.538836479187012,
            13.104765892028809,
            12.72761344909668,
            12.407083511352539,
            12.135144233703613,
            11.89979362487793,
            11.69205093383789,
            11.504008293151855,
            11.33034896850586,
            11.168981552124023,
            11.016592025756836,
            10.871718406677246,
            10.73439884185791,
            10.60338306427002,
            10.479125022888184,
            10.360512733459473,
            10.246825218200684,
            10.138618469238281,
            10.036336898803711,
            9.938653945922852,
            9.84638500213623,
            9.758545875549316,
            9.675673484802246,
            9.598176002502441,
            9.52489948272705,
            9.456235885620117,
            9.392221450805664,
            9.332435607910156,
            9.277092933654785,
            9.225053787231445,
            9.176332473754883,
            9.131003379821777,
            9.08872127532959,
            9.050146102905273,
            9.013029098510742,
            8.978608131408691,
            8.945950508117676,
            8.915205001831055,
            8.885932922363281,
            8.857662200927734,
            8.831701278686523,
            8.806455612182617,
            8.78211784362793
        ],
        "val_loss": [
            13.910697937011719,
            12.506912231445312,
            11.758463859558105,
            11.1969633102417,
            10.728615760803223,
            10.325614929199219,
            9.947163581848145,
            9.621607780456543,
            9.352394104003906,
            9.145186424255371,
            8.98713493347168,
            8.8796968460083,
            8.807393074035645,
            8.74801254272461,
            8.699577331542969,
            8.665964126586914,
            8.606438636779785,
            8.578124046325684,
            8.571186065673828,
            8.539328575134277,
            8.503110885620117,
            8.497687339782715,
            8.456796646118164,
            8.448281288146973,
            8.44276237487793,
            8.45762825012207,
            8.484878540039062,
            8.433688163757324,
            8.462605476379395,
            8.489540100097656,
            8.564291000366211,
            8.604203224182129,
            8.59279727935791,
            8.603382110595703,
            8.662208557128906,
            8.699831008911133,
            8.71876335144043,
            8.756657600402832,
            8.759370803833008,
            8.81971549987793,
            8.853849411010742,
            8.884330749511719,
            8.90808391571045,
            8.856488227844238,
            8.991165161132812,
            8.997904777526855,
            8.995504379272461,
            8.947249412536621,
            8.991095542907715,
            9.0492525100708
        ],
        "mse": [
            340.8036804199219,
            264.4725341796875,
            229.94813537597656,
            205.97616577148438,
            189.0755615234375,
            176.62945556640625,
            166.07791137695312,
            157.77748107910156,
            151.5668182373047,
            147.23529052734375,
            144.16732788085938,
            142.79409790039062,
            142.5269317626953,
            142.25228881835938,
            142.3334197998047,
            142.9800567626953,
            142.43807983398438,
            143.02035522460938,
            144.29379272460938,
            144.528564453125,
            144.53904724121094,
            145.6316680908203,
            145.270263671875,
            145.91961669921875,
            146.4530029296875,
            147.36900329589844,
            148.547119140625,
            147.31182861328125,
            148.3306884765625,
            149.2170867919922,
            151.39016723632812,
            152.5619659423828,
            152.24917602539062,
            152.4985809326172,
            154.08106994628906,
            155.11517333984375,
            155.5950927734375,
            156.60745239257812,
            156.63108825683594,
            158.3091278076172,
            159.2022247314453,
            159.98092651367188,
            160.59353637695312,
            159.1314697265625,
            162.80120849609375,
            162.89016723632812,
            162.77407836914062,
            161.38702392578125,
            162.514404296875,
            164.0259246826172
        ],
        "mae": [
            13.910697937011719,
            12.506912231445312,
            11.758463859558105,
            11.1969633102417,
            10.728615760803223,
            10.325614929199219,
            9.947163581848145,
            9.621607780456543,
            9.35239315032959,
            9.145186424255371,
            8.98713493347168,
            8.8796968460083,
            8.807393074035645,
            8.74801254272461,
            8.699577331542969,
            8.665964126586914,
            8.606438636779785,
            8.578124046325684,
            8.571186065673828,
            8.539328575134277,
            8.503110885620117,
            8.497687339782715,
            8.456796646118164,
            8.448281288146973,
            8.44276237487793,
            8.45762825012207,
            8.484878540039062,
            8.433688163757324,
            8.462605476379395,
            8.489540100097656,
            8.564291000366211,
            8.604203224182129,
            8.59279727935791,
            8.603382110595703,
            8.662208557128906,
            8.699831008911133,
            8.71876335144043,
            8.756657600402832,
            8.759370803833008,
            8.81971549987793,
            8.853849411010742,
            8.884330749511719,
            8.90808391571045,
            8.856488227844238,
            8.991165161132812,
            8.997904777526855,
            8.995504379272461,
            8.947249412536621,
            8.991095542907715,
            9.0492525100708
        ],
        "accuracy": [
            0.0,
            0.0,
            0.0,
            0.0,
            0.0,
            0.0,
            0.0,
            0.0,
            0.0,
            0.0,
            0.0,
            0.0,
            0.0,
            0.0,
            0.0,
            0.0,
            0.0,
            0.0,
            0.0,
            0.0,
            0.0,
            0.0,
            0.0,
            0.0,
            0.0,
            0.0,
            0.0,
            0.0,
            0.0,
            0.0,
            0.0,
            0.0,
            0.0,
            0.0,
            0.0,
            0.0,
            0.0,
            0.0,
            0.0,
            0.0,
            0.0,
            0.0,
            0.0,
            0.0,
            0.0,
            0.0,
            0.0,
            0.0,
            0.0,
            0.0
        ]
    }
}