{
    "centralized_global": {
        "loss": [
            22.587797164916992,
            17.9267635345459,
            16.527292251586914,
            15.436797142028809,
            14.63534927368164,
            14.021505355834961,
            13.512340545654297,
            13.071507453918457,
            12.687152862548828,
            12.352727890014648,
            12.061505317687988,
            11.806199073791504,
            11.582566261291504,
            11.384766578674316,
            11.207698822021484,
            11.046882629394531,
            10.89841079711914,
            10.758079528808594,
            10.62511920928955,
            10.498003959655762,
            10.375102043151855,
            10.255833625793457,
            10.139872550964355,
            10.027137756347656,
            9.917397499084473
        ],
        "val_loss": [
            9.251511573791504,
            8.522865295410156,
            7.929306983947754,
            7.630128383636475,
            7.43344259262085,
            7.286262512207031,
            7.188907146453857,
            7.098869323730469,
            7.079445838928223,
            7.030579566955566,
            7.140014171600342,
            7.181555271148682,
            7.283507347106934,
            7.39962911605835,
            7.457826614379883,
            7.462210655212402,
            7.575676918029785,
            7.586371421813965,
            7.612365245819092,
            7.715713977813721,
            7.622633934020996,
            7.6434454917907715,
            7.651882171630859,
            7.637552738189697,
            7.602897644042969
        ],
        "mse": [
            143.97219848632812,
            119.56190490722656,
            106.1367416381836,
            100.98802947998047,
            98.56138610839844,
            97.1622314453125,
            96.964599609375,
            96.91231536865234,
            97.88626861572266,
            97.61383056640625,
            100.7404556274414,
            102.3477783203125,
            105.08212280273438,
            107.99513244628906,
            109.58871459960938,
            109.82908630371094,
            112.55379486083984,
            112.75818634033203,
            113.29255676269531,
            115.72586822509766,
            113.49140167236328,
            113.95619201660156,
            114.16719818115234,
            113.8749771118164,
            113.09624481201172
        ],
        "mae": [
            9.251511573791504,
            8.522865295410156,
            7.929306983947754,
            7.630128383636475,
            7.43344259262085,
            7.286262512207031,
            7.188907146453857,
            7.098869323730469,
            7.079445838928223,
            7.030579566955566,
            7.140013217926025,
            7.181555271148682,
            7.283507347106934,
            7.39962911605835,
            7.457826614379883,
            7.462210655212402,
            7.575676918029785,
            7.586371421813965,
            7.612365245819092,
            7.715713977813721,
            7.622633934020996,
            7.6434454917907715,
            7.651882171630859,
            7.637552738189697,
            7.602897644042969
        ],
        "accuracy": [
            0.0190677959471941,
            0.02048022672533989,
            0.02118644118309021,
            0.01977401040494442,
            0.01977401040494442,
            0.0190677959471941,
            0.0190677959471941,
            0.01977401040494442,
            0.01977401040494442,
            0.02048022672533989,
            0.02048022672533989,
            0.02118644118309021,
            0.02118644118309021,
            0.01977401040494442,
            0.01977401040494442,
            0.01977401040494442,
            0.01977401040494442,
            0.01977401040494442,
            0.0190677959471941,
            0.01836158148944378,
            0.01836158148944378,
            0.01836158148944378,
            0.01836158148944378,
            0.01765536703169346,
            0.01765536703169346
        ]
    }
}