{
    "centralized_global": {
        "loss": [
            18.230632781982422,
            13.941505432128906,
            12.416522026062012,
            11.527956008911133,
            10.877923965454102,
            10.33345890045166,
            9.871946334838867,
            9.483534812927246,
            9.159679412841797,
            8.895463943481445,
            8.686511993408203,
            8.520184516906738,
            8.389766693115234,
            8.280987739562988,
            8.19112491607666
        ],
        "val_loss": [
            10.899230003356934,
            9.373947143554688,
            8.770854949951172,
            8.562871932983398,
            8.4769287109375,
            8.254095077514648,
            8.19456958770752,
            8.237982749938965,
            8.411772727966309,
            8.47041130065918,
            8.574823379516602,
            8.730097770690918,
            8.662498474121094,
            8.806622505187988,
            8.790122032165527
        ]
    }
}