{
    "centralized_global": {
        "loss": [
            22.587797164916992,
            17.9267635345459,
            16.527292251586914,
            15.436797142028809,
            14.63534927368164,
            14.021505355834961,
            13.512340545654297,
            13.071507453918457,
            12.687152862548828,
            12.352727890014648,
            12.061505317687988,
            11.806199073791504,
            11.582566261291504,
            11.384766578674316,
            11.207698822021484,
            11.046882629394531,
            10.89841079711914,
            10.758079528808594,
            10.62511920928955,
            10.498003959655762,
            10.375102043151855,
            10.255833625793457,
            10.139872550964355,
            10.027137756347656,
            9.917397499084473
        ],
        "val_loss": [
            13.795321464538574,
            12.296958923339844,
            11.37168025970459,
            10.711092948913574,
            10.24405288696289,
            9.879061698913574,
            9.569910049438477,
            9.3119478225708,
            9.10820484161377,
            8.94001293182373,
            8.821603775024414,
            8.727302551269531,
            8.673489570617676,
            8.644512176513672,
            8.6182279586792,
            8.581876754760742,
            8.597168922424316,
            8.573762893676758,
            8.560843467712402,
            8.594095230102539,
            8.525487899780273,
            8.522920608520508,
            8.518363952636719,
            8.5051908493042,
            8.483536720275879
        ],
        "mse": [
            335.90924072265625,
            260.9064025878906,
            220.8492889404297,
            193.12533569335938,
            176.2705535888672,
            164.60986328125,
            155.8864288330078,
            149.61929321289062,
            145.30148315429688,
            142.18246459960938,
            141.04660034179688,
            140.40475463867188,
            140.94265747070312,
            142.15869140625,
            142.95298767089844,
            143.10621643066406,
            145.07791137695312,
            145.42153930664062,
            146.040283203125,
            148.27142333984375,
            146.79605102539062,
            147.54766845703125,
            148.13140869140625,
            148.3220672607422,
            148.09339904785156
        ],
        "mae": [
            13.795321464538574,
            12.296958923339844,
            11.37168025970459,
            10.711092948913574,
            10.24405288696289,
            9.879061698913574,
            9.569910049438477,
            9.3119478225708,
            9.108203887939453,
            8.94001293182373,
            8.821603775024414,
            8.727302551269531,
            8.673489570617676,
            8.644512176513672,
            8.6182279586792,
            8.581876754760742,
            8.597168922424316,
            8.573762893676758,
            8.560843467712402,
            8.594095230102539,
            8.525487899780273,
            8.522920608520508,
            8.518363952636719,
            8.5051908493042,
            8.483536720275879
        ],
        "accuracy": [
            0.0,
            0.0,
            0.0,
            0.0,
            0.0,
            0.0,
            0.0,
            0.0,
            0.0,
            0.0,
            0.0,
            0.0,
            0.0,
            0.0,
            0.0,
            0.0,
            0.0,
            0.0,
            0.0,
            0.0,
            0.0,
            0.0,
            0.0,
            0.0,
            0.0
        ]
    }
}