{
    "centralized_global": {
        "loss": [
            22.83844757080078,
            17.98813819885254,
            16.76127052307129,
            15.857084274291992,
            15.16038990020752,
            14.567144393920898,
            14.028550148010254,
            13.538836479187012,
            13.104765892028809,
            12.72761344909668,
            12.407083511352539,
            12.135144233703613,
            11.89979362487793,
            11.69205093383789,
            11.504008293151855,
            11.33034896850586,
            11.168981552124023,
            11.016592025756836,
            10.871718406677246,
            10.73439884185791,
            10.60338306427002,
            10.479125022888184,
            10.360512733459473,
            10.246825218200684,
            10.138618469238281,
            10.036336898803711,
            9.938653945922852,
            9.84638500213623,
            9.758545875549316,
            9.675673484802246,
            9.598176002502441,
            9.52489948272705,
            9.456235885620117,
            9.392221450805664,
            9.332435607910156,
            9.277092933654785,
            9.225053787231445,
            9.176332473754883,
            9.131003379821777,
            9.08872127532959,
            9.050146102905273,
            9.013029098510742,
            8.978608131408691,
            8.945950508117676,
            8.915205001831055,
            8.885932922363281,
            8.857662200927734,
            8.831701278686523,
            8.806455612182617,
            8.78211784362793
        ],
        "val_loss": [
            9.353250503540039,
            8.837699890136719,
            8.392990112304688,
            8.126869201660156,
            7.904658317565918,
            7.636930465698242,
            7.423307418823242,
            7.227015018463135,
            7.050441741943359,
            7.001486778259277,
            6.937052249908447,
            7.016479969024658,
            7.1236443519592285,
            7.166983127593994,
            7.214145660400391,
            7.282901763916016,
            7.244157791137695,
            7.277883529663086,
            7.349109172821045,
            7.341983795166016,
            7.31816291809082,
            7.351294994354248,
            7.301319122314453,
            7.308489799499512,
            7.305565357208252,
            7.319444179534912,
            7.339222431182861,
            7.257097244262695,
            7.2706732749938965,
            7.277889728546143,
            7.332574844360352,
            7.3452019691467285,
            7.3049116134643555,
            7.287233352661133,
            7.314116477966309,
            7.321767807006836,
            7.313611030578613,
            7.321329116821289,
            7.300729751586914,
            7.328384876251221,
            7.334145545959473,
            7.338486671447754,
            7.337147235870361,
            7.28020715713501,
            7.360093593597412,
            7.347727298736572,
            7.328139305114746,
            7.2764177322387695,
            7.291381359100342,
            7.316251754760742
        ],
        "mse": [
            146.89822387695312,
            126.16646575927734,
            115.29722595214844,
            110.17758178710938,
            106.80677032470703,
            102.54647827148438,
            99.7890396118164,
            97.77429962158203,
            95.96806335449219,
            96.9530258178711,
            96.50370788574219,
            98.82909393310547,
            101.5628433227539,
            102.78516387939453,
            104.01943969726562,
            105.6932601928711,
            105.05594635009766,
            105.94161224365234,
            107.572021484375,
            107.52442169189453,
            107.10175323486328,
            107.89786529541016,
            106.89665222167969,
            107.03246307373047,
            106.95230865478516,
            107.24313354492188,
            107.70309448242188,
            105.73500061035156,
            106.01171875,
            106.1273193359375,
            107.38615417480469,
            107.69209289550781,
            106.69538116455078,
            106.2327880859375,
            106.8763427734375,
            107.04925537109375,
            106.79573822021484,
            106.97073364257812,
            106.40095520019531,
            107.09868621826172,
            107.19029998779297,
            107.2223892211914,
            107.13810729980469,
            105.64964294433594,
            107.6957015991211,
            107.26859283447266,
            106.75125885009766,
            105.43033599853516,
            105.74560546875,
            106.3279800415039
        ],
        "mae": [
            9.353250503540039,
            8.837699890136719,
            8.392990112304688,
            8.126869201660156,
            7.904658317565918,
            7.636930465698242,
            7.423307418823242,
            7.227015018463135,
            7.050441741943359,
            7.001486778259277,
            6.937052249908447,
            7.016479969024658,
            7.1236443519592285,
            7.166983127593994,
            7.214145660400391,
            7.282901763916016,
            7.244157791137695,
            7.277883529663086,
            7.349109172821045,
            7.341983795166016,
            7.31816291809082,
            7.351294994354248,
            7.301319122314453,
            7.308489799499512,
            7.305565357208252,
            7.319444179534912,
            7.3392229080200195,
            7.257097244262695,
            7.2706732749938965,
            7.277889728546143,
            7.332574844360352,
            7.3452019691467285,
            7.3049116134643555,
            7.287233352661133,
            7.314116477966309,
            7.321767807006836,
            7.313611030578613,
            7.321329116821289,
            7.300729751586914,
            7.328384876251221,
            7.334145545959473,
            7.338486671447754,
            7.337147235870361,
            7.28020715713501,
            7.360093593597412,
            7.347727298736572,
            7.328139305114746,
            7.2764177322387695,
            7.291381359100342,
            7.316251754760742
        ],