{
    "centralized_global": {
        "loss": [
            22.83844757080078,
            17.98813819885254,
            16.76127052307129,
            15.857084274291992,
            15.16038990020752,
            14.567144393920898,
            14.028550148010254,
            13.538836479187012,
            13.104765892028809,
            12.72761344909668,
            12.407083511352539,
            12.135144233703613,
            11.89979362487793,
            11.69205093383789,
            11.504008293151855,
            11.33034896850586,
            11.168981552124023,
            11.016592025756836,
            10.871718406677246,
            10.73439884185791,
            10.60338306427002,
            10.479125022888184,
            10.360512733459473,
            10.246825218200684,
            10.138618469238281,
            10.036336898803711,
            9.938653945922852,
            9.84638500213623,
            9.758545875549316,
            9.675673484802246,
            9.598176002502441,
            9.52489948272705,
            9.456235885620117,
            9.392221450805664,
            9.332435607910156,
            9.277092933654785,
            9.225053787231445,
            9.176332473754883,
            9.131003379821777,
            9.08872127532959,
            9.050146102905273,
            9.013029098510742,
            8.978608131408691,
            8.945950508117676,
            8.915205001831055,
            8.885932922363281,
            8.857662200927734,
            8.831701278686523,
            8.806455612182617,
            8.78211784362793
        ],
        "val_loss": [
            21.616024017333984,
            19.642921447753906,
            18.514177322387695,
            17.63934326171875,
            16.93564796447754,
            16.348953247070312,
            15.773285865783691,
            15.256860733032227,
            14.819493293762207,
            14.39055061340332,
            14.073375701904297,
            13.752626419067383,
            13.454123497009277,
            13.210014343261719,
            12.984944343566895,
            12.768004417419434,
            12.5964994430542,
            12.413435935974121,
            12.226302146911621,
            12.075584411621094,
            11.93618392944336,
            11.796233177185059,
            11.681937217712402,
            11.558006286621094,
            11.446514129638672,
            11.335107803344727,
            11.236125946044922,
            11.162992477416992,
            11.072172164916992,
            10.991514205932617,
            10.913042068481445,
            10.85279655456543,
            10.797567367553711,
            10.753072738647461,
            10.709240913391113,
            10.671204566955566,
            10.63772964477539,
            10.611251831054688,
            10.582067489624023,
            10.569385528564453,
            10.548604011535645,
            10.531281471252441,
            10.517135620117188,
            10.48603343963623,
            10.50918197631836,
            10.491812705993652,
            10.478479385375977,
            10.450953483581543,
            10.452720642089844,
            10.46475887298584
        ],
        "mse": [
            884.5808715820312,
            714.5266723632812,
            629.6243286132812,
            563.6049194335938,
            513.5767822265625,
            477.2475280761719,
            443.3564758300781,
            414.12823486328125,
            390.4329528808594,
            366.490478515625,
            349.76416015625,
            332.0653076171875,
            316.91070556640625,
            305.7228698730469,
            295.8549499511719,
            286.77056884765625,
            280.5109558105469,
            273.8055114746094,
            267.2070007324219,
            262.405517578125,
            258.21630859375,
            254.01412963867188,
            250.85202026367188,
            247.4701385498047,
            244.62327575683594,
            241.91871643066406,
            239.75296020507812,
            238.155029296875,
            236.28273010253906,
            234.70431518554688,
            233.29051208496094,
            232.24021911621094,
            231.20960998535156,
            230.488037109375,
            229.89739990234375,
            229.45416259765625,
            229.02317810058594,
            228.81080627441406,
            228.44015502929688,
            228.69895935058594,
            228.6121063232422,
            228.56488037109375,
            228.62342834472656,
            228.01087951660156,
            229.33172607421875,
            229.2040252685547,
            229.13865661621094,
            228.56808471679688,
            228.98812866210938,
            229.6729278564453
        ],
        "mae": [
            21.616024017333984,
            19.642921447753906,
            18.514177322387695,
            17.63934326171875,
            16.93564796447754,
            16.348953247070312,
            15.773285865783691,
            15.256860733032227,
            14.819493293762207,
            14.39055061340332,
            14.073375701904297,
            13.752626419067383,
            13.454123497009277,
            13.210014343261719,
            12.984944343566895,
            12.768004417419434,
            12.5964994430542,
            12.413435935974121,
            12.226302146911621,
            12.075584411621094,
            11.93618392944336,
            11.796232223510742,
            11.681937217712402,
            11.558006286621094,
            11.446514129638672,
            11.335107803344727,
            11.236125946044922,
            11.162992477416992,
            11.072172164916992,
            10.991514205932617,
            10.913043022155762,
            10.85279655456543,
            10.797567367553711,
            10.753072738647461,
            10.709240913391113,
            10.671204566955566,
            10.63772964477539,
            10.611251831054688,
            10.582067489624023,
            10.569385528564453,
            10.548604011535645,
            10.531281471252441,
            10.517135620117188,
            10.48603343963623,
            10.50918197631836,
            10.491812705993652,
            10.478479385375977,
            10.450953483581543,
            10.452720642089844,
            10.46475887298584
        ],