{
    "centralized_global": {
        "loss": [
            22.83844757080078,
            17.98813819885254,
            16.76127052307129,
            15.857084274291992,
            15.16038990020752,
            14.567144393920898,
            14.028550148010254,
            13.538836479187012,
            13.104765892028809,
            12.72761344909668,
            12.407083511352539,
            12.135144233703613,
            11.89979362487793,
            11.69205093383789,
            11.504008293151855,
            11.33034896850586,
            11.168981552124023,
            11.016592025756836,
            10.871718406677246,
            10.73439884185791,
            10.60338306427002,
            10.479125022888184,
            10.360512733459473,
            10.246825218200684,
            10.138618469238281,
            10.036336898803711,
            9.938653945922852,
            9.84638500213623,
            9.758545875549316,
            9.675673484802246,
            9.598176002502441,
            9.52489948272705,
            9.456235885620117,
            9.392221450805664,
            9.332435607910156,
            9.277092933654785,
            9.225053787231445,
            9.176332473754883,
            9.131003379821777,
            9.08872127532959,
            9.050146102905273,
            9.013029098510742,
            8.978608131408691,
            8.945950508117676,
            8.915205001831055,
            8.885932922363281,
            8.857662200927734,
            8.831701278686523,
            8.806455612182617,
            8.78211784362793
        ],
        "val_loss": [
            20.605226516723633,
            18.69972038269043,
            17.56832504272461,
            16.716615676879883,
            16.02066421508789,
            15.428382873535156,
            14.843108177185059,
            14.311858177185059,
            13.860407829284668,
            13.429094314575195,
            13.102944374084473,
            12.777472496032715,
            12.481674194335938,
            12.240703582763672,
            12.01293659210205,
            11.793920516967773,
            11.628182411193848,
            11.445740699768066,
            11.250092506408691,
            11.099472045898438,
            10.960310935974121,
            10.814594268798828,
            10.700827598571777,
            10.575597763061523,
            10.462529182434082,
            10.351398468017578,
            10.256937026977539,
            10.194243431091309,
            10.106735229492188,
            10.029709815979004,
            9.953174591064453,
            9.902688026428223,
            9.859652519226074,
            9.826667785644531,
            9.790458679199219,
            9.761248588562012,
            9.736733436584473,
            9.718138694763184,
            9.70007610321045,
            9.695930480957031,
            9.683378219604492,
            9.674126625061035,
            9.670080184936523,
            9.65146541595459,
            9.678179740905762,
            9.67185115814209,
            9.667412757873535,
            9.649407386779785,
            9.657638549804688,
            9.675435066223145
        ],
        "mse": [
            789.2557373046875,
            632.40576171875,
            553.3516845703125,
            492.408447265625,
            446.41156005859375,
            412.9702453613281,
            381.9920654296875,
            355.4171142578125,
            333.9869689941406,
            312.6066589355469,
            297.7523498535156,
            282.2424011230469,
            269.0978698730469,
            259.47760009765625,
            251.06631469726562,
            243.4028778076172,
            238.1525421142578,
            232.60684204101562,
            227.21365356445312,
            223.3340606689453,
            219.9785919189453,
            216.71144104003906,
            214.23507690429688,
            211.6551971435547,
            209.54177856445312,
            207.58839416503906,
            206.14414978027344,
            204.95916748046875,
            203.75291442871094,
            202.79367065429688,
            202.1138153076172,
            201.64605712890625,
            201.0284881591797,
            200.73788452148438,
            200.70663452148438,
            200.7393798828125,
            200.71078491210938,
            200.92825317382812,
            200.87924194335938,
            201.5803985595703,
            201.87278747558594,
            202.17623901367188,
            202.5459442138672,
            202.0402374267578,
            203.9066619873047,
            204.02352905273438,
            204.15472412109375,
            203.65451049804688,
            204.37396240234375,
            205.36302185058594
        ],
        "mae": [
            20.605226516723633,
            18.69972038269043,
            17.56832504272461,
            16.716615676879883,
            16.02066421508789,
            15.428382873535156,
            14.843108177185059,
            14.311857223510742,
            13.860407829284668,
            13.429094314575195,
            13.102944374084473,
            12.777472496032715,
            12.481674194335938,
            12.240703582763672,
            12.01293659210205,
            11.793920516967773,
            11.628182411193848,
            11.445740699768066,
            11.250092506408691,
            11.099472045898438,
            10.960310935974121,
            10.814594268798828,
            10.700827598571777,
            10.575597763061523,
            10.462529182434082,
            10.351398468017578,
            10.256937026977539,
            10.194243431091309,
            10.106735229492188,
            10.029709815979004,
            9.953174591064453,
            9.902688026428223,
            9.859652519226074,
            9.826667785644531,
            9.790458679199219,
            9.761248588562012,
            9.736733436584473,
            9.718138694763184,
            9.70007610321045,
            9.695930480957031,
            9.683378219604492,
            9.674126625061035,
            9.670080184936523,
            9.65146541595459,
            9.678179740905762,
            9.67185115814209,
            9.667412757873535,
            9.649407386779785,
            9.657638549804688,
            9.675435066223145
        ],