{
    "centralized_global": {
        "loss": [
            22.587797164916992,
            17.9267635345459,
            16.527292251586914,
            15.436797142028809,
            14.63534927368164,
            14.021505355834961,
            13.512340545654297,
            13.071507453918457,
            12.687152862548828,
            12.352727890014648,
            12.061505317687988,
            11.806199073791504,
            11.582566261291504,
            11.384766578674316,
            11.207698822021484,
            11.046882629394531,
            10.89841079711914,
            10.758079528808594,
            10.62511920928955,
            10.498003959655762,
            10.375102043151855,
            10.255833625793457,
            10.139872550964355,
            10.027137756347656,
            9.917397499084473
        ],
        "val_loss": [
            20.764375686645508,
            18.74919319152832,
            17.35826301574707,
            16.260791778564453,
            15.456457138061523,
            14.790790557861328,
            14.184257507324219,
            13.662873268127441,
            13.18875503540039,
            12.81881332397461,
            12.426115989685059,
            12.117817878723145,
            11.821892738342285,
            11.550987243652344,
            11.332869529724121,
            11.168704986572266,
            10.972245216369629,
            10.829341888427734,
            10.682296752929688,
            10.52109432220459,
            10.4302339553833,
            10.314068794250488,
            10.20540714263916,
            10.109777450561523,
            10.020161628723145
        ],
        "mse": [
            782.6547241210938,
            627.3805541992188,
            535.6400146484375,
            462.25506591796875,
            412.3551025390625,
            374.7156982421875,
            343.00640869140625,
            317.72613525390625,
            296.0237731933594,
            280.4453430175781,
            263.69549560546875,
            251.85011291503906,
            241.20223999023438,
            232.3299560546875,
            225.5889434814453,
            220.5360565185547,
            215.01438903808594,
            211.11595153808594,
            207.4285888671875,
            203.79998779296875,
            201.33607482910156,
            198.61233520507812,
            196.1675567626953,
            194.00282287597656,
            191.9760284423828
        ],
        "mae": [
            20.764375686645508,
            18.74919319152832,
            17.35826301574707,
            16.260791778564453,
            15.456457138061523,
            14.790790557861328,
            14.184257507324219,
            13.662873268127441,
            13.18875503540039,
            12.818814277648926,
            12.426115989685059,
            12.117817878723145,
            11.821892738342285,
            11.550987243652344,
            11.332869529724121,
            11.168704986572266,
            10.972245216369629,
            10.829341888427734,
            10.682296752929688,
            10.52109432220459,
            10.4302339553833,
            10.314068794250488,
            10.20540714263916,
            10.109777450561523,
            10.020161628723145
        ],
        "accuracy": [
            0.0021186440717428923,
            0.0021186440717428923,
            0.0014124293811619282,
            0.0014124293811619282,
            0.0021186440717428923,
            0.0028248587623238564,
            0.0028248587623238564,
            0.0028248587623238564,
            0.0028248587623238564,
            0.0028248587623238564,
            0.0028248587623238564,
            0.0028248587623238564,
            0.0028248587623238564,
            0.0028248587623238564,
            0.0021186440717428923,
            0.0021186440717428923,
            0.0021186440717428923,
            0.0021186440717428923,
            0.0021186440717428923,
            0.0021186440717428923,
            0.0021186440717428923,
            0.0014124293811619282,
            0.0014124293811619282,
            0.0014124293811619282,
            0.0014124293811619282
        ]
    }
}