{
    "centralized_global": {
        "loss": [
            18.230632781982422,
            13.941505432128906,
            12.416522026062012,
            11.527956008911133,
            10.877923965454102,
            10.33345890045166,
            9.871946334838867,
            9.483534812927246,
            9.159679412841797,
            8.895463943481445,
            8.686511993408203,
            8.520184516906738,
            8.389766693115234,
            8.280987739562988,
            8.19112491607666
        ],
        "val_loss": [
            17.493074417114258,
            14.89844036102295,
            13.506003379821777,
            12.586540222167969,
            11.862404823303223,
            11.370519638061523,
            10.9299955368042,
            10.56500244140625,
            10.312540054321289,
            10.157512664794922,
            10.069324493408203,
            10.050353050231934,
            9.96510124206543,
            9.9898681640625,
            9.955973625183105
        ]
    }
}