{
    "centralized_global": {
        "loss": [
            22.587797164916992,
            17.9267635345459,
            16.527292251586914,
            15.436797142028809,
            14.63534927368164,
            14.021505355834961,
            13.512340545654297,
            13.071507453918457,
            12.687152862548828,
            12.352727890014648,
            12.061505317687988,
            11.806199073791504,
            11.582566261291504,
            11.384766578674316,
            11.207698822021484,
            11.046882629394531,
            10.89841079711914,
            10.758079528808594,
            10.62511920928955,
            10.498003959655762,
            10.375102043151855,
            10.255833625793457,
            10.139872550964355,
            10.027137756347656,
            9.917397499084473
        ],
        "val_loss": [
            21.522443771362305,
            19.509733200073242,
            18.17854118347168,
            17.139366149902344,
            16.392107009887695,
            15.781862258911133,
            15.224979400634766,
            14.74260139465332,
            14.314461708068848,
            13.975858688354492,
            13.60725212097168,
            13.31779670715332,
            13.046624183654785,
            12.805665016174316,
            12.60229206085205,
            12.436903953552246,
            12.245158195495605,
            12.096232414245605,
            11.950169563293457,
            11.792280197143555,
            11.692692756652832,
            11.565675735473633,
            11.446950912475586,
            11.33846664428711,
            11.236992835998535
        ],
        "mse": [
            876.6235961914062,
            714.2019653320312,
            617.909423828125,
            540.3643798828125,
            487.2779541015625,
            446.8988342285156,
            412.5422058105469,
            384.8974609375,
            360.9014892578125,
            343.529541015625,
            324.5304870605469,
            310.9233703613281,
            298.4635925292969,
            287.86944580078125,
            279.7049255371094,
            273.5267028808594,
            266.5245056152344,
            261.5921325683594,
            256.8432312011719,
            251.89268493652344,
            248.86293029785156,
            245.1668243408203,
            241.8113555908203,
            238.84271240234375,
            236.1044921875
        ],
        "mae": [
            21.522443771362305,
            19.509733200073242,
            18.17854118347168,
            17.139366149902344,
            16.392107009887695,
            15.781862258911133,
            15.224979400634766,
            14.74260139465332,
            14.314461708068848,
            13.975858688354492,
            13.60725212097168,
            13.31779670715332,
            13.046624183654785,
            12.805665016174316,
            12.60229206085205,
            12.436903953552246,
            12.245158195495605,
            12.096232414245605,
            11.950169563293457,
            11.792280197143555,
            11.692692756652832,
            11.565675735473633,
            11.446950912475586,
            11.33846664428711,
            11.236992835998535
        ],
        "accuracy": [
            0.0007062146905809641,
            0.0007062146905809641,
            0.0007062146905809641,
            0.0007062146905809641,
            0.0007062146905809641,
            0.0007062146905809641,
            0.0007062146905809641,
            0.0007062146905809641,
            0.0007062146905809641,
            0.0007062146905809641,
            0.0007062146905809641,
            0.0007062146905809641,
            0.0007062146905809641,
            0.0007062146905809641,
            0.0007062146905809641,
            0.0007062146905809641,
            0.0007062146905809641,
            0.0007062146905809641,
            0.0007062146905809641,
            0.0007062146905809641,
            0.0007062146905809641,
            0.0007062146905809641,
            0.0007062146905809641,
            0.0007062146905809641,
            0.0007062146905809641
        ]
    }
}