{
    "centralized_global": {
        "loss": [
            22.587797164916992,
            17.9267635345459,
            16.527292251586914,
            15.436797142028809,
            14.63534927368164,
            14.021505355834961,
            13.512340545654297,
            13.071507453918457,
            12.687152862548828,
            12.352727890014648,
            12.061505317687988,
            11.806199073791504,
            11.582566261291504,
            11.384766578674316,
            11.207698822021484,
            11.046882629394531,
            10.89841079711914,
            10.758079528808594,
            10.62511920928955,
            10.498003959655762,
            10.375102043151855,
            10.255833625793457,
            10.139872550964355,
            10.027137756347656,
            9.917397499084473
        ],
        "val_loss": [
            6.6626105308532715,
            6.861649036407471,
            6.212135314941406,
            5.998575687408447,
            5.745287895202637,
            5.517573833465576,
            5.340951919555664,
            5.139688968658447,
            4.998233795166016,
            4.793310165405273,
            4.749961853027344,
            4.6497087478637695,
            4.606180667877197,
            4.575169086456299,
            4.512956142425537,
            4.42045259475708,
            4.396852493286133,
            4.314367294311523,
            4.244572162628174,
            4.222659111022949,
            4.099416255950928,
            4.039839267730713,
            3.977609634399414,
            3.9070374965667725,
            3.829257011413574
        ],
        "mse": [
            71.13786315917969,
            71.05033111572266,
            59.85842514038086,
            56.36656951904297,
            52.713623046875,
            49.4285888671875,
            47.128265380859375,
            44.474456787109375,
            42.571292877197266,
            39.55677032470703,
            39.1980094909668,
            37.7474479675293,
            37.09587860107422,
            36.59120178222656,
            35.54669189453125,
            34.068023681640625,
            33.7414436340332,
            32.52128601074219,
            31.539730072021484,
            31.238563537597656,
            29.54958724975586,
            28.75140380859375,
            27.94013214111328,
            27.064218521118164,
            26.135364532470703
        ],
        "mae": [
            6.6626105308532715,
            6.861649036407471,
            6.212135314941406,
            5.998575687408447,
            5.745287895202637,
            5.517573833465576,
            5.340951919555664,
            5.139688968658447,
            4.998233795166016,
            4.793310165405273,
            4.749962329864502,
            4.6497087478637695,
            4.606180667877197,
            4.575169086456299,
            4.512956142425537,
            4.42045259475708,
            4.396852493286133,
            4.314367294311523,
            4.244572162628174,
            4.222659111022949,
            4.099416255950928,
            4.039839267730713,
            3.977609634399414,
            3.9070374965667725,
            3.829257011413574
        ],
        "accuracy": [
            0.0007062146905809641,
            0.0014124293811619282,
            0.0021186440717428923,
            0.0021186440717428923,
            0.0021186440717428923,
            0.0021186440717428923,
            0.0021186440717428923,
            0.0014124293811619282,
            0.0007062146905809641,
            0.0,
            0.0,
            0.0,
            0.0,
            0.0,
            0.0,
            0.0,
            0.0,
            0.0,
            0.0,
            0.0,
            0.0,
            0.0,
            0.0,
            0.0,
            0.0
        ]
    }
}