{
    "centralized_global": {
        "loss": [
            18.230632781982422,
            13.941505432128906,
            12.416522026062012,
            11.527956008911133,
            10.877923965454102,
            10.33345890045166,
            9.871946334838867,
            9.483534812927246,
            9.159679412841797,
            8.895463943481445,
            8.686511993408203,
            8.520184516906738,
            8.389766693115234,
            8.280987739562988,
            8.19112491607666
        ],
        "val_loss": [
            5.838558197021484,
            5.180381774902344,
            4.851036071777344,
            4.6709113121032715,
            4.493765830993652,
            4.1009674072265625,
            3.8808207511901855,
            3.723968267440796,
            3.654372215270996,
            3.553760528564453,
            3.524388313293457,
            3.5288069248199463,
            3.5942509174346924,
            3.5900020599365234,
            3.6436641216278076
        ]
    }
}