{
    "centralized_global": {
        "loss": [
            22.587797164916992,
            17.9267635345459,
            16.527292251586914,
            15.436797142028809,
            14.63534927368164,
            14.021505355834961,
            13.512340545654297,
            13.071507453918457,
            12.687152862548828,
            12.352727890014648,
            12.061505317687988,
            11.806199073791504,
            11.582566261291504,
            11.384766578674316,
            11.207698822021484,
            11.046882629394531,
            10.89841079711914,
            10.758079528808594,
            10.62511920928955,
            10.498003959655762,
            10.375102043151855,
            10.255833625793457,
            10.139872550964355,
            10.027137756347656,
            9.917397499084473
        ],
        "val_loss": [
            17.794734954833984,
            16.605043411254883,
            15.684453010559082,
            15.07107925415039,
            14.618558883666992,
            14.22158432006836,
            13.860559463500977,
            13.51203441619873,
            13.206681251525879,
            12.920778274536133,
            12.723162651062012,
            12.538605690002441,
            12.393986701965332,
            12.273483276367188,
            12.150606155395508,
            12.022013664245605,
            11.936369895935059,
            11.829546928405762,
            11.737378120422363,
            11.67413330078125,
            11.555904388427734,
            11.475382804870605,
            11.39592456817627,
            11.314541816711426,
            11.230401039123535
        ],
        "mse": [
            856.3562622070312,
            738.22119140625,
            663.2672729492188,
            602.5997924804688,
            558.5091552734375,
            523.064697265625,
            491.9216003417969,
            465.451416015625,
            441.8825988769531,
            423.07830810546875,
            403.8283996582031,
            388.5693054199219,
            374.5399475097656,
            362.1269226074219,
            351.74725341796875,
            343.0275573730469,
            333.9809265136719,
            326.64361572265625,
            319.6755676269531,
            312.59063720703125,
            307.2895202636719,
            301.4500427246094,
            295.9817810058594,
            290.92413330078125,
            286.168701171875
        ],
        "mae": [
            17.794734954833984,
            16.605043411254883,
            15.684453010559082,
            15.07107925415039,
            14.618558883666992,
            14.22158432006836,
            13.860559463500977,
            13.51203441619873,
            13.206681251525879,
            12.920778274536133,
            12.723162651062012,
            12.538605690002441,
            12.393986701965332,
            12.273483276367188,
            12.150606155395508,
            12.022013664245605,
            11.936369895935059,
            11.829546928405762,
            11.737378120422363,
            11.67413330078125,
            11.555904388427734,
            11.475382804870605,
            11.39592456817627,
            11.314541816711426,
            11.230401039123535
        ],
        "accuracy": [
            0.0007062146905809641,
            0.0007062146905809641,
            0.0007062146905809641,
            0.0007062146905809641,
            0.0007062146905809641,
            0.0007062146905809641,
            0.0007062146905809641,
            0.0007062146905809641,
            0.0007062146905809641,
            0.0007062146905809641,
            0.0007062146905809641,
            0.0007062146905809641,
            0.0007062146905809641,
            0.0007062146905809641,
            0.0007062146905809641,
            0.0007062146905809641,
            0.0007062146905809641,
            0.0007062146905809641,
            0.0007062146905809641,
            0.0007062146905809641,
            0.0007062146905809641,
            0.0007062146905809641,
            0.0007062146905809641,
            0.0007062146905809641,
            0.0007062146905809641
        ]
    }
}