{
    "centralized_global": {
        "loss": [
            22.83844757080078,
            17.98813819885254,
            16.76127052307129,
            15.857084274291992,
            15.16038990020752,
            14.567144393920898,
            14.028550148010254,
            13.538836479187012,
            13.104765892028809,
            12.72761344909668,
            12.407083511352539,
            12.135144233703613,
            11.89979362487793,
            11.69205093383789,
            11.504008293151855,
            11.33034896850586,
            11.168981552124023,
            11.016592025756836,
            10.871718406677246,
            10.73439884185791,
            10.60338306427002,
            10.479125022888184,
            10.360512733459473,
            10.246825218200684,
            10.138618469238281,
            10.036336898803711,
            9.938653945922852,
            9.84638500213623,
            9.758545875549316,
            9.675673484802246,
            9.598176002502441,
            9.52489948272705,
            9.456235885620117,
            9.392221450805664,
            9.332435607910156,
            9.277092933654785,
            9.225053787231445,
            9.176332473754883,
            9.131003379821777,
            9.08872127532959,
            9.050146102905273,
            9.013029098510742,
            8.978608131408691,
            8.945950508117676,
            8.915205001831055,
            8.885932922363281,
            8.857662200927734,
            8.831701278686523,
            8.806455612182617,
            8.78211784362793
        ],
        "val_loss": [
            17.862768173217773,
            16.836889266967773,
            16.07333755493164,
            15.51924991607666,
            15.061986923217773,
            14.601896286010742,
            14.176407814025879,
            13.773870468139648,
            13.398470878601074,
            13.10830020904541,
            12.85509204864502,
            12.68223762512207,
            12.546192169189453,
            12.409896850585938,
            12.287276268005371,
            12.180394172668457,
            12.055580139160156,
            11.953861236572266,
            11.863601684570312,
            11.762977600097656,
            11.663506507873535,
            11.583992958068848,
            11.490323066711426,
            11.410191535949707,
            11.335911750793457,
            11.266372680664062,
            11.204689979553223,
            11.133460998535156,
            11.073675155639648,
            11.016266822814941,
            10.965161323547363,
            10.913993835449219,
            10.857878684997559,
            10.811765670776367,
            10.7695951461792,
            10.729976654052734,
            10.690739631652832,
            10.655085563659668,
            10.619739532470703,
            10.591357231140137,
            10.557567596435547,
            10.526385307312012,
            10.498316764831543,
            10.474600791931152,
            10.44882869720459,
            10.422340393066406,
            10.400233268737793,
            10.379841804504395,
            10.355666160583496,
            10.334193229675293
        ],
        "mse": [
            862.4367065429688,
            741.897216796875,
            676.1251220703125,
            623.9984130859375,
            582.4951171875,
            549.71240234375,
            518.8653564453125,
            491.36053466796875,
            467.87994384765625,
            444.9740905761719,
            427.34649658203125,
            409.6561584472656,
            394.09857177734375,
            381.57781982421875,
            370.2724304199219,
            359.73004150390625,
            351.48248291015625,
            343.00164794921875,
            334.65228271484375,
            327.8686828613281,
            321.7096252441406,
            315.4757385253906,
            310.4061584472656,
            305.0497741699219,
            300.2112731933594,
            295.48211669921875,
            291.1632995605469,
            288.0537109375,
            284.1386413574219,
            280.5638122558594,
            276.7391357421875,
            273.6198425292969,
            271.0926818847656,
            268.759033203125,
            266.0234375,
            263.6680603027344,
            261.6247253417969,
            259.5932312011719,
            257.9129943847656,
            256.0899658203125,
            254.31764221191406,
            252.70960998535156,
            251.29469299316406,
            250.42523193359375,
            248.63453674316406,
            247.4039764404297,
            246.42898559570312,
            245.7422332763672,
            244.54629516601562,
            243.4520721435547
        ],
        "mae": [
            17.862768173217773,
            16.836889266967773,
            16.07333755493164,
            15.51924991607666,
            15.061986923217773,
            14.601896286010742,
            14.176407814025879,
            13.773870468139648,
            13.398470878601074,
            13.10830020904541,
            12.85509204864502,
            12.68223762512207,
            12.546192169189453,
            12.409896850585938,
            12.287276268005371,
            12.180394172668457,
            12.055580139160156,
            11.953861236572266,
            11.863601684570312,
            11.762977600097656,
            11.663506507873535,
            11.583992958068848,
            11.490323066711426,
            11.410191535949707,
            11.335911750793457,
            11.266372680664062,
            11.204689979553223,
            11.133460998535156,
            11.073675155639648,
            11.016266822814941,
            10.965161323547363,
            10.913993835449219,
            10.857878684997559,
            10.811765670776367,
            10.7695951461792,
            10.729976654052734,
            10.690739631652832,
            10.655085563659668,
            10.619739532470703,
            10.591357231140137,
            10.557567596435547,
            10.526385307312012,
            10.498316764831543,
            10.474600791931152,
            10.44882869720459,
            10.422340393066406,
            10.400233268737793,
            10.379841804504395,
            10.355666160583496,
            10.334193229675293
        ],