{
    "centralized_global": {
        "loss": [
            22.83844757080078,
            17.98813819885254,
            16.76127052307129,
            15.857084274291992,
            15.16038990020752,
            14.567144393920898,
            14.028550148010254,
            13.538836479187012,
            13.104765892028809,
            12.72761344909668,
            12.407083511352539,
            12.135144233703613,
            11.89979362487793,
            11.69205093383789,
            11.504008293151855,
            11.33034896850586,
            11.168981552124023,
            11.016592025756836,
            10.871718406677246,
            10.73439884185791,
            10.60338306427002,
            10.479125022888184,
            10.360512733459473,
            10.246825218200684,
            10.138618469238281,
            10.036336898803711,
            9.938653945922852,
            9.84638500213623,
            9.758545875549316,
            9.675673484802246,
            9.598176002502441,
            9.52489948272705,
            9.456235885620117,
            9.392221450805664,
            9.332435607910156,
            9.277092933654785,
            9.225053787231445,
            9.176332473754883,
            9.131003379821777,
            9.08872127532959,
            9.050146102905273,
            9.013029098510742,
            8.978608131408691,
            8.945950508117676,
            8.915205001831055,
            8.885932922363281,
            8.857662200927734,
            8.831701278686523,
            8.806455612182617,
            8.78211784362793
        ],
        "val_loss": [
            6.727753639221191,
            6.267350673675537,
            5.318687915802002,
            4.842403411865234,
            4.510786533355713,
            4.120316028594971,
            3.8099722862243652,
            3.5391125679016113,
            3.3091793060302734,
            3.213477611541748,
            3.105978012084961,
            3.0926783084869385,
            3.0945065021514893,
            3.076228141784668,
            3.058263063430786,
            3.042369842529297,
            3.0018856525421143,
            2.970179319381714,
            2.944744110107422,
            2.9000799655914307,
            2.851944923400879,
            2.8115081787109375,
            2.7551181316375732,
            2.71244215965271,
            2.667302131652832,
            2.6316463947296143,
            2.594560384750366,
            2.5355722904205322,
            2.50588059425354,
            2.477041006088257,
            2.4689714908599854,
            2.450801134109497,
            2.420229196548462,
            2.395022392272949,
            2.3934366703033447,
            2.3871381282806396,
            2.3773255348205566,
            2.3741910457611084,
            2.3653979301452637,
            2.365330696105957,
            2.3706254959106445,
            2.3765077590942383,
            2.376497507095337,
            2.3607752323150635,
            2.384909152984619,
            2.3896324634552,
            2.3835203647613525,
            2.3706743717193604,
            2.380058526992798,
            2.3926432132720947
        ],
        "mse": [
            68.01223754882812,
            61.74929428100586,
            47.166141510009766,
            41.075435638427734,
            37.21940994262695,
            32.78211212158203,
            29.610065460205078,
            26.935632705688477,
            24.459850311279297,
            23.517423629760742,
            22.08769989013672,
            21.85008430480957,
            21.748680114746094,
            21.254674911499023,
            20.795230865478516,
            20.43614959716797,
            19.635913848876953,
            19.148555755615234,
            18.794673919677734,
            18.170055389404297,
            17.518491744995117,
            17.085660934448242,
            16.413623809814453,
            15.94419002532959,
            15.480765342712402,
            15.107322692871094,
            14.773282051086426,
            14.197822570800781,
            13.916479110717773,
            13.651561737060547,
            13.545632362365723,
            13.36562442779541,
            13.077235221862793,
            12.874974250793457,
            12.806245803833008,
            12.713897705078125,
            12.604700088500977,
            12.550582885742188,
            12.455050468444824,
            12.462896347045898,
            12.447071075439453,
            12.448031425476074,
            12.431200981140137,
            12.330574989318848,
            12.479408264160156,
            12.476401329040527,
            12.449647903442383,
            12.385201454162598,
            12.431168556213379,
            12.513619422912598
        ],
        "mae": [
            6.727753639221191,
            6.267350673675537,
            5.318687915802002,
            4.842403411865234,
            4.510786533355713,
            4.120316028594971,
            3.8099722862243652,
            3.5391125679016113,
            3.3091793060302734,
            3.213477611541748,
            3.105978012084961,
            3.0926783084869385,
            3.0945065021514893,
            3.076228141784668,
            3.058263063430786,
            3.042369842529297,
            3.0018856525421143,
            2.970179319381714,
            2.944744110107422,
            2.9000799655914307,
            2.851944923400879,
            2.8115081787109375,
            2.7551181316375732,
            2.71244215965271,
            2.667302131652832,
            2.6316463947296143,
            2.594560384750366,
            2.5355722904205322,
            2.50588059425354,
            2.477041006088257,
            2.4689714908599854,
            2.450801134109497,
            2.420229196548462,
            2.395022392272949,
            2.3934366703033447,
            2.3871381282806396,
            2.3773255348205566,
            2.3741910457611084,
            2.3653979301452637,
            2.365330696105957,
            2.3706254959106445,
            2.376507520675659,
            2.376497507095337,
            2.3607752323150635,
            2.384909152984619,
            2.3896324634552,
            2.3835203647613525,
            2.3706743717193604,
            2.380058526992798,
            2.3926432132720947
        ],