{
    "centralized_global": {
        "loss": [
            22.587797164916992,
            17.9267635345459,
            16.527292251586914,
            15.436797142028809,
            14.63534927368164,
            14.021505355834961,
            13.512340545654297,
            13.071507453918457,
            12.687152862548828,
            12.352727890014648,
            12.061505317687988,
            11.806199073791504,
            11.582566261291504,
            11.384766578674316,
            11.207698822021484,
            11.046882629394531,
            10.89841079711914,
            10.758079528808594,
            10.62511920928955,
            10.498003959655762,
            10.375102043151855,
            10.255833625793457,
            10.139872550964355,
            10.027137756347656,
            9.917397499084473
        ],
        "val_loss": [
            59.42402648925781,
            56.70603942871094,
            54.7902717590332,
            53.130191802978516,
            51.830299377441406,
            50.734859466552734,
            49.727378845214844,
            48.82474899291992,
            47.97591018676758,
            47.269134521484375,
            46.50444793701172,
            45.868629455566406,
            45.25766372680664,
            44.685001373291016,
            44.19215774536133,
            43.76355743408203,
            43.29118347167969,
            42.90556335449219,
            42.533607482910156,
            42.124916076660156,
            41.845062255859375,
            41.50419998168945,
            41.1774787902832,
            40.874576568603516,
            40.588829040527344
        ],
        "mse": [
            9363.62890625,
            8722.021484375,
            8290.314453125,
            7899.7431640625,
            7599.474609375,
            7348.89404296875,
            7118.1962890625,
            6914.5146484375,
            6721.07861328125,
            6562.8349609375,
            6379.5029296875,
            6228.91162109375,
            6078.22021484375,
            5935.59130859375,
            5813.8955078125,
            5710.34130859375,
            5589.35546875,
            5494.75732421875,
            5400.955078125,
            5293.9228515625,
            5228.6865234375,
            5142.42236328125,
            5060.23681640625,
            4984.0439453125,
            4913.2578125
        ],
        "mae": [
            59.42402648925781,
            56.70603942871094,
            54.7902717590332,
            53.130191802978516,
            51.830299377441406,
            50.734859466552734,
            49.727378845214844,
            48.82474899291992,
            47.97591018676758,
            47.269134521484375,
            46.50444793701172,
            45.868629455566406,
            45.25766372680664,
            44.685001373291016,
            44.19215774536133,
            43.76355743408203,
            43.29118347167969,
            42.90556335449219,
            42.533607482910156,
            42.124916076660156,
            41.845062255859375,
            41.50419998168945,
            41.1774787902832,
            40.874576568603516,
            40.58882522583008
        ],
        "accuracy": [
            0.0,
            0.0,
            0.0,
            0.0,
            0.0,
            0.0,
            0.0,
            0.0,
            0.0,
            0.0,
            0.0,
            0.0,
            0.0,
            0.0,
            0.0,
            0.0,
            0.0,
            0.0,
            0.0,
            0.0,
            0.0,
            0.0,
            0.0,
            0.0,
            0.0
        ]
    }
}