{
    "centralized_global": {
        "loss": [
            22.83844757080078,
            17.98813819885254,
            16.76127052307129,
            15.857084274291992,
            15.16038990020752,
            14.567144393920898,
            14.028550148010254,
            13.538836479187012,
            13.104765892028809,
            12.72761344909668,
            12.407083511352539,
            12.135144233703613,
            11.89979362487793,
            11.69205093383789,
            11.504008293151855,
            11.33034896850586,
            11.168981552124023,
            11.016592025756836,
            10.871718406677246,
            10.73439884185791,
            10.60338306427002,
            10.479125022888184,
            10.360512733459473,
            10.246825218200684,
            10.138618469238281,
            10.036336898803711,
            9.938653945922852,
            9.84638500213623,
            9.758545875549316,
            9.675673484802246,
            9.598176002502441,
            9.52489948272705,
            9.456235885620117,
            9.392221450805664,
            9.332435607910156,
            9.277092933654785,
            9.225053787231445,
            9.176332473754883,
            9.131003379821777,
            9.08872127532959,
            9.050146102905273,
            9.013029098510742,
            8.978608131408691,
            8.945950508117676,
            8.915205001831055,
            8.885932922363281,
            8.857662200927734,
            8.831701278686523,
            8.806455612182617,
            8.78211784362793
        ],
        "val_loss": [
            59.564414978027344,
            56.8603515625,
            55.243927001953125,
            53.88523864746094,
            52.74818420410156,
            51.8078498840332,
            50.890628814697266,
            50.036903381347656,
            49.282989501953125,
            48.51162338256836,
            47.908485412597656,
            47.271766662597656,
            46.68307113647461,
            46.20644760131836,
            45.768001556396484,
            45.34328842163086,
            45.02012252807617,
            44.665321350097656,
            44.29957962036133,
            44.00577163696289,
            43.73645782470703,
            43.442588806152344,
            43.21765899658203,
            42.96837615966797,
            42.73797607421875,
            42.50534439086914,
            42.2786750793457,
            42.13014602661133,
            41.917030334472656,
            41.716861724853516,
            41.486846923828125,
            41.29997634887695,
            41.15620040893555,
            41.010414123535156,
            40.829532623291016,
            40.67156219482422,
            40.53432083129883,
            40.38895034790039,
            40.27383804321289,
            40.12578201293945,
            39.99440383911133,
            39.87250900268555,
            39.75924301147461,
            39.70474624633789,
            39.52338409423828,
            39.42921447753906,
            39.34727096557617,
            39.299163818359375,
            39.18959426879883,
            39.077152252197266
        ],
        "mse": [
            9393.8369140625,
            8737.3623046875,
            8372.8955078125,
            8059.21337890625,
            7801.46630859375,
            7603.17431640625,
            7407.0185546875,
            7225.72900390625,
            7066.6025390625,
            6892.6376953125,
            6759.3349609375,
            6607.5,
            6465.8603515625,
            6352.2236328125,
            6245.8671875,
            6141.2431640625,
            6065.7890625,
            5978.814453125,
            5887.51708984375,
            5817.19775390625,
            5753.47265625,
            5680.82080078125,
            5628.29296875,
            5565.88037109375,
            5508.4208984375,
            5449.12353515625,
            5391.1474609375,
            5359.88818359375,
            5306.29296875,
            5256.34765625,
            5195.71142578125,
            5147.76953125,
            5114.8818359375,
            5079.6337890625,
            5032.49072265625,
            4992.1552734375,
            4958.23046875,
            4921.05322265625,
            4893.58349609375,
            4853.7431640625,
            4820.34326171875,
            4789.34375,
            4760.87841796875,
            4750.8671875,
            4699.25341796875,
            4676.53759765625,
            4657.1416015625,
            4648.935546875,
            4619.89599609375,
            4589.38671875
        ],
        "mae": [
            59.564414978027344,
            56.8603515625,
            55.243927001953125,
            53.88523864746094,
            52.74818420410156,
            51.8078498840332,
            50.890628814697266,
            50.036903381347656,
            49.282989501953125,
            48.51162338256836,
            47.908485412597656,
            47.271766662597656,
            46.68307113647461,
            46.20644760131836,
            45.768001556396484,
            45.34328842163086,
            45.02012252807617,
            44.665321350097656,
            44.29957962036133,
            44.00577163696289,
            43.73645782470703,
            43.442588806152344,
            43.21765899658203,
            42.96837615966797,
            42.73797607421875,
            42.50534439086914,
            42.2786750793457,
            42.13014602661133,
            41.917030334472656,
            41.716861724853516,
            41.486846923828125,
            41.29997634887695,
            41.15620040893555,
            41.010414123535156,
            40.829532623291016,
            40.67156219482422,
            40.53432083129883,
            40.38895034790039,
            40.27383804321289,
            40.12578201293945,
            39.99440383911133,
            39.87250900268555,
            39.75924301147461,
            39.70474624633789,
            39.52338409423828,
            39.42921447753906,
            39.34727096557617,
            39.299163818359375,
            39.18959426879883,
            39.077152252197266
        ],
        "accuracy": [
            0.0,
            0.0,
            0.0,
            0.0,
            0.0,
            0.0,
            0.0,
            0.0,
            0.0,
            0.0,
            0.0,
            0.0,
            0.0,
            0.0,
            0.0,
            0.0,
            0.0,
            0.0,
            0.0,
            0.0,
            0.0,
            0.0,
            0.0,
            0.0,
            0.0,
            0.0,
            0.0,
            0.0,
            0.0,
            0.0,
            0.0,
            0.0,
            0.0,
            0.0,
            0.0,
            0.0,
            0.0,
            0.0,
            0.0,
            0.0,
            0.0,
            0.0,
            0.0,
            0.0,
            0.0,
            0.0,
            0.0,
            0.0,
            0.0,
            0.0
        ]
    }
}