{
    "centralized_global": {
        "loss": [
            18.230632781982422,
            13.941505432128906,
            12.416522026062012,
            11.527956008911133,
            10.877923965454102,
            10.33345890045166,
            9.871946334838867,
            9.483534812927246,
            9.159679412841797,
            8.895463943481445,
            8.686511993408203,
            8.520184516906738,
            8.389766693115234,
            8.280987739562988,
            8.19112491607666
        ],
        "val_loss": [
            14.477517127990723,
            12.725287437438965,
            11.8263578414917,
            11.296902656555176,
            10.880041122436523,
            10.515890121459961,
            10.2072172164917,
            9.97864818572998,
            9.823684692382812,
            9.707443237304688,
            9.622629165649414,
            9.577396392822266,
            9.52207088470459,
            9.506332397460938,
            9.479711532592773
        ]
    }
}