{
    "centralized_global": {
        "loss": [
            22.587797164916992,
            17.9267635345459,
            16.527292251586914,
            15.436797142028809,
            14.63534927368164,
            14.021505355834961,
            13.512340545654297,
            13.071507453918457,
            12.687152862548828,
            12.352727890014648,
            12.061505317687988,
            11.806199073791504,
            11.582566261291504,
            11.384766578674316,
            11.207698822021484,
            11.046882629394531,
            10.89841079711914,
            10.758079528808594,
            10.62511920928955,
            10.498003959655762,
            10.375102043151855,
            10.255833625793457,
            10.139872550964355,
            10.027137756347656,
            9.917397499084473
        ],
        "val_loss": [
            17.02688217163086,
            15.77161979675293,
            14.818344116210938,
            14.144099235534668,
            13.638042449951172,
            13.21571159362793,
            12.845576286315918,
            12.505420684814453,
            12.20734977722168,
            11.944875717163086,
            11.72854995727539,
            11.540666580200195,
            11.381689071655273,
            11.242629051208496,
            11.119285583496094,
            11.016971588134766,
            10.922365188598633,
            10.835403442382812,
            10.74918270111084,
            10.670384407043457,
            10.585865020751953,
            10.507242202758789,
            10.431252479553223,
            10.358835220336914,
            10.287406921386719
        ],
        "mse": [
            666.5780639648438,
            559.3049926757812,
            492.780029296875,
            440.8182067871094,
            404.5275573730469,
            376.2859191894531,
            352.0291748046875,
            331.9920349121094,
            314.6010437011719,
            301.32635498046875,
            287.86761474609375,
            277.7507019042969,
            268.716796875,
            261.0240173339844,
            254.80093383789062,
            249.81228637695312,
            244.65383911132812,
            240.6085968017578,
            236.76004028320312,
            233.0124053955078,
            230.0983428955078,
            227.02906799316406,
            224.1849822998047,
            221.58248901367188,
            219.10264587402344
        ],
        "mae": [
            17.02688217163086,
            15.771617889404297,
            14.818344116210938,
            14.144099235534668,
            13.638042449951172,
            13.21571159362793,
            12.845576286315918,
            12.505420684814453,
            12.20734977722168,
            11.944875717163086,
            11.72854995727539,
            11.540666580200195,
            11.381689071655273,
            11.242629051208496,
            11.119285583496094,
            11.016971588134766,
            10.922365188598633,
            10.835403442382812,
            10.74918270111084,
            10.670384407043457,
            10.585865020751953,
            10.507242202758789,
            10.431252479553223,
            10.358835220336914,
            10.287406921386719
        ],
        "accuracy": [
            0.0,
            0.0,
            0.0,
            0.0,
            0.0,
            0.0,
            0.0,
            0.0,
            0.0,
            0.0,
            0.0,
            0.0,
            0.0,
            0.0,
            0.0,
            0.0,
            0.0,
            0.0,
            0.0,
            0.0,
            0.0,
            0.0,
            0.0,
            0.0,
            0.0
        ]
    }
}