{
    "centralized_global": {
        "loss": [
            22.83844757080078,
            17.98813819885254,
            16.76127052307129,
            15.857084274291992,
            15.16038990020752,
            14.567144393920898,
            14.028550148010254,
            13.538836479187012,
            13.104765892028809,
            12.72761344909668,
            12.407083511352539,
            12.135144233703613,
            11.89979362487793,
            11.69205093383789,
            11.504008293151855,
            11.33034896850586,
            11.168981552124023,
            11.016592025756836,
            10.871718406677246,
            10.73439884185791,
            10.60338306427002,
            10.479125022888184,
            10.360512733459473,
            10.246825218200684,
            10.138618469238281,
            10.036336898803711,
            9.938653945922852,
            9.84638500213623,
            9.758545875549316,
            9.675673484802246,
            9.598176002502441,
            9.52489948272705,
            9.456235885620117,
            9.392221450805664,
            9.332435607910156,
            9.277092933654785,
            9.225053787231445,
            9.176332473754883,
            9.131003379821777,
            9.08872127532959,
            9.050146102905273,
            9.013029098510742,
            8.978608131408691,
            8.945950508117676,
            8.915205001831055,
            8.885932922363281,
            8.857662200927734,
            8.831701278686523,
            8.806455612182617,
            8.78211784362793
        ],
        "val_loss": [
            17.115806579589844,
            16.021631240844727,
            15.23946475982666,
            14.644323348999023,
            14.14246940612793,
            13.66583251953125,
            13.219511032104492,
            12.81686019897461,
            12.458654403686523,
            12.175080299377441,
            11.934774398803711,
            11.747737884521484,
            11.59699821472168,
            11.464869499206543,
            11.34157657623291,
            11.22622013092041,
            11.117076873779297,
            11.016273498535156,
            10.915281295776367,
            10.827303886413574,
            10.742613792419434,
            10.663601875305176,
            10.584907531738281,
            10.504291534423828,
            10.432254791259766,
            10.363448143005371,
            10.30655574798584,
            10.251720428466797,
            10.196229934692383,
            10.144901275634766,
            10.096752166748047,
            10.056564331054688,
            10.015292167663574,
            9.983189582824707,
            9.952927589416504,
            9.9243745803833,
            9.896358489990234,
            9.872305870056152,
            9.844892501831055,
            9.830986022949219,
            9.807677268981934,
            9.786341667175293,
            9.767611503601074,
            9.740848541259766,
            9.745315551757812,
            9.724653244018555,
            9.708572387695312,
            9.685184478759766,
            9.674976348876953,
            9.671293258666992
        ],
        "mse": [
            672.2035522460938,
            562.6669921875,
            504.2886962890625,
            459.6827392578125,
            425.2552490234375,
            398.755126953125,
            374.1937255859375,
            352.77313232421875,
            335.0394592285156,
            318.0452575683594,
            305.528564453125,
            293.15576171875,
            282.5748291015625,
            274.3744201660156,
            267.08709716796875,
            260.4090881347656,
            255.3332061767578,
            250.20030212402344,
            245.2013397216797,
            241.27230834960938,
            237.7435760498047,
            234.35238647460938,
            231.53363037109375,
            228.64369201660156,
            226.14303588867188,
            223.7588348388672,
            221.80833435058594,
            220.18417358398438,
            218.4223175048828,
            216.8816375732422,
            215.4427490234375,
            214.28663635253906,
            213.1629638671875,
            212.32546997070312,
            211.49356079101562,
            210.8003692626953,
            210.1553955078125,
            209.6439971923828,
            209.0806121826172,
            208.91090393066406,
            208.4613494873047,
            208.06338500976562,
            207.7800750732422,
            207.21473693847656,
            207.58224487304688,
            207.16995239257812,
            206.88336181640625,
            206.3715362548828,
            206.28509521484375,
            206.36436462402344
        ],
        "mae": [
            17.115806579589844,
            16.021631240844727,
            15.23946475982666,
            14.644323348999023,
            14.14246940612793,
            13.66583251953125,
            13.219511032104492,
            12.81686019897461,
            12.458654403686523,
            12.175080299377441,
            11.934774398803711,
            11.747737884521484,
            11.59699821472168,
            11.464869499206543,
            11.34157657623291,
            11.22622013092041,
            11.117076873779297,
            11.016273498535156,
            10.915281295776367,
            10.827303886413574,
            10.742613792419434,
            10.663601875305176,
            10.584907531738281,
            10.504291534423828,
            10.432254791259766,
            10.363448143005371,
            10.30655574798584,
            10.251720428466797,
            10.196229934692383,
            10.144901275634766,
            10.096752166748047,
            10.056564331054688,
            10.015292167663574,
            9.983189582824707,
            9.952927589416504,
            9.9243745803833,
            9.896358489990234,
            9.872305870056152,
            9.844892501831055,
            9.830986022949219,
            9.807677268981934,
            9.786341667175293,
            9.767611503601074,
            9.740848541259766,
            9.745315551757812,
            9.724653244018555,
            9.708572387695312,
            9.685184478759766,
            9.674976348876953,
            9.671293258666992
        ],
        "accuracy": [
            0.0,
            0.0,
            0.0,
            0.0,
            0.0,
            0.0,
            0.0,
            0.0,
            0.0,
            0.0,
            0.0,
            0.0,
            0.0,
            0.0,
            0.0,
            0.0,
            0.0,
            0.0,
            0.0,
            0.0,
            0.0,
            0.0,
            0.0,
            0.0,
            0.0,
            0.0,
            0.0,
            0.0,
            0.0,
            0.0,
            0.0,
            0.0,
            0.0,
            0.0,
            0.0,
            0.0,
            0.0,
            0.0,
            0.0,
            0.0,
            0.0,
            0.0,
            0.0,
            0.0,
            0.0,
            0.0,
            0.0,
            0.0,
            0.0,
            0.0
        ]
    }
}