{
    "centralized_global": {
        "loss": [
            22.83844757080078,
            17.98813819885254,
            16.76127052307129,
            15.857084274291992,
            15.16038990020752,
            14.567144393920898,
            14.028550148010254,
            13.538836479187012,
            13.104765892028809,
            12.72761344909668,
            12.407083511352539,
            12.135144233703613,
            11.89979362487793,
            11.69205093383789,
            11.504008293151855,
            11.33034896850586,
            11.168981552124023,
            11.016592025756836,
            10.871718406677246,
            10.73439884185791,
            10.60338306427002,
            10.479125022888184,
            10.360512733459473,
            10.246825218200684,
            10.138618469238281,
            10.036336898803711,
            9.938653945922852,
            9.84638500213623,
            9.758545875549316,
            9.675673484802246,
            9.598176002502441,
            9.52489948272705,
            9.456235885620117,
            9.392221450805664,
            9.332435607910156,
            9.277092933654785,
            9.225053787231445,
            9.176332473754883,
            9.131003379821777,
            9.08872127532959,
            9.050146102905273,
            9.013029098510742,
            8.978608131408691,
            8.945950508117676,
            8.915205001831055,
            8.885932922363281,
            8.857662200927734,
            8.831701278686523,
            8.806455612182617,
            8.78211784362793
        ],
        "val_loss": [
            26.492212295532227,
            24.35709571838379,
            23.09549331665039,
            22.080568313598633,
            21.214021682739258,
            20.467065811157227,
            19.740936279296875,
            19.088542938232422,
            18.529632568359375,
            17.98213005065918,
            17.551733016967773,
            17.118118286132812,
            16.72831916809082,
            16.404878616333008,
            16.10782814025879,
            15.820764541625977,
            15.587209701538086,
            15.33928108215332,
            15.09207534790039,
            14.88587760925293,
            14.694849014282227,
            14.49832534790039,
            14.335664749145508,
            14.160884857177734,
            13.997918128967285,
            13.838020324707031,
            13.686356544494629,
            13.579286575317383,
            13.439295768737793,
            13.308472633361816,
            13.161210060119629,
            13.041068077087402,
            12.946202278137207,
            12.852545738220215,
            12.740187644958496,
            12.642526626586914,
            12.557886123657227,
            12.471159934997559,
            12.401886940002441,
            12.317842483520508,
            12.245997428894043,
            12.17961597442627,
            12.118940353393555,
            12.086080551147461,
            11.995828628540039,
            11.945223808288574,
            11.901238441467285,
            11.874042510986328,
            11.817536354064941,
            11.759729385375977
        ],
        "mse": [
            1591.909423828125,
            1340.06396484375,
            1207.1328125,
            1098.4991455078125,
            1012.8875122070312,
            948.9757080078125,
            887.9104614257812,
            833.4074096679688,
            787.1735229492188,
            738.5484008789062,
            702.4917602539062,
            662.8458251953125,
            627.156982421875,
            599.3436889648438,
            574.0044555664062,
            549.7877807617188,
            532.5713500976562,
            513.3328247070312,
            493.7177429199219,
            478.8744201660156,
            465.67437744140625,
            451.14923095703125,
            440.7031555175781,
            428.68780517578125,
            417.9007873535156,
            407.0575256347656,
            396.82354736328125,
            391.22686767578125,
            382.09259033203125,
            373.8009338378906,
            364.10223388671875,
            356.6270751953125,
            351.4902038574219,
            346.2121276855469,
            339.3531188964844,
            333.63824462890625,
            328.9058532714844,
            323.87908935546875,
            320.18255615234375,
            315.1288757324219,
            310.8724670410156,
            307.0017395019531,
            303.5559997558594,
            302.2115783691406,
            296.4586486816406,
            293.7803649902344,
            291.54364013671875,
            290.4820556640625,
            287.333984375,
            284.1587829589844
        ],
        "mae": [
            26.492212295532227,
            24.35709571838379,
            23.09549331665039,
            22.080568313598633,
            21.214021682739258,
            20.467065811157227,
            19.740936279296875,
            19.088542938232422,
            18.529632568359375,
            17.98213005065918,
            17.551733016967773,
            17.118118286132812,
            16.72831916809082,
            16.404878616333008,
            16.10782814025879,
            15.820764541625977,
            15.587209701538086,
            15.33928108215332,
            15.09207534790039,
            14.88587760925293,
            14.694849014282227,
            14.49832534790039,
            14.335664749145508,
            14.160884857177734,
            13.997918128967285,
            13.838020324707031,
            13.686356544494629,
            13.579286575317383,
            13.439295768737793,
            13.308472633361816,
            13.161210060119629,
            13.041068077087402,
            12.946202278137207,
            12.852545738220215,
            12.740187644958496,
            12.642526626586914,
            12.557886123657227,
            12.471159934997559,
            12.401886940002441,
            12.317842483520508,
            12.245997428894043,
            12.17961597442627,
            12.118940353393555,
            12.086080551147461,
            11.995828628540039,
            11.945223808288574,
            11.901238441467285,
            11.874042510986328,
            11.817536354064941,
            11.759729385375977
        ],