{
    "centralized_global": {
        "loss": [
            22.587797164916992,
            17.9267635345459,
            16.527292251586914,
            15.436797142028809,
            14.63534927368164,
            14.021505355834961,
            13.512340545654297,
            13.071507453918457,
            12.687152862548828,
            12.352727890014648,
            12.061505317687988,
            11.806199073791504,
            11.582566261291504,
            11.384766578674316,
            11.207698822021484,
            11.046882629394531,
            10.89841079711914,
            10.758079528808594,
            10.62511920928955,
            10.498003959655762,
            10.375102043151855,
            10.255833625793457,
            10.139872550964355,
            10.027137756347656,
            9.917397499084473
        ],
        "val_loss": [
            26.385438919067383,
            24.202573776245117,
            22.709625244140625,
            21.493921279907227,
            20.55695152282715,
            19.76417350769043,
            19.061782836914062,
            18.452774047851562,
            17.891658782958984,
            17.431114196777344,
            16.947492599487305,
            16.5511474609375,
            16.177547454833984,
            15.844104766845703,
            15.558000564575195,
            15.314262390136719,
            15.056282043457031,
            14.848038673400879,
            14.648147583007812,
            14.436355590820312,
            14.286895751953125,
            14.109137535095215,
            13.939397811889648,
            13.781661033630371,
            13.633715629577637
        ],
        "mse": [
            1581.7335205078125,
            1341.6375732421875,
            1190.755859375,
            1062.0615234375,
            968.909423828125,
            895.116455078125,
            830.2672729492188,
            775.9423828125,
            726.78466796875,
            689.1386108398438,
            646.4981689453125,
            613.7708129882812,
            582.2047729492188,
            553.6896362304688,
            530.7053833007812,
            512.3455200195312,
            490.7546691894531,
            475.126953125,
            459.928466796875,
            442.6037292480469,
            433.4085388183594,
            420.5063171386719,
            408.5982971191406,
            397.9817810058594,
            388.4598388671875
        ],
        "mae": [
            26.385438919067383,
            24.202573776245117,
            22.709625244140625,
            21.493921279907227,
            20.55695152282715,
            19.76417350769043,
            19.061782836914062,
            18.452774047851562,
            17.891658782958984,
            17.431114196777344,
            16.947492599487305,
            16.5511474609375,
            16.177547454833984,
            15.844104766845703,
            15.558000564575195,
            15.314262390136719,
            15.056282043457031,
            14.848038673400879,
            14.648147583007812,
            14.436355590820312,
            14.286895751953125,
            14.109137535095215,
            13.939397811889648,
            13.781661033630371,
            13.633715629577637
        ],
        "accuracy": [
            0.03672316297888756,
            0.04590395465493202,
            0.04661016911268234,
            0.048728812485933304,
            0.0451977401971817,
            0.04378531128168106,
            0.04307909682393074,
            0.04237288236618042,
            0.04025423899292946,
            0.04096045345067978,
            0.0416666679084301,
            0.0416666679084301,
            0.04096045345067978,
            0.04025423899292946,
            0.03954802080988884,
            0.03954802080988884,
            0.03884180635213852,
            0.03742937743663788,
            0.03672316297888756,
            0.03742937743663788,
            0.03742937743663788,
            0.03672316297888756,
            0.0381355918943882,
            0.03884180635213852,
            0.03884180635213852
        ]
    }
}