{
    "centralized_global": {
        "loss": [
            22.83844757080078,
            17.98813819885254,
            16.76127052307129,
            15.857084274291992,
            15.16038990020752,
            14.567144393920898,
            14.028550148010254,
            13.538836479187012,
            13.104765892028809,
            12.72761344909668,
            12.407083511352539,
            12.135144233703613,
            11.89979362487793,
            11.69205093383789,
            11.504008293151855,
            11.33034896850586,
            11.168981552124023,
            11.016592025756836,
            10.871718406677246,
            10.73439884185791,
            10.60338306427002,
            10.479125022888184,
            10.360512733459473,
            10.246825218200684,
            10.138618469238281,
            10.036336898803711,
            9.938653945922852,
            9.84638500213623,
            9.758545875549316,
            9.675673484802246,
            9.598176002502441,
            9.52489948272705,
            9.456235885620117,
            9.392221450805664,
            9.332435607910156,
            9.277092933654785,
            9.225053787231445,
            9.176332473754883,
            9.131003379821777,
            9.08872127532959,
            9.050146102905273,
            9.013029098510742,
            8.978608131408691,
            8.945950508117676,
            8.915205001831055,
            8.885932922363281,
            8.857662200927734,
            8.831701278686523,
            8.806455612182617,
            8.78211784362793
        ],
        "val_loss": [
            6.498014450073242,
            5.7061614990234375,
            4.65675163269043,
            4.128623962402344,
            3.7469890117645264,
            3.310117483139038,
            2.933810234069824,
            2.6361584663391113,
            2.3992342948913574,
            2.294645071029663,
            2.1742005348205566,
            2.1380815505981445,
            2.123215913772583,
            2.0901119709014893,
            2.0737946033477783,
            2.0710020065307617,
            2.0454771518707275,
            2.035677909851074,
            2.044527292251587,
            2.0249903202056885,
            2.010920286178589,
            1.994614601135254,
            1.978446125984192,
            1.9722687005996704,
            1.9581081867218018,
            1.9515736103057861,
            1.9259246587753296,
            1.9052144289016724,
            1.895032286643982,
            1.883643388748169,
            1.8832703828811646,
            1.8733521699905396,
            1.8638865947723389,
            1.8408002853393555,
            1.8407148122787476,
            1.836682677268982,
            1.8287115097045898,
            1.8246684074401855,
            1.8193634748458862,
            1.8110246658325195,
            1.821028232574463,
            1.8297799825668335,
            1.8303812742233276,
            1.8181731700897217,
            1.8364620208740234,
            1.8467434644699097,
            1.8393504619598389,
            1.825352668762207,
            1.8362321853637695,
            1.8482500314712524
        ],
        "mse": [
            63.314552307128906,
            54.28364562988281,
            38.46757125854492,
            31.07999038696289,
            26.09586524963379,
            21.152496337890625,
            17.4945011138916,
            14.604196548461914,
            12.19090461730957,
            10.960846900939941,
            9.702971458435059,
            9.21253776550293,
            8.924956321716309,
            8.614176750183105,
            8.423986434936523,
            8.31409740447998,
            8.153616905212402,
            8.054021835327148,
            8.008265495300293,
            7.891989231109619,
            7.785386562347412,
            7.669699192047119,
            7.552826881408691,
            7.472949981689453,
            7.374545574188232,
            7.3004045486450195,
            7.178605556488037,
            7.084481716156006,
            7.015219688415527,
            6.95320987701416,
            6.931306838989258,
            6.895929336547852,
            6.854473114013672,
            6.792543411254883,
            6.803215980529785,
            6.809221267700195,
            6.804372787475586,
            6.820662021636963,
            6.820917129516602,
            6.842052936553955,
            6.907114028930664,
            6.978487491607666,
            7.012973785400391,
            6.949647903442383,
            7.128424644470215,
            7.191263675689697,
            7.179675102233887,
            7.098272800445557,
            7.1934428215026855,
            7.313642978668213
        ],
        "mae": [
            6.498014450073242,
            5.7061614990234375,
            4.65675163269043,
            4.128623962402344,
            3.7469890117645264,
            3.3101179599761963,
            2.933810234069824,
            2.6361584663391113,
            2.3992342948913574,
            2.294645071029663,
            2.1742005348205566,
            2.1380815505981445,
            2.123215913772583,
            2.0901119709014893,
            2.0737946033477783,
            2.0710020065307617,
            2.0454771518707275,
            2.035677909851074,
            2.044527292251587,
            2.0249903202056885,
            2.010920286178589,
            1.994614601135254,
            1.978446125984192,
            1.9722687005996704,
            1.9581081867218018,
            1.9515737295150757,
            1.9259246587753296,
            1.9052144289016724,
            1.895032286643982,
            1.883643388748169,
            1.8832703828811646,
            1.8733521699905396,
            1.8638865947723389,
            1.8408002853393555,
            1.8407148122787476,
            1.836682677268982,
            1.8287115097045898,
            1.8246684074401855,
            1.8193634748458862,
            1.8110246658325195,
            1.821028232574463,
            1.8297799825668335,
            1.8303812742233276,
            1.8181731700897217,
            1.8364620208740234,
            1.8467434644699097,
            1.8393504619598389,
            1.825352668762207,
            1.8362321853637695,
            1.8482500314712524
        ],