{
    "centralized_global": {
        "loss": [
            22.587797164916992,
            17.9267635345459,
            16.527292251586914,
            15.436797142028809,
            14.63534927368164,
            14.021505355834961,
            13.512340545654297,
            13.071507453918457,
            12.687152862548828,
            12.352727890014648,
            12.061505317687988,
            11.806199073791504,
            11.582566261291504,
            11.384766578674316,
            11.207698822021484,
            11.046882629394531,
            10.89841079711914,
            10.758079528808594,
            10.62511920928955,
            10.498003959655762,
            10.375102043151855,
            10.255833625793457,
            10.139872550964355,
            10.027137756347656,
            9.917397499084473
        ],
        "val_loss": [
            6.979045391082764,
            5.887860298156738,
            4.527729034423828,
            3.8105878829956055,
            3.358309745788574,
            3.027364492416382,
            2.7694690227508545,
            2.5453763008117676,
            2.389270067214966,
            2.2459793090820312,
            2.210075855255127,
            2.1551852226257324,
            2.138324737548828,
            2.132601022720337,
            2.128727912902832,
            2.1052615642547607,
            2.1207516193389893,
            2.1086394786834717,
            2.1132781505584717,
            2.1271092891693115,
            2.1079108715057373,
            2.1054728031158447,
            2.1014811992645264,
            2.0914177894592285,
            2.0859076976776123
        ],
        "mse": [
            69.30240631103516,
            54.55755615234375,
            35.65628433227539,
            27.034231185913086,
            21.727935791015625,
            18.130685806274414,
            15.553339958190918,
            13.386551856994629,
            11.854620933532715,
            10.451603889465332,
            9.861351013183594,
            9.275432586669922,
            8.9796724319458,
            8.812129020690918,
            8.68709659576416,
            8.578500747680664,
            8.558516502380371,
            8.504014015197754,
            8.461957931518555,
            8.432488441467285,
            8.341959953308105,
            8.275782585144043,
            8.207921981811523,
            8.130722999572754,
            8.073963165283203
        ],
        "mae": [
            6.979045391082764,
            5.887860298156738,
            4.527729034423828,
            3.8105878829956055,
            3.358309745788574,
            3.027364492416382,
            2.7694690227508545,
            2.5453763008117676,
            2.389270067214966,
            2.2459793090820312,
            2.210075855255127,
            2.1551852226257324,
            2.138324737548828,
            2.132601022720337,
            2.128727912902832,
            2.1052615642547607,
            2.1207516193389893,
            2.1086394786834717,
            2.1132781505584717,
            2.1271092891693115,
            2.1079108715057373,
            2.1054728031158447,
            2.1014814376831055,
            2.0914177894592285,
            2.0859076976776123
        ],
        "accuracy": [
            0.0035310734529048204,
            0.0028248587623238564,
            0.0035310734529048204,
            0.0035310734529048204,
            0.0035310734529048204,
            0.0042372881434857845,
            0.004943502601236105,
            0.0042372881434857845,
            0.0042372881434857845,
            0.0042372881434857845,
            0.0042372881434857845,
            0.0042372881434857845,
            0.0042372881434857845,
            0.0042372881434857845,
            0.0042372881434857845,
            0.0035310734529048204,
            0.0035310734529048204,
            0.0035310734529048204,
            0.0035310734529048204,
            0.0035310734529048204,
            0.0035310734529048204,
            0.0035310734529048204,
            0.0035310734529048204,
            0.0035310734529048204,
            0.0028248587623238564
        ]
    }
}