{
    "centralized_global": {
        "loss": [
            18.230632781982422,
            13.941505432128906,
            12.416522026062012,
            11.527956008911133,
            10.877923965454102,
            10.33345890045166,
            9.871946334838867,
            9.483534812927246,
            9.159679412841797,
            8.895463943481445,
            8.686511993408203,
            8.520184516906738,
            8.389766693115234,
            8.280987739562988,
            8.19112491607666
        ],
        "val_loss": [
            3.808819532394409,
            2.7402069568634033,
            2.3340775966644287,
            2.199984550476074,
            2.16829776763916,
            2.1475846767425537,
            2.1912527084350586,
            2.243386745452881,
            2.3059189319610596,
            2.328669786453247,
            2.353062152862549,
            2.3707492351531982,
            2.3623926639556885,
            2.3944780826568604,
            2.388270378112793
        ]
    }
}