{
    "centralized_global": {
        "loss": [
            18.230632781982422,
            13.941505432128906,
            12.416522026062012,
            11.527956008911133,
            10.877923965454102,
            10.33345890045166,
            9.871946334838867,
            9.483534812927246,
            9.159679412841797,
            8.895463943481445,
            8.686511993408203,
            8.520184516906738,
            8.389766693115234,
            8.280987739562988,
            8.19112491607666
        ],
        "val_loss": [
            9.00666332244873,
            7.8472700119018555,
            7.333095550537109,
            7.225515365600586,
            7.352294445037842,
            7.31817626953125,
            7.426069736480713,
            7.544534683227539,
            7.72618293762207,
            7.7639265060424805,
            7.826967716217041,
            7.928380012512207,
            7.855645656585693,
            7.950139045715332,
            7.921017646789551
        ]
    }
}