{
    "centralized_global": {
        "loss": [
            22.83844757080078,
            17.98813819885254,
            16.76127052307129,
            15.857084274291992,
            15.16038990020752,
            14.567144393920898,
            14.028550148010254,
            13.538836479187012,
            13.104765892028809,
            12.72761344909668,
            12.407083511352539,
            12.135144233703613,
            11.89979362487793,
            11.69205093383789,
            11.504008293151855,
            11.33034896850586,
            11.168981552124023,
            11.016592025756836,
            10.871718406677246,
            10.73439884185791,
            10.60338306427002,
            10.479125022888184,
            10.360512733459473,
            10.246825218200684,
            10.138618469238281,
            10.036336898803711,
            9.938653945922852,
            9.84638500213623,
            9.758545875549316,
            9.675673484802246,
            9.598176002502441,
            9.52489948272705,
            9.456235885620117,
            9.392221450805664,
            9.332435607910156,
            9.277092933654785,
            9.225053787231445,
            9.176332473754883,
            9.131003379821777,
            9.08872127532959,
            9.050146102905273,
            9.013029098510742,
            8.978608131408691,
            8.945950508117676,
            8.915205001831055,
            8.885932922363281,
            8.857662200927734,
            8.831701278686523,
            8.806455612182617,
            8.78211784362793
        ],
        "val_loss": [
            10.700069427490234,
            10.260598182678223,
            9.74554443359375,
            9.382828712463379,
            9.048699378967285,
            8.65620231628418,
            8.290614128112793,
            7.960601806640625,
            7.668691635131836,
            7.471038341522217,
            7.303678512573242,
            7.224394798278809,
            7.183074951171875,
            7.138896942138672,
            7.108270168304443,
            7.092390060424805,
            7.048163414001465,
            7.055532932281494,
            7.133949279785156,
            7.16118860244751,
            7.174705982208252,
            7.228189945220947,
            7.220491409301758,
            7.251415252685547,
            7.2750983238220215,
            7.311591148376465,
            7.353361129760742,
            7.305142879486084,
            7.337254524230957,
            7.364593505859375,
            7.4315185546875,
            7.464076042175293,
            7.447117328643799,
            7.447732448577881,
            7.489879131317139,
            7.512709617614746,
            7.519566535949707,
            7.541527271270752,
            7.533303737640381,
            7.574498653411865,
            7.5940632820129395,
            7.612083435058594,
            7.622991561889648,
            7.573277473449707,
            7.6733927726745605,
            7.672510147094727,
            7.663891315460205,
            7.617413520812988,
            7.647378921508789,
            7.689291000366211
        ],
        "mse": [
            194.71817016601562,
            168.39637756347656,
            152.69082641601562,
            143.7056121826172,
            136.93844604492188,
            129.97882080078125,
            124.3372802734375,
            119.83008575439453,
            116.30329895019531,
            115.27665710449219,
            114.0466079711914,
            115.0739974975586,
            116.6988525390625,
            117.58150482177734,
            118.56900787353516,
            119.93446350097656,
            119.81130981445312,
            120.77749633789062,
            122.25865936279297,
            122.6371078491211,
            122.73573303222656,
            123.78215789794922,
            123.45460510253906,
            123.96196746826172,
            124.33726501464844,
            124.99144744873047,
            125.86241149902344,
            124.68416595458984,
            125.34043884277344,
            125.87696075439453,
            127.40350341796875,
            128.12466430664062,
            127.65575408935547,
            127.6861343383789,
            128.68710327148438,
            129.25839233398438,
            129.42527770996094,
            129.98355102539062,
            129.79690551757812,
            130.88723754882812,
            131.3118896484375,
            131.6766357421875,
            131.9275665283203,
            130.6908721923828,
            133.15750122070312,
            132.9986114501953,
            132.7529754638672,
            131.59080505371094,
            132.2125244140625,
            133.1121063232422
        ],
        "mae": [
            10.700069427490234,
            10.260598182678223,
            9.74554443359375,
            9.382828712463379,
            9.048699378967285,
            8.65620231628418,
            8.290614128112793,
            7.960601806640625,
            7.668691635131836,
            7.471038341522217,
            7.303678512573242,
            7.224394798278809,
            7.183074951171875,
            7.138896942138672,
            7.108270168304443,
            7.092390060424805,
            7.048163414001465,
            7.055532932281494,
            7.133949279785156,
            7.16118860244751,
            7.174705982208252,
            7.228190898895264,
            7.220491409301758,
            7.251415252685547,
            7.2750983238220215,
            7.311591148376465,
            7.353361129760742,
            7.305142879486084,
            7.337254524230957,
            7.364593505859375,
            7.4315185546875,
            7.464076042175293,
            7.447117328643799,
            7.447732448577881,
            7.489879131317139,
            7.512709617614746,
            7.519566535949707,
            7.541527271270752,
            7.533303737640381,
            7.574498653411865,
            7.5940632820129395,
            7.612083435058594,
            7.622991561889648,
            7.573277473449707,
            7.6733927726745605,
            7.672510147094727,
            7.663891315460205,
            7.617413520812988,
            7.647378921508789,
            7.689291000366211
        ],
        "accuracy": [
            0.0,
            0.0,
            0.0,
            0.0,
            0.0,
            0.0,
            0.0,
            0.0,
            0.0,
            0.0,
            0.0,
            0.0,
            0.0,
            0.0,
            0.0,
            0.0,
            0.0,
            0.0,
            0.0,
            0.0,
            0.0,
            0.0,
            0.0,
            0.0,
            0.0,
            0.0,
            0.0,
            0.0,
            0.0,
            0.0,
            0.0,
            0.0,
            0.0,
            0.0,
            0.0,
            0.0,
            0.0,
            0.0,
            0.0,
            0.0,
            0.0,
            0.0,
            0.0,
            0.0,
            0.0,
            0.0,
            0.0,
            0.0,
            0.0,
            0.0
        ]
    }
}