{
    "centralized_global": {
        "loss": [
            22.587797164916992,
            17.9267635345459,
            16.527292251586914,
            15.436797142028809,
            14.63534927368164,
            14.021505355834961,
            13.512340545654297,
            13.071507453918457,
            12.687152862548828,
            12.352727890014648,
            12.061505317687988,
            11.806199073791504,
            11.582566261291504,
            11.384766578674316,
            11.207698822021484,
            11.046882629394531,
            10.89841079711914,
            10.758079528808594,
            10.62511920928955,
            10.498003959655762,
            10.375102043151855,
            10.255833625793457,
            10.139872550964355,
            10.027137756347656,
            9.917397499084473
        ],
        "val_loss": [
            10.633200645446777,
            9.963507652282715,
            9.3001127243042,
            8.900571823120117,
            8.564656257629395,
            8.269999504089355,
            8.006587982177734,
            7.765262126922607,
            7.562291622161865,
            7.379242897033691,
            7.276119709014893,
            7.185415267944336,
            7.137448310852051,
            7.114511489868164,
            7.087991237640381,
            7.072258949279785,
            7.174801826477051,
            7.205433368682861,
            7.2488884925842285,
            7.3581671714782715,
            7.3147077560424805,
            7.359727382659912,
            7.397525310516357,
            7.418469429016113,
            7.422781944274902
        ],
        "mse": [
            192.16094970703125,
            162.03244018554688,
            143.2109375,
            133.69708251953125,
            127.92938232421875,
            123.54764556884766,
            120.3062515258789,
            117.6754150390625,
            116.27129364013672,
            114.69703674316406,
            115.75355529785156,
            116.32878875732422,
            117.970458984375,
            119.99142456054688,
            121.2515640258789,
            121.76091003417969,
            124.00857543945312,
            124.58002471923828,
            125.35850524902344,
            127.55928039550781,
            126.38301086425781,
            127.17345428466797,
            127.78681182861328,
            128.03887939453125,
            127.8929672241211
        ],
        "mae": [
            10.633200645446777,
            9.963507652282715,
            9.3001127243042,
            8.900571823120117,
            8.564656257629395,
            8.269999504089355,
            8.006587982177734,
            7.765262126922607,
            7.562291622161865,
            7.379242897033691,
            7.276119709014893,
            7.185415267944336,
            7.137448310852051,
            7.114511489868164,
            7.087991237640381,
            7.072258949279785,
            7.174801826477051,
            7.205433368682861,
            7.2488884925842285,
            7.3581671714782715,
            7.3147077560424805,
            7.359727382659912,
            7.397525310516357,
            7.418469429016113,
            7.422781944274902
        ],
        "accuracy": [
            0.0,
            0.0,
            0.0,
            0.0,
            0.0,
            0.0,
            0.0,
            0.0,
            0.0,
            0.0,
            0.0,
            0.0,
            0.0,
            0.0,
            0.0,
            0.0,
            0.0,
            0.0,
            0.0,
            0.0,
            0.0,
            0.0,
            0.0,
            0.0,
            0.0
        ]
    }
}