{
    "centralized_global": {
        "loss": [
            22.587797164916992,
            17.9267635345459,
            16.527292251586914,
            15.436797142028809,
            14.63534927368164,
            14.021505355834961,
            13.512340545654297,
            13.071507453918457,
            12.687152862548828,
            12.352727890014648,
            12.061505317687988,
            11.806199073791504,
            11.582566261291504,
            11.384766578674316,
            11.207698822021484,
            11.046882629394531,
            10.89841079711914,
            10.758079528808594,
            10.62511920928955,
            10.498003959655762,
            10.375102043151855,
            10.255833625793457,
            10.139872550964355,
            10.027137756347656,
            9.917397499084473
        ],
        "val_loss": [
            8.783369064331055,
            7.9996490478515625,
            6.911129951477051,
            6.310906887054443,
            5.938604354858398,
            5.686919689178467,
            5.525335788726807,
            5.389043807983398,
            5.323078155517578,
            5.227627277374268,
            5.287527084350586,
            5.295053482055664,
            5.350605487823486,
            5.4205121994018555,
            5.457317352294922,
            5.467042922973633,
            5.5254034996032715,
            5.522579669952393,
            5.517287254333496,
            5.551248550415039,
            5.476529598236084,
            5.459104061126709,
            5.433889389038086,
            5.398342132568359,
            5.351661205291748
        ],
        "mse": [
            108.25791931152344,
            91.20361328125,
            73.54924011230469,
            66.10674285888672,
            61.534576416015625,
            58.66301345825195,
            57.306705474853516,
            56.08617401123047,
            55.80584716796875,
            54.590538024902344,
            56.07537078857422,
            56.474151611328125,
            57.70909881591797,
            59.07155227661133,
            59.592437744140625,
            59.3708610534668,
            60.57765579223633,
            60.335304260253906,
            60.23604202270508,
            61.17713165283203,
            59.564414978027344,
            59.395023345947266,
            59.07979202270508,
            58.50905227661133,
            57.677120208740234
        ],
        "mae": [
            8.783369064331055,
            7.9996490478515625,
            6.911129951477051,
            6.310906887054443,
            5.938604354858398,
            5.686919689178467,
            5.525335788726807,
            5.389043807983398,
            5.323078155517578,
            5.227627277374268,
            5.287527084350586,
            5.295053482055664,
            5.350605487823486,
            5.4205121994018555,
            5.457317352294922,
            5.467042922973633,
            5.5254034996032715,
            5.522579669952393,
            5.517287254333496,
            5.551249027252197,
            5.476529598236084,
            5.459104061126709,
            5.433889389038086,
            5.398342132568359,
            5.351661205291748
        ],
        "accuracy": [
            0.0,
            0.0,
            0.0,
            0.0,
            0.0,
            0.0,
            0.0,
            0.0,
            0.0,
            0.0,
            0.0,
            0.0,
            0.0,
            0.0,
            0.0,
            0.0,
            0.0,
            0.0,
            0.0,
            0.0,
            0.0,
            0.0,
            0.0,
            0.0,
            0.0
        ]
    }
}