{
    "centralized_global": {
        "loss": [
            22.83844757080078,
            17.98813819885254,
            16.76127052307129,
            15.857084274291992,
            15.16038990020752,
            14.567144393920898,
            14.028550148010254,
            13.538836479187012,
            13.104765892028809,
            12.72761344909668,
            12.407083511352539,
            12.135144233703613,
            11.89979362487793,
            11.69205093383789,
            11.504008293151855,
            11.33034896850586,
            11.168981552124023,
            11.016592025756836,
            10.871718406677246,
            10.73439884185791,
            10.60338306427002,
            10.479125022888184,
            10.360512733459473,
            10.246825218200684,
            10.138618469238281,
            10.036336898803711,
            9.938653945922852,
            9.84638500213623,
            9.758545875549316,
            9.675673484802246,
            9.598176002502441,
            9.52489948272705,
            9.456235885620117,
            9.392221450805664,
            9.332435607910156,
            9.277092933654785,
            9.225053787231445,
            9.176332473754883,
            9.131003379821777,
            9.08872127532959,
            9.050146102905273,
            9.013029098510742,
            8.978608131408691,
            8.945950508117676,
            8.915205001831055,
            8.885932922363281,
            8.857662200927734,
            8.831701278686523,
            8.806455612182617,
            8.78211784362793
        ],
        "val_loss": [
            37.56867218017578,
            34.91260528564453,
            33.293373107910156,
            31.992469787597656,
            30.924951553344727,
            30.042016983032227,
            29.187152862548828,
            28.396148681640625,
            27.698564529418945,
            26.99876594543457,
            26.449077606201172,
            25.870155334472656,
            25.337364196777344,
            24.90019989013672,
            24.493087768554688,
            24.0980224609375,
            23.79493522644043,
            23.46023941040039,
            23.11302947998047,
            22.830310821533203,
            22.569541931152344,
            22.289627075195312,
            22.07064437866211,
            21.826244354248047,
            21.598886489868164,
            21.370155334472656,
            21.150278091430664,
            21.002534866333008,
            20.79794692993164,
            20.607948303222656,
            20.393293380737305,
            20.217004776000977,
            20.080204010009766,
            19.94363784790039,
            19.776948928833008,
            19.632301330566406,
            19.506772994995117,
            19.37479591369629,
            19.26953125,
            19.136987686157227,
            19.02048683166504,
            18.91175651550293,
            18.810211181640625,
            18.757726669311523,
            18.601470947265625,
            18.517444610595703,
            18.44353485107422,
            18.400951385498047,
            18.3043270111084,
            18.20669937133789
        ],
        "mse": [
            3181.56103515625,
            2787.451904296875,
            2573.234619140625,
            2393.706298828125,
            2249.296142578125,
            2139.964599609375,
            2033.5347900390625,
            1936.7294921875,
            1853.0853271484375,
            1763.057861328125,
            1695.173583984375,
            1618.8988037109375,
            1548.8355712890625,
            1493.45361328125,
            1442.2470703125,
            1392.4901123046875,
            1357.058837890625,
            1316.6171875,
            1274.635498046875,
            1242.7369384765625,
            1214.1331787109375,
            1181.8668212890625,
            1158.8238525390625,
            1131.644287109375,
            1106.9281005859375,
            1081.6566162109375,
            1057.2794189453125,
            1044.4083251953125,
            1022.2262573242188,
            1001.80078125,
            977.184326171875,
            958.0332641601562,
            945.1029052734375,
            931.3734741210938,
            912.9917602539062,
            897.483642578125,
            884.61181640625,
            870.5826416015625,
            860.3850708007812,
            845.6010131835938,
            833.2999877929688,
            821.9968872070312,
            811.7571411132812,
            808.390625,
            789.8208618164062,
            781.8449096679688,
            775.1580810546875,
            772.5333862304688,
            762.43017578125,
            751.9182739257812
        ],
        "mae": [
            37.56867218017578,
            34.91260528564453,
            33.293373107910156,
            31.992469787597656,
            30.924951553344727,
            30.042016983032227,
            29.187152862548828,
            28.396148681640625,
            27.698564529418945,
            26.99876594543457,
            26.449077606201172,
            25.870155334472656,
            25.337364196777344,
            24.90019989013672,
            24.493087768554688,
            24.0980224609375,
            23.79493522644043,
            23.46023941040039,
            23.11302947998047,
            22.830310821533203,
            22.569541931152344,
            22.289627075195312,
            22.07064437866211,
            21.826244354248047,
            21.598886489868164,
            21.370155334472656,
            21.150278091430664,
            21.002534866333008,
            20.79794692993164,
            20.607948303222656,
            20.393293380737305,
            20.217004776000977,
            20.080204010009766,
            19.94363784790039,
            19.776948928833008,
            19.632301330566406,
            19.506772994995117,
            19.37479591369629,
            19.26953125,
            19.136987686157227,
            19.02048683166504,
            18.91175651550293,
            18.810211181640625,
            18.757726669311523,
            18.601470947265625,
            18.517444610595703,
            18.44353485107422,
            18.400951385498047,
            18.3043270111084,
            18.20669937133789
        ],