{
    "centralized_global": {
        "loss": [
            18.230632781982422,
            13.941505432128906,
            12.416522026062012,
            11.527956008911133,
            10.877923965454102,
            10.33345890045166,
            9.871946334838867,
            9.483534812927246,
            9.159679412841797,
            8.895463943481445,
            8.686511993408203,
            8.520184516906738,
            8.389766693115234,
            8.280987739562988,
            8.19112491607666
        ],
        "val_loss": [
            32.350860595703125,
            28.338115692138672,
            25.92394256591797,
            24.184123992919922,
            22.773590087890625,
            21.80048942565918,
            20.837787628173828,
            19.97443199157715,
            19.154260635375977,
            18.550146102905273,
            18.01198387145996,
            17.51727867126465,
            17.22873306274414,
            16.84148406982422,
            16.593687057495117
        ]
    }
}