{
    "centralized_global": {
        "loss": [
            22.587797164916992,
            17.9267635345459,
            16.527292251586914,
            15.436797142028809,
            14.63534927368164,
            14.021505355834961,
            13.512340545654297,
            13.071507453918457,
            12.687152862548828,
            12.352727890014648,
            12.061505317687988,
            11.806199073791504,
            11.582566261291504,
            11.384766578674316,
            11.207698822021484,
            11.046882629394531,
            10.89841079711914,
            10.758079528808594,
            10.62511920928955,
            10.498003959655762,
            10.375102043151855,
            10.255833625793457,
            10.139872550964355,
            10.027137756347656,
            9.917397499084473
        ],
        "val_loss": [
            28.05970573425293,
            25.629989624023438,
            24.066383361816406,
            22.722410202026367,
            21.72848129272461,
            20.893386840820312,
            20.118703842163086,
            19.455928802490234,
            18.8475399017334,
            18.372554779052734,
            17.840534210205078,
            17.423057556152344,
            17.01834487915039,
            16.651586532592773,
            16.35302734375,
            16.11667251586914,
            15.849686622619629,
            15.647343635559082,
            15.450044631958008,
            15.231237411499023,
            15.09959602355957,
            14.930122375488281,
            14.771171569824219,
            14.626675605773926,
            14.49201488494873
        ],
        "mse": [
            1455.034912109375,
            1213.7008056640625,
            1068.2584228515625,
            945.5099487304688,
            858.5155639648438,
            790.3468627929688,
            730.720703125,
            681.531005859375,
            637.524169921875,
            604.85498046875,
            567.6359252929688,
            540.0510864257812,
            513.762451171875,
            490.4901428222656,
            472.215576171875,
            458.0932312011719,
            441.3039245605469,
            429.6014709472656,
            418.2437744140625,
            405.38055419921875,
            398.8607482910156,
            389.5625,
            381.0895690917969,
            373.6531677246094,
            367.021728515625
        ],
        "mae": [
            28.05970573425293,
            25.629989624023438,
            24.066383361816406,
            22.722410202026367,
            21.72848129272461,
            20.893386840820312,
            20.118703842163086,
            19.455928802490234,
            18.8475399017334,
            18.372554779052734,
            17.840534210205078,
            17.423057556152344,
            17.01834487915039,
            16.651588439941406,
            16.35302734375,
            16.11667251586914,
            15.849686622619629,
            15.647343635559082,
            15.450044631958008,
            15.231237411499023,
            15.09959602355957,
            14.930122375488281,
            14.771171569824219,
            14.626675605773926,
            14.49201488494873
        ],
        "accuracy": [
            0.0,
            0.0,
            0.0,
            0.0,
            0.0,
            0.0,
            0.0,
            0.0,
            0.0,
            0.0,
            0.0,
            0.0,
            0.0,
            0.0,
            0.0,
            0.0,
            0.0,
            0.0,
            0.0,
            0.0,
            0.0,
            0.0,
            0.0,
            0.0,
            0.0
        ]
    }
}