{
    "centralized_global": {
        "loss": [
            22.587797164916992,
            17.9267635345459,
            16.527292251586914,
            15.436797142028809,
            14.63534927368164,
            14.021505355834961,
            13.512340545654297,
            13.071507453918457,
            12.687152862548828,
            12.352727890014648,
            12.061505317687988,
            11.806199073791504,
            11.582566261291504,
            11.384766578674316,
            11.207698822021484,
            11.046882629394531,
            10.89841079711914,
            10.758079528808594,
            10.62511920928955,
            10.498003959655762,
            10.375102043151855,
            10.255833625793457,
            10.139872550964355,
            10.027137756347656,
            9.917397499084473
        ],
        "val_loss": [
            8.42325496673584,
            7.907728672027588,
            7.346683025360107,
            7.064357280731201,
            6.827816009521484,
            6.587582111358643,
            6.398183822631836,
            6.241197109222412,
            6.125473976135254,
            5.995080471038818,
            6.000396728515625,
            5.99272346496582,
            6.043483734130859,
            6.118520736694336,
            6.159331321716309,
            6.160458087921143,
            6.243790149688721,
            6.249981880187988,
            6.268465042114258,
            6.345355033874512,
            6.277979850769043,
            6.2943034172058105,
            6.30246114730835,
            6.294615745544434,
            6.272811412811279
        ],
        "mse": [
            123.04437255859375,
            108.05985260009766,
            96.83494567871094,
            92.91059875488281,
            90.31464385986328,
            88.06559753417969,
            86.60012817382812,
            85.19591522216797,
            84.7418212890625,
            83.48089599609375,
            85.05023193359375,
            85.61029052734375,
            87.14669036865234,
            88.90509033203125,
            89.78217315673828,
            89.75296020507812,
            91.54414367675781,
            91.5676498413086,
            91.85603332519531,
            93.51251220703125,
            91.86322021484375,
            92.14849090576172,
            92.26908111572266,
            92.04090118408203,
            91.47187042236328
        ],
        "mae": [
            8.42325496673584,
            7.907728672027588,
            7.346683025360107,
            7.064357280731201,
            6.827816009521484,
            6.587582111358643,
            6.398183822631836,
            6.241197109222412,
            6.125473976135254,
            5.995080471038818,
            6.000396728515625,
            5.99272346496582,
            6.043483734130859,
            6.118520736694336,
            6.159331321716309,
            6.160458087921143,
            6.243790149688721,
            6.249981880187988,
            6.268465042114258,
            6.345355033874512,
            6.277979850769043,
            6.2943034172058105,
            6.30246114730835,
            6.294615745544434,
            6.272811412811279
        ],
        "accuracy": [
            0.0007062146905809641,
            0.0007062146905809641,
            0.0007062146905809641,
            0.0007062146905809641,
            0.0007062146905809641,
            0.0007062146905809641,
            0.0007062146905809641,
            0.0007062146905809641,
            0.0007062146905809641,
            0.0007062146905809641,
            0.0007062146905809641,
            0.0007062146905809641,
            0.0007062146905809641,
            0.0007062146905809641,
            0.0007062146905809641,
            0.0007062146905809641,
            0.0007062146905809641,
            0.0007062146905809641,
            0.0007062146905809641,
            0.0007062146905809641,
            0.0007062146905809641,
            0.0007062146905809641,
            0.0007062146905809641,
            0.0007062146905809641,
            0.0007062146905809641
        ]
    }
}