{
    "centralized_global": {
        "loss": [
            22.83844757080078,
            17.98813819885254,
            16.76127052307129,
            15.857084274291992,
            15.16038990020752,
            14.567144393920898,
            14.028550148010254,
            13.538836479187012,
            13.104765892028809,
            12.72761344909668,
            12.407083511352539,
            12.135144233703613,
            11.89979362487793,
            11.69205093383789,
            11.504008293151855,
            11.33034896850586,
            11.168981552124023,
            11.016592025756836,
            10.871718406677246,
            10.73439884185791,
            10.60338306427002,
            10.479125022888184,
            10.360512733459473,
            10.246825218200684,
            10.138618469238281,
            10.036336898803711,
            9.938653945922852,
            9.84638500213623,
            9.758545875549316,
            9.675673484802246,
            9.598176002502441,
            9.52489948272705,
            9.456235885620117,
            9.392221450805664,
            9.332435607910156,
            9.277092933654785,
            9.225053787231445,
            9.176332473754883,
            9.131003379821777,
            9.08872127532959,
            9.050146102905273,
            9.013029098510742,
            8.978608131408691,
            8.945950508117676,
            8.915205001831055,
            8.885932922363281,
            8.857662200927734,
            8.831701278686523,
            8.806455612182617,
            8.78211784362793
        ],
        "val_loss": [
            8.445788383483887,
            8.191061019897461,
            7.800446033477783,
            7.549518585205078,
            7.278539657592773,
            6.925755023956299,
            6.601852893829346,
            6.31338357925415,
            6.079074859619141,
            5.975643157958984,
            5.8715081214904785,
            5.881494045257568,
            5.944209098815918,
            5.9761271476745605,
            6.018155574798584,
            6.080264568328857,
            6.065694332122803,
            6.098119735717773,
            6.153567314147949,
            6.149046421051025,
            6.133064270019531,
            6.153842449188232,
            6.116052150726318,
            6.116623878479004,
            6.107812881469727,
            6.111577033996582,
            6.117257118225098,
            6.046739101409912,
            6.049954891204834,
            6.0488810539245605,
            6.0861310958862305,
            6.090367794036865,
            6.05214262008667,
            6.028116703033447,
            6.044660568237305,
            6.044700622558594,
            6.031411170959473,
            6.031857490539551,
            6.008399486541748,
            6.025313377380371,
            6.028677463531494,
            6.0309529304504395,
            6.026747226715088,
            5.972436904907227,
            6.042342662811279,
            6.031619548797607,
            6.012151718139648,
            5.9632368087768555,
            5.978054046630859,
            6.001181602478027
        ],
        "mse": [
            124.5979995727539,
            114.48442840576172,
            105.53297424316406,
            101.3655776977539,
            97.8655776977539,
            92.91752624511719,
            89.25315856933594,
            86.32464599609375,
            83.77848815917969,
            83.7965087890625,
            82.8326187133789,
            84.22936248779297,
            86.00695037841797,
            86.6869888305664,
            87.42196655273438,
            88.50592803955078,
            87.89872741699219,
            88.41849517822266,
            89.48780059814453,
            89.32412719726562,
            88.887939453125,
            89.34362030029297,
            88.48802947998047,
            88.47610473632812,
            88.300048828125,
            88.41295623779297,
            88.64432525634766,
            87.06643676757812,
            87.18087005615234,
            87.18555450439453,
            88.07288360595703,
            88.24210357666016,
            87.42288970947266,
            87.01367950439453,
            87.47109985351562,
            87.5629653930664,
            87.33475494384766,
            87.44002532958984,
            86.96453094482422,
            87.48643493652344,
            87.55838775634766,
            87.599365234375,
            87.52643585205078,
            86.30340576171875,
            87.96845245361328,
            87.64950561523438,
            87.23059844970703,
            86.12664031982422,
            86.42261505126953,
            86.92884063720703
        ],
        "mae": [
            8.445788383483887,
            8.191061019897461,
            7.800446033477783,
            7.549518585205078,
            7.278539657592773,
            6.925755023956299,
            6.601852893829346,
            6.31338357925415,
            6.079074859619141,
            5.975643157958984,
            5.8715081214904785,
            5.881494045257568,
            5.944209098815918,
            5.9761271476745605,
            6.018155574798584,
            6.080264568328857,
            6.065694332122803,
            6.098119735717773,
            6.153567314147949,
            6.149046421051025,
            6.133064270019531,
            6.153842449188232,
            6.116052150726318,
            6.116623878479004,
            6.107812881469727,
            6.111577033996582,
            6.117257118225098,
            6.046739101409912,
            6.049954891204834,
            6.0488810539245605,
            6.0861310958862305,
            6.090367794036865,
            6.05214262008667,
            6.028116703033447,
            6.044660568237305,
            6.044700622558594,
            6.031411170959473,
            6.031857490539551,
            6.008399486541748,
            6.025313377380371,
            6.028677463531494,
            6.0309529304504395,
            6.026747226715088,
            5.972436904907227,
            6.042342662811279,
            6.031619548797607,
            6.012151718139648,
            5.9632368087768555,
            5.978053569793701,
            6.001181602478027
        ],