{
    "centralized_global": {
        "loss": [
            18.230632781982422,
            13.941505432128906,
            12.416522026062012,
            11.527956008911133,
            10.877923965454102,
            10.33345890045166,
            9.871946334838867,
            9.483534812927246,
            9.159679412841797,
            8.895463943481445,
            8.686511993408203,
            8.520184516906738,
            8.389766693115234,
            8.280987739562988,
            8.19112491607666
        ],
        "val_loss": [
            20.58893585205078,
            17.628910064697266,
            15.94199275970459,
            14.792073249816895,
            13.876073837280273,
            13.190587043762207,
            12.577535629272461,
            12.071015357971191,
            11.638049125671387,
            11.316523551940918,
            11.052224159240723,
            10.83545970916748,
            10.694140434265137,
            10.530858039855957,
            10.418536186218262
        ]
    }
}