{
    "centralized_global": {
        "loss": [
            22.587797164916992,
            17.9267635345459,
            16.527292251586914,
            15.436797142028809,
            14.63534927368164,
            14.021505355834961,
            13.512340545654297,
            13.071507453918457,
            12.687152862548828,
            12.352727890014648,
            12.061505317687988,
            11.806199073791504,
            11.582566261291504,
            11.384766578674316,
            11.207698822021484,
            11.046882629394531,
            10.89841079711914,
            10.758079528808594,
            10.62511920928955,
            10.498003959655762,
            10.375102043151855,
            10.255833625793457,
            10.139872550964355,
            10.027137756347656,
            9.917397499084473
        ],
        "val_loss": [
            7.832372665405273,
            7.159569263458252,
            6.333840370178223,
            5.943388938903809,
            5.696503162384033,
            5.510883808135986,
            5.38381814956665,
            5.270233631134033,
            5.219679832458496,
            5.142573833465576,
            5.207157135009766,
            5.214059829711914,
            5.263818264007568,
            5.314975738525391,
            5.3278961181640625,
            5.306417942047119,
            5.349898815155029,
            5.327998161315918,
            5.313344955444336,
            5.343963146209717,
            5.261329650878906,
            5.243031024932861,
            5.217973232269287,
            5.181732177734375,
            5.135653495788574
        ],
        "mse": [
            90.598876953125,
            79.6496810913086,
            66.58914184570312,
            62.53447723388672,
            60.06106185913086,
            58.34355545043945,
            57.58419418334961,
            56.72795104980469,
            56.65336608886719,
            55.60144805908203,
            57.08783721923828,
            57.46736526489258,
            58.6042594909668,
            59.82438278198242,
            60.24059295654297,
            59.892704010009766,
            60.933753967285156,
            60.56359100341797,
            60.36763000488281,
            61.16193771362305,
            59.5001335144043,
            59.24604034423828,
            58.86360168457031,
            58.232627868652344,
            57.373924255371094
        ],
        "mae": [
            7.832372665405273,
            7.159569263458252,
            6.333840370178223,
            5.943388938903809,
            5.696503162384033,
            5.510883808135986,
            5.38381814956665,
            5.270233631134033,
            5.219679832458496,
            5.142573833465576,
            5.207157135009766,
            5.214059829711914,
            5.263818264007568,
            5.314975738525391,
            5.3278961181640625,
            5.306417942047119,
            5.349898815155029,
            5.327998161315918,
            5.313344955444336,
            5.343963146209717,
            5.261329650878906,
            5.2430315017700195,
            5.217973232269287,
            5.181732177734375,
            5.135653495788574
        ],
        "accuracy": [
            0.0042372881434857845,
            0.0042372881434857845,
            0.0042372881434857845,
            0.0042372881434857845,
            0.0042372881434857845,
            0.0042372881434857845,
            0.0042372881434857845,
            0.0035310734529048204,
            0.0042372881434857845,
            0.0042372881434857845,
            0.0042372881434857845,
            0.0042372881434857845,
            0.0042372881434857845,
            0.0042372881434857845,
            0.0042372881434857845,
            0.0042372881434857845,
            0.0042372881434857845,
            0.0042372881434857845,
            0.0042372881434857845,
            0.0042372881434857845,
            0.0042372881434857845,
            0.0042372881434857845,
            0.0042372881434857845,
            0.0042372881434857845,
            0.0042372881434857845
        ]
    }
}