{
    "centralized_global": {
        "loss": [
            22.83844757080078,
            17.98813819885254,
            16.76127052307129,
            15.857084274291992,
            15.16038990020752,
            14.567144393920898,
            14.028550148010254,
            13.538836479187012,
            13.104765892028809,
            12.72761344909668,
            12.407083511352539,
            12.135144233703613,
            11.89979362487793,
            11.69205093383789,
            11.504008293151855,
            11.33034896850586,
            11.168981552124023,
            11.016592025756836,
            10.871718406677246,
            10.73439884185791,
            10.60338306427002,
            10.479125022888184,
            10.360512733459473,
            10.246825218200684,
            10.138618469238281,
            10.036336898803711,
            9.938653945922852,
            9.84638500213623,
            9.758545875549316,
            9.675673484802246,
            9.598176002502441,
            9.52489948272705,
            9.456235885620117,
            9.392221450805664,
            9.332435607910156,
            9.277092933654785,
            9.225053787231445,
            9.176332473754883,
            9.131003379821777,
            9.08872127532959,
            9.050146102905273,
            9.013029098510742,
            8.978608131408691,
            8.945950508117676,
            8.915205001831055,
            8.885932922363281,
            8.857662200927734,
            8.831701278686523,
            8.806455612182617,
            8.78211784362793
        ],
        "val_loss": [
            7.6955671310424805,
            7.327451705932617,
            6.685609817504883,
            6.377213954925537,
            6.133328437805176,
            5.798926830291748,
            5.532466888427734,
            5.30539083480835,
            5.115532875061035,
            5.0693278312683105,
            4.984273910522461,
            5.039577007293701,
            5.115033149719238,
            5.135736465454102,
            5.153969764709473,
            5.180792808532715,
            5.135941505432129,
            5.132918834686279,
            5.148639678955078,
            5.113504886627197,
            5.069073677062988,
            5.0538225173950195,
            4.991247653961182,
            4.961278915405273,
            4.925574779510498,
            4.901159286499023,
            4.878203868865967,
            4.801424503326416,
            4.781730651855469,
            4.758946418762207,
            4.766050338745117,
            4.74976921081543,
            4.704652309417725,
            4.670797348022461,
            4.668062686920166,
            4.655553817749023,
            4.634275436401367,
            4.62501335144043,
            4.599503040313721,
            4.602632999420166,
            4.598162651062012,
            4.593498706817627,
            4.583433628082275,
            4.537021160125732,
            4.582796573638916,
            4.571514129638672,
            4.550486087799072,
            4.508505821228027,
            4.515340805053711,
            4.530519008636475
        ],
        "mse": [
            89.37415313720703,
            84.6488037109375,
            73.93482971191406,
            69.83843231201172,
            66.97572326660156,
            62.61442947387695,
            59.7706298828125,
            57.460693359375,
            55.20948028564453,
            55.36388397216797,
            54.286651611328125,
            55.34859848022461,
            56.603790283203125,
            56.78021240234375,
            56.954063415527344,
            57.36778259277344,
            56.38582992553711,
            56.295494079589844,
            56.59968566894531,
            55.95249557495117,
            55.11570358276367,
            54.9367561340332,
            53.827701568603516,
            53.326595306396484,
            52.73440933227539,
            52.34503173828125,
            52.054931640625,
            50.631465911865234,
            50.2978515625,
            49.9139289855957,
            50.07516098022461,
            49.81898880004883,
            48.995513916015625,
            48.453330993652344,
            48.41184997558594,
            48.183937072753906,
            47.793304443359375,
            47.60165023803711,
            47.1180305480957,
            47.1826286315918,
            47.0037956237793,
            46.823326110839844,
            46.601806640625,
            45.821590423583984,
            46.488861083984375,
            46.16151809692383,
            45.794189453125,
            45.12685012817383,
            45.125022888183594,
            45.23005676269531
        ],
        "mae": [
            7.6955671310424805,
            7.327451705932617,
            6.685609817504883,
            6.377213954925537,
            6.133328437805176,
            5.798926830291748,
            5.532466888427734,
            5.30539083480835,
            5.115532875061035,
            5.0693278312683105,
            4.984273910522461,
            5.039577007293701,
            5.115033149719238,
            5.135736465454102,
            5.153969764709473,
            5.180792808532715,
            5.135941505432129,
            5.132918834686279,
            5.148639678955078,
            5.113504886627197,
            5.069073677062988,
            5.0538225173950195,
            4.991247653961182,
            4.961278915405273,
            4.925574779510498,
            4.901159286499023,
            4.878203868865967,
            4.801424503326416,
            4.781730651855469,
            4.758946418762207,
            4.766050338745117,
            4.74976921081543,
            4.704652309417725,
            4.670797348022461,
            4.668062686920166,
            4.655553817749023,
            4.634275436401367,
            4.62501335144043,
            4.599503040313721,
            4.602632999420166,
            4.598162651062012,
            4.593498706817627,
            4.583433628082275,
            4.537021160125732,
            4.582796573638916,
            4.571514129638672,
            4.550486087799072,
            4.508505821228027,
            4.515340805053711,
            4.530519008636475
        ],