{
    "centralized_global": {
        "loss": [
            18.230632781982422,
            13.941505432128906,
            12.416522026062012,
            11.527956008911133,
            10.877923965454102,
            10.33345890045166,
            9.871946334838867,
            9.483534812927246,
            9.159679412841797,
            8.895463943481445,
            8.686511993408203,
            8.520184516906738,
            8.389766693115234,
            8.280987739562988,
            8.19112491607666
        ],
        "val_loss": [
            5.870699882507324,
            5.240553379058838,
            5.255545139312744,
            5.3776631355285645,
            5.428425312042236,
            5.203445911407471,
            5.1266021728515625,
            5.068907737731934,
            5.078543186187744,
            5.000057220458984,
            4.977808952331543,
            4.989687442779541,
            4.906858921051025,
            4.951422214508057,
            4.913369178771973
        ]
    }
}