{
    "centralized_global": {
        "loss": [
            18.230632781982422,
            13.941505432128906,
            12.416522026062012,
            11.527956008911133,
            10.877923965454102,
            10.33345890045166,
            9.871946334838867,
            9.483534812927246,
            9.159679412841797,
            8.895463943481445,
            8.686511993408203,
            8.520184516906738,
            8.389766693115234,
            8.280987739562988,
            8.19112491607666
        ],
        "val_loss": [
            67.90196990966797,
            61.522552490234375,
            57.46767807006836,
            54.419898986816406,
            51.859397888183594,
            50.152137756347656,
            48.35543441772461,
            46.7113037109375,
            45.09853744506836,
            43.93703079223633,
            42.84159469604492,
            41.77431869506836,
            41.19160461425781,
            40.27069091796875,
            39.70726776123047
        ]
    }
}