{
    "centralized_global": {
        "loss": [
            22.83844757080078,
            17.98813819885254,
            16.76127052307129,
            15.857084274291992,
            15.16038990020752,
            14.567144393920898,
            14.028550148010254,
            13.538836479187012,
            13.104765892028809,
            12.72761344909668,
            12.407083511352539,
            12.135144233703613,
            11.89979362487793,
            11.69205093383789,
            11.504008293151855,
            11.33034896850586,
            11.168981552124023,
            11.016592025756836,
            10.871718406677246,
            10.73439884185791,
            10.60338306427002,
            10.479125022888184,
            10.360512733459473,
            10.246825218200684,
            10.138618469238281,
            10.036336898803711,
            9.938653945922852,
            9.84638500213623,
            9.758545875549316,
            9.675673484802246,
            9.598176002502441,
            9.52489948272705,
            9.456235885620117,
            9.392221450805664,
            9.332435607910156,
            9.277092933654785,
            9.225053787231445,
            9.176332473754883,
            9.131003379821777,
            9.08872127532959,
            9.050146102905273,
            9.013029098510742,
            8.978608131408691,
            8.945950508117676,
            8.915205001831055,
            8.885932922363281,
            8.857662200927734,
            8.831701278686523,
            8.806455612182617,
            8.78211784362793
        ],
        "val_loss": [
            76.2014389038086,
            72.53490447998047,
            70.36072540283203,
            68.47615051269531,
            66.87792205810547,
            65.59244537353516,
            64.30439758300781,
            63.1131591796875,
            62.06853103637695,
            60.935611724853516,
            60.061546325683594,
            59.079586029052734,
            58.16020965576172,
            57.419151306152344,
            56.72285461425781,
            56.03539276123047,
            55.532142639160156,
            54.95475769042969,
            54.34977340698242,
            53.87650680541992,
            53.442806243896484,
            52.94889831542969,
            52.58701705932617,
            52.1568717956543,
            51.75563430786133,
            51.341793060302734,
            50.93794631958008,
            50.7108268737793,
            50.336849212646484,
            49.987762451171875,
            49.569610595703125,
            49.235897064208984,
            49.00197982788086,
            48.75529098510742,
            48.428314208984375,
            48.14604187011719,
            47.90787124633789,
            47.64797592163086,
            47.45294952392578,
            47.17744827270508,
            46.944698333740234,
            46.72943878173828,
            46.53157043457031,
            46.45744323730469,
            46.10593795776367,
            45.945804595947266,
            45.81046676635742,
            45.750205993652344,
            45.54985046386719,
            45.33747863769531
        ],
        "mse": [
            10652.263671875,
            9757.9130859375,
            9259.134765625,
            8828.9033203125,
            8475.6181640625,
            8204.861328125,
            7936.98046875,
            7689.3603515625,
            7471.94482421875,
            7233.15185546875,
            7050.32763671875,
            6841.05908203125,
            6645.5478515625,
            6488.85009765625,
            6342.150390625,
            6197.73046875,
            6094.0263671875,
            5974.13427734375,
            5848.21728515625,
            5751.59716796875,
            5664.23046875,
            5564.34912109375,
            5492.68505859375,
            5407.30029296875,
            5328.837890625,
            5247.87890625,
            5168.7236328125,
            5126.9013671875,
            5054.03271484375,
            4986.28271484375,
            4903.73388671875,
            4838.82958984375,
            4794.90625,
            4747.6064453125,
            4683.92529296875,
            4629.67138671875,
            4584.3056640625,
            4534.42529296875,
            4497.99267578125,
            4444.376953125,
            4399.8271484375,
            4358.560546875,
            4320.7607421875,
            4308.29541015625,
            4238.62158203125,
            4208.81298828125,
            4183.44189453125,
            4173.427734375,
            4134.88720703125,
            4094.27587890625
        ],
        "mae": [
            76.2014389038086,
            72.53490447998047,
            70.36072540283203,
            68.47615051269531,
            66.87792205810547,
            65.59244537353516,
            64.30439758300781,
            63.1131591796875,
            62.06853103637695,
            60.935611724853516,
            60.061546325683594,
            59.079586029052734,
            58.16020965576172,
            57.419151306152344,
            56.72285461425781,
            56.03539276123047,
            55.532142639160156,
            54.95475769042969,
            54.34977340698242,
            53.87650680541992,
            53.442806243896484,
            52.94889831542969,
            52.58701705932617,
            52.1568717956543,
            51.75563430786133,
            51.341793060302734,
            50.93794631958008,
            50.7108268737793,
            50.336849212646484,
            49.987762451171875,
            49.569610595703125,
            49.235897064208984,
            49.00197982788086,
            48.75529098510742,
            48.42831802368164,
            48.14604187011719,
            47.90787124633789,
            47.64797592163086,
            47.45294952392578,
            47.17744827270508,
            46.944698333740234,
            46.72943878173828,
            46.53157043457031,
            46.45744323730469,
            46.10593795776367,
            45.945804595947266,
            45.81046676635742,
            45.750205993652344,
            45.54985046386719,
            45.33747863769531
        ],