{
    "centralized_global": {
        "loss": [
            18.230632781982422,
            13.941505432128906,
            12.416522026062012,
            11.527956008911133,
            10.877923965454102,
            10.33345890045166,
            9.871946334838867,
            9.483534812927246,
            9.159679412841797,
            8.895463943481445,
            8.686511993408203,
            8.520184516906738,
            8.389766693115234,
            8.280987739562988,
            8.19112491607666
        ],
        "val_loss": [
            22.10593605041504,
            18.63273811340332,
            16.76300621032715,
            15.536693572998047,
            14.566753387451172,
            13.93891716003418,
            13.337342262268066,
            12.82834529876709,
            12.38729476928711,
            12.102472305297852,
            11.866216659545898,
            11.692342758178711,
            11.603405952453613,
            11.518111228942871,
            11.476160049438477
        ]
    }
}