{
    "centralized_global": {
        "loss": [
            22.587797164916992,
            17.9267635345459,
            16.527292251586914,
            15.436797142028809,
            14.63534927368164,
            14.021505355834961,
            13.512340545654297,
            13.071507453918457,
            12.687152862548828,
            12.352727890014648,
            12.061505317687988,
            11.806199073791504,
            11.582566261291504,
            11.384766578674316,
            11.207698822021484,
            11.046882629394531,
            10.89841079711914,
            10.758079528808594,
            10.62511920928955,
            10.498003959655762,
            10.375102043151855,
            10.255833625793457,
            10.139872550964355,
            10.027137756347656,
            9.917397499084473
        ],
        "val_loss": [
            27.203092575073242,
            24.655921936035156,
            23.02069091796875,
            21.66050148010254,
            20.639047622680664,
            19.82574462890625,
            19.091083526611328,
            18.463197708129883,
            17.889759063720703,
            17.441524505615234,
            16.950014114379883,
            16.57797622680664,
            16.22053337097168,
            15.891057968139648,
            15.615602493286133,
            15.394762992858887,
            15.131900787353516,
            14.937695503234863,
            14.748115539550781,
            14.540262222290039,
            14.419414520263672,
            14.256379127502441,
            14.10299015045166,
            13.965736389160156,
            13.838032722473145
        ],
        "mse": [
            1337.326904296875,
            1103.6614990234375,
            963.53759765625,
            846.53515625,
            764.6155395507812,
            701.2277221679688,
            646.3484497070312,
            601.5533447265625,
            561.8121337890625,
            532.7388305664062,
            499.5801086425781,
            475.39508056640625,
            452.4723815917969,
            432.3786315917969,
            416.8260498046875,
            405.06524658203125,
            390.92803955078125,
            381.3605651855469,
            372.08428955078125,
            361.5407409667969,
            356.5519714355469,
            349.1559753417969,
            342.49700927734375,
            336.7593688964844,
            331.7216796875
        ],
        "mae": [
            27.203092575073242,
            24.655921936035156,
            23.02069091796875,
            21.66050148010254,
            20.639047622680664,
            19.82574462890625,
            19.091083526611328,
            18.463197708129883,
            17.889759063720703,
            17.441524505615234,
            16.950014114379883,
            16.57797622680664,
            16.22053337097168,
            15.891057968139648,
            15.615602493286133,
            15.394762992858887,
            15.131900787353516,
            14.937695503234863,
            14.748115539550781,
            14.540262222290039,
            14.419414520263672,
            14.256379127502441,
            14.10299015045166,
            13.965736389160156,
            13.838032722473145
        ],
        "accuracy": [
            0.0042372881434857845,
            0.006355931982398033,
            0.006355931982398033,
            0.005649717524647713,
            0.005649717524647713,
            0.005649717524647713,
            0.005649717524647713,
            0.004943502601236105,
            0.004943502601236105,
            0.004943502601236105,
            0.004943502601236105,
            0.004943502601236105,
            0.0042372881434857845,
            0.0042372881434857845,
            0.0042372881434857845,
            0.0042372881434857845,
            0.0042372881434857845,
            0.0042372881434857845,
            0.004943502601236105,
            0.004943502601236105,
            0.004943502601236105,
            0.0042372881434857845,
            0.0042372881434857845,
            0.0042372881434857845,
            0.0042372881434857845
        ]
    }
}