{
    "centralized_global": {
        "loss": [
            22.83844757080078,
            17.98813819885254,
            16.76127052307129,
            15.857084274291992,
            15.16038990020752,
            14.567144393920898,
            14.028550148010254,
            13.538836479187012,
            13.104765892028809,
            12.72761344909668,
            12.407083511352539,
            12.135144233703613,
            11.89979362487793,
            11.69205093383789,
            11.504008293151855,
            11.33034896850586,
            11.168981552124023,
            11.016592025756836,
            10.871718406677246,
            10.73439884185791,
            10.60338306427002,
            10.479125022888184,
            10.360512733459473,
            10.246825218200684,
            10.138618469238281,
            10.036336898803711,
            9.938653945922852,
            9.84638500213623,
            9.758545875549316,
            9.675673484802246,
            9.598176002502441,
            9.52489948272705,
            9.456235885620117,
            9.392221450805664,
            9.332435607910156,
            9.277092933654785,
            9.225053787231445,
            9.176332473754883,
            9.131003379821777,
            9.08872127532959,
            9.050146102905273,
            9.013029098510742,
            8.978608131408691,
            8.945950508117676,
            8.915205001831055,
            8.885932922363281,
            8.857662200927734,
            8.831701278686523,
            8.806455612182617,
            8.78211784362793
        ],
        "val_loss": [
            21.165739059448242,
            18.969221115112305,
            17.75469207763672,
            16.7513484954834,
            15.912505149841309,
            15.219176292419434,
            14.548667907714844,
            13.935261726379395,
            13.413494110107422,
            12.910359382629395,
            12.55189323425293,
            12.203801155090332,
            11.910502433776855,
            11.682668685913086,
            11.480738639831543,
            11.296056747436523,
            11.155643463134766,
            11.012125968933105,
            10.876082420349121,
            10.767877578735352,
            10.673545837402344,
            10.592132568359375,
            10.520400047302246,
            10.456663131713867,
            10.401188850402832,
            10.356766700744629,
            10.324227333068848,
            10.27505111694336,
            10.251112937927246,
            10.232320785522461,
            10.237263679504395,
            10.233787536621094,
            10.20822811126709,
            10.194805145263672,
            10.207886695861816,
            10.215084075927734,
            10.215193748474121,
            10.228629112243652,
            10.223870277404785,
            10.258210182189941,
            10.276383399963379,
            10.29671573638916,
            10.313803672790527,
            10.275824546813965,
            10.381914138793945,
            10.390070915222168,
            10.392419815063477,
            10.355286598205566,
            10.396095275878906,
            10.4495210647583
        ],
        "mse": [
            747.5559692382812,
            586.2030639648438,
            508.93212890625,
            449.2767028808594,
            404.51702880859375,
            372.34283447265625,
            342.7611999511719,
            317.84747314453125,
            298.2068786621094,
            279.1582336425781,
            266.3190612792969,
            253.45925903320312,
            243.12808227539062,
            235.8819580078125,
            229.88589477539062,
            224.81085205078125,
            221.28016662597656,
            217.97166442871094,
            215.16238403320312,
            213.08860778808594,
            211.3370361328125,
            210.09158325195312,
            208.83499145507812,
            207.9835205078125,
            207.3706512451172,
            207.08465576171875,
            207.20860290527344,
            206.32986450195312,
            206.58677673339844,
            206.95114135742188,
            208.20484924316406,
            209.0458526611328,
            208.98838806152344,
            209.3940887451172,
            210.7623291015625,
            211.84246826171875,
            212.5677947998047,
            213.74472045898438,
            214.16036987304688,
            216.01710510253906,
            217.21856689453125,
            218.35122680664062,
            219.37637329101562,
            218.49807739257812,
            222.397216796875,
            222.95904541015625,
            223.32106018066406,
            222.40530395507812,
            223.99322509765625,
            225.92539978027344
        ],
        "mae": [
            21.165739059448242,
            18.969221115112305,
            17.75469207763672,
            16.7513484954834,
            15.912505149841309,
            15.219176292419434,
            14.548667907714844,
            13.935261726379395,
            13.413494110107422,
            12.910359382629395,
            12.55189323425293,
            12.203801155090332,
            11.910502433776855,
            11.682668685913086,
            11.480738639831543,
            11.296056747436523,
            11.155643463134766,
            11.012125968933105,
            10.876082420349121,
            10.767877578735352,
            10.673545837402344,
            10.592132568359375,
            10.520400047302246,
            10.456663131713867,
            10.401188850402832,
            10.356766700744629,
            10.324227333068848,
            10.27505111694336,
            10.251112937927246,
            10.232320785522461,
            10.237263679504395,
            10.233787536621094,
            10.20822811126709,
            10.194805145263672,
            10.207886695861816,
            10.215084075927734,
            10.215193748474121,
            10.228629112243652,
            10.223870277404785,
            10.258210182189941,
            10.276383399963379,
            10.29671573638916,
            10.313803672790527,
            10.275824546813965,
            10.381914138793945,
            10.390070915222168,
            10.392419815063477,
            10.355286598205566,
            10.396095275878906,
            10.4495210647583
        ],
        "accuracy": [
            0.0,
            0.0,
            0.0,
            0.0,
            0.0,
            0.0,
            0.0,
            0.0,
            0.0,
            0.0,
            0.0,
            0.0,
            0.0,
            0.0,
            0.0,
            0.0,
            0.0,
            0.0,
            0.0,
            0.0,
            0.0,
            0.0,
            0.0,
            0.0,
            0.0,
            0.0,
            0.0,
            0.0,
            0.0,
            0.0,
            0.0,
            0.0,
            0.0,
            0.0,
            0.0,
            0.0,
            0.0,
            0.0,
            0.0,
            0.0,
            0.0,
            0.0,
            0.0,
            0.0,
            0.0,
            0.0,
            0.0,
            0.0,
            0.0,
            0.0
        ]
    }
}