{
    "centralized_global": {
        "loss": [
            18.230632781982422,
            13.941505432128906,
            12.416522026062012,
            11.527956008911133,
            10.877923965454102,
            10.33345890045166,
            9.871946334838867,
            9.483534812927246,
            9.159679412841797,
            8.895463943481445,
            8.686511993408203,
            8.520184516906738,
            8.389766693115234,
            8.280987739562988,
            8.19112491607666
        ],
        "val_loss": [
            16.332674026489258,
            13.299073219299316,
            11.738199234008789,
            10.86994457244873,
            10.281060218811035,
            9.919214248657227,
            9.657442092895508,
            9.50442886352539,
            9.478256225585938,
            9.448492050170898,
            9.473310470581055,
            9.572117805480957,
            9.517333030700684,
            9.639137268066406,
            9.627293586730957
        ]
    }
}