{
    "centralized_global": {
        "loss": [
            18.230632781982422,
            13.941505432128906,
            12.416522026062012,
            11.527956008911133,
            10.877923965454102,
            10.33345890045166,
            9.871946334838867,
            9.483534812927246,
            9.159679412841797,
            8.895463943481445,
            8.686511993408203,
            8.520184516906738,
            8.389766693115234,
            8.280987739562988,
            8.19112491607666
        ],
        "val_loss": [
            25.571308135986328,
            21.981630325317383,
            19.965818405151367,
            18.60565948486328,
            17.507930755615234,
            16.741729736328125,
            16.017486572265625,
            15.376166343688965,
            14.8045072555542,
            14.39070987701416,
            14.032280921936035,
            13.724432945251465,
            13.550386428833008,
            13.317255973815918,
            13.178949356079102
        ]
    }
}