{
    "centralized_global": {
        "loss": [
            22.83844757080078,
            17.98813819885254,
            16.76127052307129,
            15.857084274291992,
            15.16038990020752,
            14.567144393920898,
            14.028550148010254,
            13.538836479187012,
            13.104765892028809,
            12.72761344909668,
            12.407083511352539,
            12.135144233703613,
            11.89979362487793,
            11.69205093383789,
            11.504008293151855,
            11.33034896850586,
            11.168981552124023,
            11.016592025756836,
            10.871718406677246,
            10.73439884185791,
            10.60338306427002,
            10.479125022888184,
            10.360512733459473,
            10.246825218200684,
            10.138618469238281,
            10.036336898803711,
            9.938653945922852,
            9.84638500213623,
            9.758545875549316,
            9.675673484802246,
            9.598176002502441,
            9.52489948272705,
            9.456235885620117,
            9.392221450805664,
            9.332435607910156,
            9.277092933654785,
            9.225053787231445,
            9.176332473754883,
            9.131003379821777,
            9.08872127532959,
            9.050146102905273,
            9.013029098510742,
            8.978608131408691,
            8.945950508117676,
            8.915205001831055,
            8.885932922363281,
            8.857662200927734,
            8.831701278686523,
            8.806455612182617,
            8.78211784362793
        ],
        "val_loss": [
            6.517396926879883,
            6.771946907043457,
            6.114112377166748,
            5.775148868560791,
            5.458944797515869,
            5.011529922485352,
            4.65255880355835,
            4.341495513916016,
            4.0469231605529785,
            3.9258105754852295,
            3.735348701477051,
            3.6811561584472656,
            3.648721933364868,
            3.5693955421447754,
            3.5024991035461426,
            3.453213691711426,
            3.3449995517730713,
            3.279794454574585,
            3.241069793701172,
            3.159426212310791,
            3.0746915340423584,
            3.011899471282959,
            2.9199256896972656,
            2.855290174484253,
            2.7883739471435547,
            2.7363576889038086,
            2.680464506149292,
            2.602294445037842,
            2.5621259212493896,
            2.5256264209747314,
            2.502777338027954,
            2.476937770843506,
            2.4526405334472656,
            2.434741497039795,
            2.426506757736206,
            2.4219748973846436,
            2.4226315021514893,
            2.425686836242676,
            2.439671039581299,
            2.437513828277588,
            2.4490160942077637,
            2.4606480598449707,
            2.4723777770996094,
            2.505499839782715,
            2.4842183589935303,
            2.503335475921631,
            2.515620231628418,
            2.544764518737793,
            2.5474987030029297,
            2.544095039367676
        ],
        "mse": [
            65.91162109375,
            69.67455291748047,
            58.439430236816406,
            53.171417236328125,
            48.757774353027344,
            42.76068878173828,
            38.51778030395508,
            34.749637603759766,
            30.94063377380371,
            29.36969566345215,
            26.76473617553711,
            26.029653549194336,
            25.522891998291016,
            24.36176872253418,
            23.36351776123047,
            22.621511459350586,
            21.20768165588379,
            20.3732967376709,
            19.794504165649414,
            18.83738899230957,
            17.90140151977539,
            17.269365310668945,
            16.406944274902344,
            15.794105529785156,
            15.219381332397461,
            14.7373046875,
            14.326363563537598,
            13.846766471862793,
            13.527636528015137,
            13.2539701461792,
            13.017402648925781,
            12.816508293151855,
            12.659890174865723,
            12.577007293701172,
            12.450263977050781,
            12.384328842163086,
            12.362866401672363,
            12.332986831665039,
            12.384071350097656,
            12.356649398803711,
            12.343750953674316,
            12.34528636932373,
            12.38386344909668,
            12.604436874389648,
            12.408548355102539,
            12.466593742370605,
            12.542898178100586,
            12.751794815063477,
            12.722381591796875,
            12.661791801452637
        ],
        "mae": [
            6.517396926879883,
            6.771946907043457,
            6.114112377166748,
            5.775148868560791,
            5.458944797515869,
            5.011529922485352,
            4.65255880355835,
            4.341495513916016,
            4.0469231605529785,
            3.9258105754852295,
            3.735348701477051,
            3.6811561584472656,
            3.648721933364868,
            3.5693955421447754,
            3.5024991035461426,
            3.453213691711426,
            3.3449995517730713,
            3.279794454574585,
            3.241069793701172,
            3.159426212310791,
            3.0746915340423584,
            3.011899471282959,
            2.9199256896972656,
            2.855290174484253,
            2.7883739471435547,
            2.7363576889038086,
            2.680464506149292,
            2.602294445037842,
            2.5621259212493896,
            2.5256264209747314,
            2.502777338027954,
            2.476937770843506,
            2.4526405334472656,
            2.434741497039795,
            2.426506757736206,
            2.4219748973846436,
            2.4226315021514893,
            2.425686836242676,
            2.439671039581299,
            2.437513828277588,
            2.4490160942077637,
            2.4606480598449707,
            2.4723777770996094,
            2.505499839782715,
            2.4842183589935303,
            2.503335475921631,
            2.515620231628418,
            2.544764518737793,
            2.5474987030029297,
            2.544095039367676
        ],