{
    "centralized_global": {
        "loss": [
            18.230632781982422,
            13.941505432128906,
            12.416522026062012,
            11.527956008911133,
            10.877923965454102,
            10.33345890045166,
            9.871946334838867,
            9.483534812927246,
            9.159679412841797,
            8.895463943481445,
            8.686511993408203,
            8.520184516906738,
            8.389766693115234,
            8.280987739562988,
            8.19112491607666
        ],
        "val_loss": [
            5.113680839538574,
            4.231632232666016,
            3.8533504009246826,
            3.655090570449829,
            3.5019726753234863,
            3.180299997329712,
            3.027129650115967,
            2.93314266204834,
            2.9199602603912354,
            2.884544849395752,
            2.91095232963562,
            2.949023485183716,
            3.0167434215545654,
            3.034107208251953,
            3.0768933296203613
        ]
    }
}