{
    "centralized_global": {
        "loss": [
            22.83844757080078,
            17.98813819885254,
            16.76127052307129,
            15.857084274291992,
            15.16038990020752,
            14.567144393920898,
            14.028550148010254,
            13.538836479187012,
            13.104765892028809,
            12.72761344909668,
            12.407083511352539,
            12.135144233703613,
            11.89979362487793,
            11.69205093383789,
            11.504008293151855,
            11.33034896850586,
            11.168981552124023,
            11.016592025756836,
            10.871718406677246,
            10.73439884185791,
            10.60338306427002,
            10.479125022888184,
            10.360512733459473,
            10.246825218200684,
            10.138618469238281,
            10.036336898803711,
            9.938653945922852,
            9.84638500213623,
            9.758545875549316,
            9.675673484802246,
            9.598176002502441,
            9.52489948272705,
            9.456235885620117,
            9.392221450805664,
            9.332435607910156,
            9.277092933654785,
            9.225053787231445,
            9.176332473754883,
            9.131003379821777,
            9.08872127532959,
            9.050146102905273,
            9.013029098510742,
            8.978608131408691,
            8.945950508117676,
            8.915205001831055,
            8.885932922363281,
            8.857662200927734,
            8.831701278686523,
            8.806455612182617,
            8.78211784362793
        ],
        "val_loss": [
            10.032599449157715,
            9.002559661865234,
            8.3271484375,
            7.992226600646973,
            7.759940147399902,
            7.478267192840576,
            7.250642776489258,
            7.050240516662598,
            6.861462116241455,
            6.794267177581787,
            6.674264907836914,
            6.664254188537598,
            6.674840450286865,
            6.643221378326416,
            6.61835241317749,
            6.610203742980957,
            6.530465126037598,
            6.500363349914551,
            6.498323440551758,
            6.4401655197143555,
            6.369777202606201,
            6.348499774932861,
            6.266842365264893,
            6.23797082901001,
            6.204124927520752,
            6.196681499481201,
            6.195843696594238,
            6.086482524871826,
            6.083742141723633,
            6.077550411224365,
            6.1343488693237305,
            6.144332408905029,
            6.094191551208496,
            6.067098617553711,
            6.100661754608154,
            6.108486175537109,
            6.094576358795166,
            6.102517127990723,
            6.073504447937012,
            6.104691505432129,
            6.114713668823242,
            6.122330188751221,
            6.1217360496521,
            6.051843166351318,
            6.155582904815674,
            6.144594669342041,
            6.123518466949463,
            6.0646281242370605,
            6.088240146636963,
            6.1227288246154785
        ],
        "mse": [
            185.94161987304688,
            147.11468505859375,
            126.40679931640625,
            114.2835922241211,
            106.1547622680664,
            99.08267974853516,
            93.66608428955078,
            89.38048553466797,
            85.76587677001953,
            84.4029541015625,
            82.46479034423828,
            82.7003402709961,
            83.49595642089844,
            83.3792724609375,
            83.39083099365234,
            83.84281158447266,
            82.60888671875,
            82.61499786376953,
            83.2841796875,
            82.69587707519531,
            81.86360931396484,
            82.06259155273438,
            80.8599624633789,
            80.62989044189453,
            80.27092742919922,
            80.26475524902344,
            80.43678283691406,
            78.63951873779297,
            78.73933410644531,
            78.74311828613281,
            79.74901580810547,
            79.98493957519531,
            79.1439208984375,
            78.77305603027344,
            79.37654113769531,
            79.5999984741211,
            79.47354888916016,
            79.73033905029297,
            79.36045837402344,
            80.09314727783203,
            80.32506561279297,
            80.50775909423828,
            80.59538269042969,
            79.44719696044922,
            81.41455078125,
            81.21419525146484,
            80.91841888427734,
            79.91950988769531,
            80.3759994506836,
            81.04993438720703
        ],
        "mae": [
            10.032599449157715,
            9.002559661865234,
            8.3271484375,
            7.992226600646973,
            7.759940147399902,
            7.478267192840576,
            7.250642776489258,
            7.050241470336914,
            6.861462116241455,
            6.794267177581787,
            6.674264907836914,
            6.664254188537598,
            6.674840450286865,
            6.643221378326416,
            6.61835241317749,
            6.610203742980957,
            6.5304646492004395,
            6.500363349914551,
            6.498323440551758,
            6.4401655197143555,
            6.369777202606201,
            6.348499774932861,
            6.266842365264893,
            6.23797082901001,
            6.204124927520752,
            6.196681499481201,
            6.195843696594238,
            6.086482524871826,
            6.083742141723633,
            6.077550411224365,
            6.1343488693237305,
            6.144332408905029,
            6.094191551208496,
            6.067098617553711,
            6.100661754608154,
            6.108486175537109,
            6.094576358795166,
            6.102517127990723,
            6.073504447937012,
            6.104691505432129,
            6.114713668823242,
            6.122330188751221,
            6.1217360496521,
            6.051843166351318,
            6.155582904815674,
            6.144594669342041,
            6.123518466949463,
            6.0646281242370605,
            6.088240146636963,
            6.1227288246154785
        ],