{
    "centralized_global": {
        "loss": [
            22.587797164916992,
            17.9267635345459,
            16.527292251586914,
            15.436797142028809,
            14.63534927368164,
            14.021505355834961,
            13.512340545654297,
            13.071507453918457,
            12.687152862548828,
            12.352727890014648,
            12.061505317687988,
            11.806199073791504,
            11.582566261291504,
            11.384766578674316,
            11.207698822021484,
            11.046882629394531,
            10.89841079711914,
            10.758079528808594,
            10.62511920928955,
            10.498003959655762,
            10.375102043151855,
            10.255833625793457,
            10.139872550964355,
            10.027137756347656,
            9.917397499084473
        ],
        "val_loss": [
            10.0640287399292,
            8.846247673034668,
            7.970764636993408,
            7.569448471069336,
            7.33082914352417,
            7.160918235778809,
            7.039438247680664,
            6.92889928817749,
            6.864006042480469,
            6.747824192047119,
            6.749640464782715,
            6.706820011138916,
            6.714856147766113,
            6.734142780303955,
            6.720973968505859,
            6.673201084136963,
            6.707085609436035,
            6.659511566162109,
            6.624488353729248,
            6.659159183502197,
            6.534916877746582,
            6.511889934539795,
            6.4862060546875,
            6.442465782165527,
            6.3820295333862305
        ],
        "mse": [
            184.23867797851562,
            143.0447998046875,
            118.46987915039062,
            104.56438446044922,
            96.49829864501953,
            91.1507568359375,
            87.67330932617188,
            85.07748413085938,
            83.72506713867188,
            81.91227722167969,
            82.78465270996094,
            82.80944061279297,
            83.85408782958984,
            85.18755340576172,
            85.60679626464844,
            85.01136779785156,
            86.46259307861328,
            85.92942810058594,
            85.70980072021484,
            87.09900665283203,
            84.64371490478516,
            84.46088409423828,
            84.10201263427734,
            83.3454818725586,
            82.2103271484375
        ],
        "mae": [
            10.0640287399292,
            8.846247673034668,
            7.970764636993408,
            7.569448471069336,
            7.33082914352417,
            7.160918235778809,
            7.039438247680664,
            6.92889928817749,
            6.864006042480469,
            6.747823238372803,
            6.749640464782715,
            6.706820011138916,
            6.714856147766113,
            6.734142780303955,
            6.720973968505859,
            6.673201084136963,
            6.707085609436035,
            6.659511566162109,
            6.624488353729248,
            6.659159183502197,
            6.534916877746582,
            6.511889934539795,
            6.4862060546875,
            6.442465782165527,
            6.3820295333862305
        ],
        "accuracy": [
            0.007768361363559961,
            0.00918079074472189,
            0.00988700520247221,
            0.00918079074472189,
            0.008474576286971569,
            0.008474576286971569,
            0.008474576286971569,
            0.008474576286971569,
            0.008474576286971569,
            0.00918079074472189,
            0.008474576286971569,
            0.008474576286971569,
            0.007768361363559961,
            0.007768361363559961,
            0.007768361363559961,
            0.007768361363559961,
            0.007768361363559961,
            0.007768361363559961,
            0.007768361363559961,
            0.007768361363559961,
            0.007768361363559961,
            0.007768361363559961,
            0.007768361363559961,
            0.007768361363559961,
            0.007768361363559961
        ]
    }
}