{
    "centralized_global": {
        "loss": [
            22.587797164916992,
            17.9267635345459,
            16.527292251586914,
            15.436797142028809,
            14.63534927368164,
            14.021505355834961,
            13.512340545654297,
            13.071507453918457,
            12.687152862548828,
            12.352727890014648,
            12.061505317687988,
            11.806199073791504,
            11.582566261291504,
            11.384766578674316,
            11.207698822021484,
            11.046882629394531,
            10.89841079711914,
            10.758079528808594,
            10.62511920928955,
            10.498003959655762,
            10.375102043151855,
            10.255833625793457,
            10.139872550964355,
            10.027137756347656,
            9.917397499084473
        ],
        "val_loss": [
            15.033931732177734,
            13.818680763244629,
            12.712782859802246,
            11.974457740783691,
            11.425032615661621,
            10.982478141784668,
            10.60084342956543,
            10.250847816467285,
            9.947877883911133,
            9.683131217956543,
            9.467933654785156,
            9.295764923095703,
            9.157017707824707,
            9.039581298828125,
            8.930556297302246,
            8.840447425842285,
            8.753044128417969,
            8.67655086517334,
            8.599780082702637,
            8.535816192626953,
            8.460694313049316,
            8.392827033996582,
            8.325885772705078,
            8.26009464263916,
            8.192508697509766
        ],
        "mse": [
            463.79644775390625,
            380.24603271484375,
            325.786865234375,
            285.63946533203125,
            258.17327880859375,
            237.3445281982422,
            220.0096893310547,
            205.8874969482422,
            194.02011108398438,
            184.92230224609375,
            176.45919799804688,
            170.11256408691406,
            164.76583862304688,
            160.40565490722656,
            156.82919311523438,
            153.90467834472656,
            151.2393798828125,
            148.9239959716797,
            146.75897216796875,
            144.98477172851562,
            142.97659301757812,
            141.3106231689453,
            139.74864196777344,
            138.2638397216797,
            136.76600646972656
        ],
        "mae": [
            15.033931732177734,
            13.818680763244629,
            12.712782859802246,
            11.974457740783691,
            11.425032615661621,
            10.982478141784668,
            10.60084342956543,
            10.250847816467285,
            9.947877883911133,
            9.683131217956543,
            9.467933654785156,
            9.295764923095703,
            9.157017707824707,
            9.039581298828125,
            8.930556297302246,
            8.840447425842285,
            8.753044128417969,
            8.67655086517334,
            8.599780082702637,
            8.535816192626953,
            8.460694313049316,
            8.392827033996582,
            8.325885772705078,
            8.26009464263916,
            8.192508697509766
        ],
        "accuracy": [
            0.012711863964796066,
            0.016949152573943138,
            0.0190677959471941,
            0.0190677959471941,
            0.01836158148944378,
            0.016949152573943138,
            0.014830508269369602,
            0.014124293811619282,
            0.013418079353868961,
            0.012711863964796066,
            0.013418079353868961,
            0.012711863964796066,
            0.012711863964796066,
            0.015536722727119923,
            0.014124293811619282,
            0.014124293811619282,
            0.014830508269369602,
            0.014124293811619282,
            0.014124293811619282,
            0.014124293811619282,
            0.014124293811619282,
            0.014124293811619282,
            0.013418079353868961,
            0.013418079353868961,
            0.012711863964796066
        ]
    }
}