{
    "centralized_global": {
        "loss": [
            18.230632781982422,
            13.941505432128906,
            12.416522026062012,
            11.527956008911133,
            10.877923965454102,
            10.33345890045166,
            9.871946334838867,
            9.483534812927246,
            9.159679412841797,
            8.895463943481445,
            8.686511993408203,
            8.520184516906738,
            8.389766693115234,
            8.280987739562988,
            8.19112491607666
        ],
        "val_loss": [
            12.191056251525879,
            10.445941925048828,
            9.557183265686035,
            9.059185981750488,
            8.687051773071289,
            8.34604263305664,
            8.091148376464844,
            7.903348445892334,
            7.783972263336182,
            7.667667388916016,
            7.608887195587158,
            7.5932512283325195,
            7.5269598960876465,
            7.543533802032471,
            7.513169288635254
        ]
    }
}