{
    "centralized_global": {
        "loss": [
            22.83844757080078,
            17.98813819885254,
            16.76127052307129,
            15.857084274291992,
            15.16038990020752,
            14.567144393920898,
            14.028550148010254,
            13.538836479187012,
            13.104765892028809,
            12.72761344909668,
            12.407083511352539,
            12.135144233703613,
            11.89979362487793,
            11.69205093383789,
            11.504008293151855,
            11.33034896850586,
            11.168981552124023,
            11.016592025756836,
            10.871718406677246,
            10.73439884185791,
            10.60338306427002,
            10.479125022888184,
            10.360512733459473,
            10.246825218200684,
            10.138618469238281,
            10.036336898803711,
            9.938653945922852,
            9.84638500213623,
            9.758545875549316,
            9.675673484802246,
            9.598176002502441,
            9.52489948272705,
            9.456235885620117,
            9.392221450805664,
            9.332435607910156,
            9.277092933654785,
            9.225053787231445,
            9.176332473754883,
            9.131003379821777,
            9.08872127532959,
            9.050146102905273,
            9.013029098510742,
            8.978608131408691,
            8.945950508117676,
            8.915205001831055,
            8.885932922363281,
            8.857662200927734,
            8.831701278686523,
            8.806455612182617,
            8.78211784362793
        ],
        "val_loss": [
            15.047798156738281,
            14.048676490783691,
            13.11708927154541,
            12.485209465026855,
            11.97043514251709,
            11.472049713134766,
            11.01441764831543,
            10.588017463684082,
            10.215872764587402,
            9.916654586791992,
            9.663470268249512,
            9.4700345993042,
            9.319328308105469,
            9.196293830871582,
            9.080609321594238,
            8.967991828918457,
            8.856767654418945,
            8.753939628601074,
            8.654021263122559,
            8.560159683227539,
            8.4684419631958,
            8.387205123901367,
            8.303121566772461,
            8.22171688079834,
            8.147130012512207,
            8.075684547424316,
            8.01719856262207,
            7.95315408706665,
            7.8984375,
            7.846879482269287,
            7.804112434387207,
            7.765862941741943,
            7.720766067504883,
            7.686184883117676,
            7.656369209289551,
            7.627627849578857,
            7.600268840789795,
            7.577942371368408,
            7.5527448654174805,
            7.541286468505859,
            7.522455215454102,
            7.507136821746826,
            7.492740631103516,
            7.464882850646973,
            7.477863788604736,
            7.462316989898682,
            7.446691036224365,
            7.423737049102783,
            7.419118404388428,
            7.422073841094971
        ],
        "mse": [
            467.5895690917969,
            384.2342834472656,
            336.4635009765625,
            301.75054931640625,
            275.5392761230469,
            255.076904296875,
            236.70111083984375,
            220.8841094970703,
            207.85165405273438,
            196.13937377929688,
            187.3626708984375,
            179.359375,
            172.7215576171875,
            167.48243713378906,
            162.8836669921875,
            158.78773498535156,
            155.3943634033203,
            152.24191284179688,
            149.30435180664062,
            146.82000732421875,
            144.538330078125,
            142.60169982910156,
            140.69891357421875,
            138.97023010253906,
            137.48260498046875,
            136.15191650390625,
            135.1845703125,
            133.89401245117188,
            133.0082550048828,
            132.24603271484375,
            131.83909606933594,
            131.4019012451172,
            130.65496826171875,
            130.2333221435547,
            130.1110076904297,
            129.96234130859375,
            129.72279357910156,
            129.69247436523438,
            129.40528869628906,
            129.75894165039062,
            129.75025939941406,
            129.75502014160156,
            129.79495239257812,
            129.16046142578125,
            130.34423828125,
            130.1846923828125,
            130.04742431640625,
            129.45700073242188,
            129.75811767578125,
            130.24818420410156
        ],
        "mae": [
            15.047798156738281,
            14.048676490783691,
            13.11708927154541,
            12.485209465026855,
            11.97043514251709,
            11.472049713134766,
            11.01441764831543,
            10.588017463684082,
            10.215872764587402,
            9.916654586791992,
            9.663470268249512,
            9.4700345993042,
            9.319328308105469,
            9.196293830871582,
            9.080609321594238,
            8.967991828918457,
            8.856767654418945,
            8.753939628601074,
            8.654022216796875,
            8.560159683227539,
            8.4684419631958,
            8.387205123901367,
            8.303121566772461,
            8.22171688079834,
            8.147130012512207,
            8.075684547424316,
            8.01719856262207,
            7.95315408706665,
            7.8984375,
            7.846879482269287,
            7.804112434387207,
            7.765862941741943,
            7.720766067504883,
            7.686184883117676,
            7.656369209289551,
            7.627627849578857,
            7.600268840789795,
            7.577942371368408,
            7.5527448654174805,
            7.541286468505859,
            7.522455215454102,
            7.507136821746826,
            7.492740631103516,
            7.464882850646973,
            7.477863788604736,
            7.462316989898682,
            7.446691036224365,
            7.423737049102783,
            7.4191179275512695,
            7.422073841094971
        ],