{
    "centralized_global": {
        "loss": [
            18.230632781982422,
            13.941505432128906,
            12.416522026062012,
            11.527956008911133,
            10.877923965454102,
            10.33345890045166,
            9.871946334838867,
            9.483534812927246,
            9.159679412841797,
            8.895463943481445,
            8.686511993408203,
            8.520184516906738,
            8.389766693115234,
            8.280987739562988,
            8.19112491607666
        ],
        "val_loss": [
            15.970807075500488,
            13.918010711669922,
            12.906492233276367,
            12.30003547668457,
            11.830434799194336,
            11.459756851196289,
            11.155097961425781,
            10.90477180480957,
            10.709233283996582,
            10.555084228515625,
            10.442545890808105,
            10.359552383422852,
            10.293001174926758,
            10.254804611206055,
            10.216876983642578
        ]
    }
}