{
    "centralized_global": {
        "loss": [
            18.230632781982422,
            13.941505432128906,
            12.416522026062012,
            11.527956008911133,
            10.877923965454102,
            10.33345890045166,
            9.871946334838867,
            9.483534812927246,
            9.159679412841797,
            8.895463943481445,
            8.686511993408203,
            8.520184516906738,
            8.389766693115234,
            8.280987739562988,
            8.19112491607666
        ],
        "val_loss": [
            34.309226989746094,
            29.767526626586914,
            27.07917022705078,
            25.268720626831055,
            23.893396377563477,
            22.998489379882812,
            22.09423065185547,
            21.29759979248047,
            20.567611694335938,
            20.04595184326172,
            19.588150024414062,
            19.19403648376465,
            18.965591430664062,
            18.671142578125,
            18.4798641204834
        ]
    }
}