{
    "centralized_global": {
        "loss": [
            22.587797164916992,
            17.9267635345459,
            16.527292251586914,
            15.436797142028809,
            14.63534927368164,
            14.021505355834961,
            13.512340545654297,
            13.071507453918457,
            12.687152862548828,
            12.352727890014648,
            12.061505317687988,
            11.806199073791504,
            11.582566261291504,
            11.384766578674316,
            11.207698822021484,
            11.046882629394531,
            10.89841079711914,
            10.758079528808594,
            10.62511920928955,
            10.498003959655762,
            10.375102043151855,
            10.255833625793457,
            10.139872550964355,
            10.027137756347656,
            9.917397499084473
        ],
        "val_loss": [
            39.86835861206055,
            36.853179931640625,
            34.9049186706543,
            33.187217712402344,
            31.882041931152344,
            30.80669593811035,
            29.81954574584961,
            28.956253051757812,
            28.15604591369629,
            27.526628494262695,
            26.80592918395996,
            26.2459659576416,
            25.70319366455078,
            25.213092803955078,
            24.807180404663086,
            24.47286605834961,
            24.09402084350586,
            23.810495376586914,
            23.532190322875977,
            23.22092056274414,
            23.031272888183594,
            22.78422737121582,
            22.54914665222168,
            22.330524444580078,
            22.12532615661621
        ],
        "mse": [
            3220.113037109375,
            2821.972900390625,
            2569.7412109375,
            2348.59716796875,
            2185.595458984375,
            2054.112548828125,
            1936.2772216796875,
            1835.94189453125,
            1743.3802490234375,
            1671.529296875,
            1588.1820068359375,
            1523.225830078125,
            1459.3917236328125,
            1400.6964111328125,
            1352.732421875,
            1313.9573974609375,
            1267.586669921875,
            1233.708984375,
            1200.3878173828125,
            1161.78662109375,
            1141.37646484375,
            1112.222412109375,
            1085.053466796875,
            1060.61376953125,
            1038.5299072265625
        ],
        "mae": [
            39.86835861206055,
            36.853179931640625,
            34.9049186706543,
            33.18722152709961,
            31.882041931152344,
            30.80669593811035,
            29.81954574584961,
            28.956253051757812,
            28.15604591369629,
            27.526628494262695,
            26.80592918395996,
            26.2459659576416,
            25.70319366455078,
            25.213092803955078,
            24.807180404663086,
            24.47286605834961,
            24.09402084350586,
            23.810495376586914,
            23.532190322875977,
            23.22092056274414,
            23.031272888183594,
            22.78422737121582,
            22.54914665222168,
            22.330524444580078,
            22.12532615661621
        ],
        "accuracy": [
            0.033192090690135956,
            0.0416666679084301,
            0.0416666679084301,
            0.0416666679084301,
            0.0416666679084301,
            0.04237288236618042,
            0.03954802080988884,
            0.03954802080988884,
            0.03954802080988884,
            0.03954802080988884,
            0.0381355918943882,
            0.03954802080988884,
            0.0381355918943882,
            0.0381355918943882,
            0.03672316297888756,
            0.03672316297888756,
            0.0346045196056366,
            0.032485876232385635,
            0.031779661774635315,
            0.031779661774635315,
            0.032485876232385635,
            0.032485876232385635,
            0.032485876232385635,
            0.031779661774635315,
            0.031779661774635315
        ]
    }
}