{
    "centralized_global": {
        "loss": [
            22.83844757080078,
            17.98813819885254,
            16.76127052307129,
            15.857084274291992,
            15.16038990020752,
            14.567144393920898,
            14.028550148010254,
            13.538836479187012,
            13.104765892028809,
            12.72761344909668,
            12.407083511352539,
            12.135144233703613,
            11.89979362487793,
            11.69205093383789,
            11.504008293151855,
            11.33034896850586,
            11.168981552124023,
            11.016592025756836,
            10.871718406677246,
            10.73439884185791,
            10.60338306427002,
            10.479125022888184,
            10.360512733459473,
            10.246825218200684,
            10.138618469238281,
            10.036336898803711,
            9.938653945922852,
            9.84638500213623,
            9.758545875549316,
            9.675673484802246,
            9.598176002502441,
            9.52489948272705,
            9.456235885620117,
            9.392221450805664,
            9.332435607910156,
            9.277092933654785,
            9.225053787231445,
            9.176332473754883,
            9.131003379821777,
            9.08872127532959,
            9.050146102905273,
            9.013029098510742,
            8.978608131408691,
            8.945950508117676,
            8.915205001831055,
            8.885932922363281,
            8.857662200927734,
            8.831701278686523,
            8.806455612182617,
            8.78211784362793
        ],
        "val_loss": [
            40.03510284423828,
            36.94303512573242,
            35.279232025146484,
            33.86115264892578,
            32.684226989746094,
            31.75043296813965,
            30.827526092529297,
            29.978818893432617,
            29.245149612426758,
            28.473121643066406,
            27.896047592163086,
            27.26875114440918,
            26.70501708984375,
            26.260669708251953,
            25.85400390625,
            25.462499618530273,
            25.177047729492188,
            24.860605239868164,
            24.537261962890625,
            24.290843963623047,
            24.06941795349121,
            23.824743270874023,
            23.642311096191406,
            23.435169219970703,
            23.245437622070312,
            23.052093505859375,
            22.8686580657959,
            22.753841400146484,
            22.5792179107666,
            22.417306900024414,
            22.2252197265625,
            22.069713592529297,
            21.951997756958008,
            21.834484100341797,
            21.684791564941406,
            21.55589485168457,
            21.446182250976562,
            21.330175399780273,
            21.239450454711914,
            21.125648498535156,
            21.022327423095703,
            20.92708969116211,
            20.84010124206543,
            20.7972354888916,
            20.662548065185547,
            20.5899658203125,
            20.529407501220703,
            20.494815826416016,
            20.41425132751465,
            20.333261489868164
        ],
        "mse": [
            3238.19775390625,
            2820.92626953125,
            2601.30126953125,
            2417.74853515625,
            2271.1669921875,
            2161.61474609375,
            2054.98681640625,
            1958.6846923828125,
            1876.413818359375,
            1787.597412109375,
            1721.845703125,
            1647.512939453125,
            1579.644287109375,
            1526.7420654296875,
            1478.044189453125,
            1430.840576171875,
            1397.896728515625,
            1360.01318359375,
            1320.6624755859375,
            1291.241943359375,
            1265.0234375,
            1235.32958984375,
            1214.494873046875,
            1189.71630859375,
            1167.3394775390625,
            1144.458740234375,
            1122.542724609375,
            1111.3577880859375,
            1091.503173828125,
            1073.332763671875,
            1051.357177734375,
            1034.4644775390625,
            1023.2363891601562,
            1011.3352661132812,
            995.2189331054688,
            981.7438354492188,
            970.6434326171875,
            958.5292358398438,
            949.8150634765625,
            937.1309814453125,
            926.5619506835938,
            916.8763427734375,
            908.1744384765625,
            905.414794921875,
            889.572998046875,
            882.7904052734375,
            877.1610107421875,
            874.9924926757812,
            866.4342041015625,
            857.5316162109375
        ],
        "mae": [
            40.03510284423828,
            36.94303512573242,
            35.279232025146484,
            33.86115264892578,
            32.684226989746094,
            31.75043296813965,
            30.827526092529297,
            29.978818893432617,
            29.245149612426758,
            28.473121643066406,
            27.896047592163086,
            27.26875114440918,
            26.70501708984375,
            26.260669708251953,
            25.85400390625,
            25.462499618530273,
            25.177047729492188,
            24.860605239868164,
            24.537261962890625,
            24.290843963623047,
            24.06941795349121,
            23.824743270874023,
            23.642311096191406,
            23.435169219970703,
            23.245437622070312,
            23.052093505859375,
            22.8686580657959,
            22.75383949279785,
            22.5792179107666,
            22.417306900024414,
            22.2252197265625,
            22.069713592529297,
            21.951997756958008,
            21.834484100341797,
            21.684791564941406,
            21.55589485168457,
            21.446182250976562,
            21.330175399780273,
            21.239450454711914,
            21.125648498535156,
            21.022329330444336,
            20.92708969116211,
            20.84010124206543,
            20.7972354888916,
            20.662548065185547,
            20.5899658203125,
            20.529407501220703,
            20.494815826416016,
            20.41425132751465,
            20.333261489868164
        ],