{
    "centralized_global": {
        "loss": [
            22.587797164916992,
            17.9267635345459,
            16.527292251586914,
            15.436797142028809,
            14.63534927368164,
            14.021505355834961,
            13.512340545654297,
            13.071507453918457,
            12.687152862548828,
            12.352727890014648,
            12.061505317687988,
            11.806199073791504,
            11.582566261291504,
            11.384766578674316,
            11.207698822021484,
            11.046882629394531,
            10.89841079711914,
            10.758079528808594,
            10.62511920928955,
            10.498003959655762,
            10.375102043151855,
            10.255833625793457,
            10.139872550964355,
            10.027137756347656,
            9.917397499084473
        ],
        "val_loss": [
            7.552567958831787,
            7.3572492599487305,
            6.406185626983643,
            5.914754390716553,
            5.495152473449707,
            5.144228458404541,
            4.868381500244141,
            4.603613376617432,
            4.401911735534668,
            4.175464153289795,
            4.078754901885986,
            3.9603915214538574,
            3.888713836669922,
            3.838393449783325,
            3.7779998779296875,
            3.7255094051361084,
            3.6918466091156006,
            3.648519992828369,
            3.6030521392822266,
            3.568389654159546,
            3.5198299884796143,
            3.4780542850494385,
            3.4367823600769043,
            3.398096799850464,
            3.359099864959717
        ],
        "mse": [
            83.64241027832031,
            79.71573638916016,
            63.833560943603516,
            56.928043365478516,
            51.076210021972656,
            46.30043411254883,
            42.69974136352539,
            39.10895919799805,
            36.36274337768555,
            33.21302032470703,
            32.04738235473633,
            30.47550392150879,
            29.562297821044922,
            28.864011764526367,
            27.979745864868164,
            27.07520294189453,
            26.635814666748047,
            25.926801681518555,
            25.278337478637695,
            24.863100051879883,
            24.082128524780273,
            23.537734985351562,
            22.999723434448242,
            22.48335075378418,
            21.958478927612305
        ],
        "mae": [
            7.552567958831787,
            7.3572492599487305,
            6.406185626983643,
            5.914754390716553,
            5.495152473449707,
            5.144228458404541,
            4.868381500244141,
            4.603613376617432,
            4.401911735534668,
            4.175464153289795,
            4.078754901885986,
            3.9603915214538574,
            3.888713836669922,
            3.838393449783325,
            3.7779998779296875,
            3.7255094051361084,
            3.6918466091156006,
            3.648519992828369,
            3.6030521392822266,
            3.568389654159546,
            3.5198299884796143,
            3.4780542850494385,
            3.4367823600769043,
            3.398096799850464,
            3.359099864959717
        ],
        "accuracy": [
            0.048728812485933304,
            0.055084746330976486,
            0.05579096078872681,
            0.05579096078872681,
            0.055084746330976486,
            0.055084746330976486,
            0.052259888499975204,
            0.051553674042224884,
            0.051553674042224884,
            0.050847455859184265,
            0.050141241401433945,
            0.049435026943683624,
            0.050141241401433945,
            0.049435026943683624,
            0.04802259802818298,
            0.04731638357043266,
            0.04731638357043266,
            0.04661016911268234,
            0.04661016911268234,
            0.04661016911268234,
            0.04661016911268234,
            0.04731638357043266,
            0.04661016911268234,
            0.04661016911268234,
            0.04731638357043266
        ]
    }
}