{
    "centralized_global": {
        "loss": [
            22.83844757080078,
            17.98813819885254,
            16.76127052307129,
            15.857084274291992,
            15.16038990020752,
            14.567144393920898,
            14.028550148010254,
            13.538836479187012,
            13.104765892028809,
            12.72761344909668,
            12.407083511352539,
            12.135144233703613,
            11.89979362487793,
            11.69205093383789,
            11.504008293151855,
            11.33034896850586,
            11.168981552124023,
            11.016592025756836,
            10.871718406677246,
            10.73439884185791,
            10.60338306427002,
            10.479125022888184,
            10.360512733459473,
            10.246825218200684,
            10.138618469238281,
            10.036336898803711,
            9.938653945922852,
            9.84638500213623,
            9.758545875549316,
            9.675673484802246,
            9.598176002502441,
            9.52489948272705,
            9.456235885620117,
            9.392221450805664,
            9.332435607910156,
            9.277092933654785,
            9.225053787231445,
            9.176332473754883,
            9.131003379821777,
            9.08872127532959,
            9.050146102905273,
            9.013029098510742,
            8.978608131408691,
            8.945950508117676,
            8.915205001831055,
            8.885932922363281,
            8.857662200927734,
            8.831701278686523,
            8.806455612182617,
            8.78211784362793
        ],
        "val_loss": [
            7.488867282867432,
            7.71566915512085,
            6.945719242095947,
            6.5090837478637695,
            6.141503810882568,
            5.661929607391357,
            5.259939670562744,
            4.8854804039001465,
            4.540441989898682,
            4.366723537445068,
            4.166053771972656,
            4.089421272277832,
            4.0352582931518555,
            3.95491361618042,
            3.881082534790039,
            3.8207027912139893,
            3.7292768955230713,
            3.667607069015503,
            3.6182191371917725,
            3.5532619953155518,
            3.4918813705444336,
            3.4472146034240723,
            3.3894879817962646,
            3.341939926147461,
            3.297663688659668,
            3.2564966678619385,
            3.223613739013672,
            3.189779043197632,
            3.1631407737731934,
            3.1406843662261963,
            3.11899995803833,
            3.1013665199279785,
            3.0897974967956543,
            3.084390640258789,
            3.0728046894073486,
            3.0675699710845947,
            3.067516326904297,
            3.066352367401123,
            3.0723280906677246,
            3.0703587532043457,
            3.069693088531494,
            3.0705881118774414,
            3.0734684467315674,
            3.088902711868286,
            3.0766353607177734,
            3.0820529460906982,
            3.0860958099365234,
            3.0971851348876953,
            3.095665216445923,
            3.0929300785064697
        ],
        "mse": [
            83.09780883789062,
            87.60116577148438,
            73.79193878173828,
            66.83303833007812,
            61.08238983154297,
            53.792869567871094,
            48.35917663574219,
            43.46162414550781,
            38.75261688232422,
            36.43830490112305,
            33.456390380859375,
            32.385704040527344,
            31.60559844970703,
            30.373626708984375,
            29.298370361328125,
            28.43769073486328,
            27.148000717163086,
            26.310535430908203,
            25.59710121154785,
            24.72483253479004,
            23.88262176513672,
            23.286508560180664,
            22.552335739135742,
            21.937129974365234,
            21.410301208496094,
            20.923208236694336,
            20.579038619995117,
            20.227262496948242,
            19.898977279663086,
            19.62636947631836,
            19.345067977905273,
            19.149709701538086,
            18.991653442382812,
            18.94009780883789,
            18.78828239440918,
            18.706344604492188,
            18.667165756225586,
            18.621614456176758,
            18.63147735595703,
            18.62753677368164,
            18.56161117553711,
            18.5219669342041,
            18.52805519104004,
            18.652320861816406,
            18.542560577392578,
            18.53215980529785,
            18.573089599609375,
            18.681568145751953,
            18.64606285095215,
            18.627140045166016
        ],
        "mae": [
            7.488867282867432,
            7.71566915512085,
            6.945719242095947,
            6.5090837478637695,
            6.141503810882568,
            5.661929607391357,
            5.259939670562744,
            4.8854804039001465,
            4.540441989898682,
            4.366723537445068,
            4.166053771972656,
            4.089421272277832,
            4.0352582931518555,
            3.95491361618042,
            3.881082534790039,
            3.8207027912139893,
            3.7292768955230713,
            3.667607069015503,
            3.6182191371917725,
            3.5532619953155518,
            3.4918813705444336,
            3.4472146034240723,
            3.3894879817962646,
            3.341939926147461,
            3.297663688659668,
            3.2564966678619385,
            3.223613739013672,
            3.189779043197632,
            3.1631407737731934,
            3.1406843662261963,
            3.11899995803833,
            3.1013665199279785,
            3.0897974967956543,
            3.084390640258789,
            3.0728046894073486,
            3.0675699710845947,
            3.067516326904297,
            3.066352367401123,
            3.0723280906677246,
            3.0703587532043457,
            3.069693088531494,
            3.0705881118774414,
            3.0734684467315674,
            3.088902711868286,
            3.0766353607177734,
            3.0820529460906982,
            3.0860958099365234,
            3.0971851348876953,
            3.095665216445923,
            3.0929300785064697
        ],