{
    "centralized_global": {
        "loss": [
            18.230632781982422,
            13.941505432128906,
            12.416522026062012,
            11.527956008911133,
            10.877923965454102,
            10.33345890045166,
            9.871946334838867,
            9.483534812927246,
            9.159679412841797,
            8.895463943481445,
            8.686511993408203,
            8.520184516906738,
            8.389766693115234,
            8.280987739562988,
            8.19112491607666
        ],
        "val_loss": [
            5.73195219039917,
            4.6431779861450195,
            4.173220634460449,
            3.981839179992676,
            3.867708683013916,
            3.720064163208008,
            3.6678569316864014,
            3.6492202281951904,
            3.669536828994751,
            3.6654927730560303,
            3.685288429260254,
            3.716965436935425,
            3.730776071548462,
            3.7673277854919434,
            3.7812092304229736
        ]
    }
}