{
    "centralized_global": {
        "loss": [
            22.83844757080078,
            17.98813819885254,
            16.76127052307129,
            15.857084274291992,
            15.16038990020752,
            14.567144393920898,
            14.028550148010254,
            13.538836479187012,
            13.104765892028809,
            12.72761344909668,
            12.407083511352539,
            12.135144233703613,
            11.89979362487793,
            11.69205093383789,
            11.504008293151855,
            11.33034896850586,
            11.168981552124023,
            11.016592025756836,
            10.871718406677246,
            10.73439884185791,
            10.60338306427002,
            10.479125022888184,
            10.360512733459473,
            10.246825218200684,
            10.138618469238281,
            10.036336898803711,
            9.938653945922852,
            9.84638500213623,
            9.758545875549316,
            9.675673484802246,
            9.598176002502441,
            9.52489948272705,
            9.456235885620117,
            9.392221450805664,
            9.332435607910156,
            9.277092933654785,
            9.225053787231445,
            9.176332473754883,
            9.131003379821777,
            9.08872127532959,
            9.050146102905273,
            9.013029098510742,
            8.978608131408691,
            8.945950508117676,
            8.915205001831055,
            8.885932922363281,
            8.857662200927734,
            8.831701278686523,
            8.806455612182617,
            8.78211784362793
        ],
        "val_loss": [
            7.464432716369629,
            7.246295928955078,
            6.761763095855713,
            6.48039436340332,
            6.2137370109558105,
            5.876098155975342,
            5.619643688201904,
            5.434378623962402,
            5.265931129455566,
            5.262058734893799,
            5.187324047088623,
            5.255902290344238,
            5.3351731300354,
            5.345597267150879,
            5.355143070220947,
            5.379748344421387,
            5.314585208892822,
            5.306814193725586,
            5.327366828918457,
            5.285146713256836,
            5.230720520019531,
            5.216625690460205,
            5.146364212036133,
            5.1154961585998535,
            5.077332019805908,
            5.054229736328125,
            5.032036304473877,
            4.934277057647705,
            4.91284704208374,
            4.88770866394043,
            4.900800704956055,
            4.884284019470215,
            4.830593109130859,
            4.790250301361084,
            4.790142059326172,
            4.7752685546875,
            4.748470783233643,
            4.735274791717529,
            4.700892448425293,
            4.702451229095459,
            4.694682598114014,
            4.686104774475098,
            4.670601844787598,
            4.607522487640381,
            4.663919925689697,
            4.646230220794678,
            4.6178297996521,
            4.561349868774414,
            4.5680623054504395,
            4.585078239440918
        ],
        "mse": [
            87.41200256347656,
            84.8186264038086,
            75.57315063476562,
            71.97230529785156,
            69.16549682617188,
            64.5875473022461,
            61.55937576293945,
            59.03017044067383,
            56.496700286865234,
            56.546443939208984,
            55.22077941894531,
            56.250431060791016,
            57.514373779296875,
            57.591651916503906,
            57.69029235839844,
            58.08306884765625,
            56.90836715698242,
            56.756072998046875,
            57.07318115234375,
            56.30910873413086,
            55.331539154052734,
            55.10795211791992,
            53.819374084472656,
            53.231231689453125,
            52.529361724853516,
            52.06655502319336,
            51.70124816894531,
            50.006622314453125,
            49.589637756347656,
            49.10554122924805,
            49.26593017578125,
            48.92903518676758,
            47.92074966430664,
            47.226985931396484,
            47.14346694946289,
            46.82718276977539,
            46.318634033203125,
            46.050498962402344,
            45.42964172363281,
            45.453285217285156,
            45.219329833984375,
            44.987030029296875,
            44.6883659362793,
            43.709903717041016,
            44.50107192993164,
            44.1038703918457,
            43.646183013916016,
            42.813255310058594,
            42.81230545043945,
            42.96026611328125
        ],
        "mae": [
            7.464432716369629,
            7.246294975280762,
            6.761763095855713,
            6.48039436340332,
            6.2137370109558105,
            5.8760986328125,
            5.619643688201904,
            5.434378623962402,
            5.265931129455566,
            5.262058734893799,
            5.187324047088623,
            5.255902290344238,
            5.3351731300354,
            5.345597267150879,
            5.355143070220947,
            5.379748344421387,
            5.314585208892822,
            5.306814193725586,
            5.327366828918457,
            5.285146713256836,
            5.230720520019531,
            5.216625690460205,
            5.146364212036133,
            5.115495681762695,
            5.077332019805908,
            5.054229736328125,
            5.032036304473877,
            4.934277057647705,
            4.91284704208374,
            4.88770866394043,
            4.900800704956055,
            4.884284019470215,
            4.830593109130859,
            4.790250301361084,
            4.790142059326172,
            4.7752685546875,
            4.748470783233643,
            4.735274791717529,
            4.700892448425293,
            4.702451229095459,
            4.694682598114014,
            4.686104774475098,
            4.670601844787598,
            4.607522487640381,
            4.663919925689697,
            4.646230220794678,
            4.6178297996521,
            4.561349868774414,
            4.5680623054504395,
            4.585078239440918
        ],