{
    "centralized_global": {
        "loss": [
            18.230632781982422,
            13.941505432128906,
            12.416522026062012,
            11.527956008911133,
            10.877923965454102,
            10.33345890045166,
            9.871946334838867,
            9.483534812927246,
            9.159679412841797,
            8.895463943481445,
            8.686511993408203,
            8.520184516906738,
            8.389766693115234,
            8.280987739562988,
            8.19112491607666
        ],
        "val_loss": [
            5.897914409637451,
            5.4152655601501465,
            5.4604811668396,
            5.563182353973389,
            5.602356433868408,
            5.303082466125488,
            5.1842803955078125,
            5.091485023498535,
            5.088194847106934,
            4.993288040161133,
            4.950351238250732,
            4.954260349273682,
            4.841862678527832,
            4.892512798309326,
            4.8387956619262695
        ]
    }
}