{
    "centralized_global": {
        "loss": [
            22.587797164916992,
            17.9267635345459,
            16.527292251586914,
            15.436797142028809,
            14.63534927368164,
            14.021505355834961,
            13.512340545654297,
            13.071507453918457,
            12.687152862548828,
            12.352727890014648,
            12.061505317687988,
            11.806199073791504,
            11.582566261291504,
            11.384766578674316,
            11.207698822021484,
            11.046882629394531,
            10.89841079711914,
            10.758079528808594,
            10.62511920928955,
            10.498003959655762,
            10.375102043151855,
            10.255833625793457,
            10.139872550964355,
            10.027137756347656,
            9.917397499084473
        ],
        "val_loss": [
            7.481207370758057,
            6.9379987716674805,
            6.285030841827393,
            5.976307392120361,
            5.735444068908691,
            5.570180892944336,
            5.534437656402588,
            5.481941223144531,
            5.462162017822266,
            5.367759704589844,
            5.434727668762207,
            5.427916526794434,
            5.470637798309326,
            5.524045944213867,
            5.535731315612793,
            5.504271984100342,
            5.554201126098633,
            5.527809143066406,
            5.511127471923828,
            5.548022270202637,
            5.453784465789795,
            5.435703754425049,
            5.410975933074951,
            5.372127056121826,
            5.320664882659912
        ],
        "mse": [
            87.36296844482422,
            78.5532455444336,
            67.27493286132812,
            64.06455993652344,
            61.840248107910156,
            60.126220703125,
            59.33790588378906,
            58.367252349853516,
            58.18560791015625,
            56.8817138671875,
            58.3516960144043,
            58.5899543762207,
            59.67246627807617,
            60.86042404174805,
            61.17521286010742,
            60.64586639404297,
            61.699119567871094,
            61.184200286865234,
            60.8860969543457,
            61.70924758911133,
            59.78321838378906,
            59.446861267089844,
            58.970123291015625,
            58.216068267822266,
            57.2039909362793
        ],
        "mae": [
            7.481207370758057,
            6.9379987716674805,
            6.285030841827393,
            5.976307392120361,
            5.735444068908691,
            5.570180892944336,
            5.534437656402588,
            5.481941223144531,
            5.462161540985107,
            5.367759704589844,
            5.434727668762207,
            5.427916526794434,
            5.470637798309326,
            5.524045944213867,
            5.535731315612793,
            5.504271984100342,
            5.554201126098633,
            5.527809143066406,
            5.511127471923828,
            5.548022270202637,
            5.453784465789795,
            5.435703754425049,
            5.410975933074951,
            5.372127056121826,
            5.320664882659912
        ],
        "accuracy": [
            0.09957627207040787,
            0.1179378554224968,
            0.12076271325349808,
            0.1214689239859581,
            0.12076271325349808,
            0.1144067794084549,
            0.11016949266195297,
            0.10240112990140915,
            0.09816384315490723,
            0.09957627207040787,
            0.09604519605636597,
            0.09957627207040787,
            0.09675141423940659,
            0.0939265564084053,
            0.09180790930986404,
            0.09322033822536469,
            0.09251412749290466,
            0.09251412749290466,
            0.09251412749290466,
            0.09251412749290466,
            0.09251412749290466,
            0.09180790930986404,
            0.08968926221132278,
            0.08757062256336212,
            0.08615819364786148
        ]
    }
}