{
    "centralized_global": {
        "loss": [
            22.587797164916992,
            17.9267635345459,
            16.527292251586914,
            15.436797142028809,
            14.63534927368164,
            14.021505355834961,
            13.512340545654297,
            13.071507453918457,
            12.687152862548828,
            12.352727890014648,
            12.061505317687988,
            11.806199073791504,
            11.582566261291504,
            11.384766578674316,
            11.207698822021484,
            11.046882629394531,
            10.89841079711914,
            10.758079528808594,
            10.62511920928955,
            10.498003959655762,
            10.375102043151855,
            10.255833625793457,
            10.139872550964355,
            10.027137756347656,
            9.917397499084473
        ],
        "val_loss": [
            30.55725860595703,
            28.08538818359375,
            26.286869049072266,
            24.768308639526367,
            23.59269905090332,
            22.62830924987793,
            21.769926071166992,
            21.031986236572266,
            20.35371971130371,
            19.80146026611328,
            19.201549530029297,
            18.716520309448242,
            18.250873565673828,
            17.822031021118164,
            17.45963478088379,
            17.155006408691406,
            16.81222915649414,
            16.543617248535156,
            16.2774715423584,
            15.983230590820312,
            15.794046401977539,
            15.5537748336792,
            15.325418472290039,
            15.113064765930176,
            14.914582252502441
        ],
        "mse": [
            1937.435791015625,
            1648.5870361328125,
            1463.8323974609375,
            1304.683349609375,
            1188.2000732421875,
            1095.2281494140625,
            1013.054443359375,
            943.66552734375,
            880.4451904296875,
            831.523193359375,
            775.9832153320312,
            732.907470703125,
            691.1348266601562,
            653.1417236328125,
            622.315673828125,
            597.543701171875,
            568.3560791015625,
            547.1224365234375,
            526.4283447265625,
            502.7066650390625,
            490.1509094238281,
            472.41241455078125,
            455.9925537109375,
            441.31475830078125,
            428.1290588378906
        ],
        "mae": [
            30.55725860595703,
            28.08538818359375,
            26.286869049072266,
            24.768308639526367,
            23.59269905090332,
            22.628311157226562,
            21.769926071166992,
            21.031986236572266,
            20.35371971130371,
            19.80146026611328,
            19.201549530029297,
            18.716520309448242,
            18.250873565673828,
            17.822031021118164,
            17.45963478088379,
            17.155006408691406,
            16.81222915649414,
            16.543617248535156,
            16.2774715423584,
            15.983230590820312,
            15.794046401977539,
            15.5537748336792,
            15.325418472290039,
            15.113064765930176,
            14.914582252502441
        ],
        "accuracy": [
            0.0,
            0.0,
            0.0,
            0.0,
            0.0,
            0.0,
            0.0,
            0.0,
            0.0,
            0.0,
            0.0,
            0.0,
            0.0,
            0.0,
            0.0,
            0.0,
            0.0,
            0.0,
            0.0,
            0.0,
            0.0,
            0.0,
            0.0,
            0.0,
            0.0
        ]
    }
}