{
    "centralized_global": {
        "loss": [
            18.230632781982422,
            13.941505432128906,
            12.416522026062012,
            11.527956008911133,
            10.877923965454102,
            10.33345890045166,
            9.871946334838867,
            9.483534812927246,
            9.159679412841797,
            8.895463943481445,
            8.686511993408203,
            8.520184516906738,
            8.389766693115234,
            8.280987739562988,
            8.19112491607666
        ],
        "val_loss": [
            25.420934677124023,
            21.493968963623047,
            19.25835418701172,
            17.671573638916016,
            16.394081115722656,
            15.494824409484863,
            14.620800018310547,
            13.85920524597168,
            13.151225090026855,
            12.61996841430664,
            12.153225898742676,
            11.729070663452148,
            11.465843200683594,
            11.142191886901855,
            10.936579704284668
        ]
    }
}