{
    "centralized_global": {
        "loss": [
            22.83844757080078,
            17.98813819885254,
            16.76127052307129,
            15.857084274291992,
            15.16038990020752,
            14.567144393920898,
            14.028550148010254,
            13.538836479187012,
            13.104765892028809,
            12.72761344909668,
            12.407083511352539,
            12.135144233703613,
            11.89979362487793,
            11.69205093383789,
            11.504008293151855,
            11.33034896850586,
            11.168981552124023,
            11.016592025756836,
            10.871718406677246,
            10.73439884185791,
            10.60338306427002,
            10.479125022888184,
            10.360512733459473,
            10.246825218200684,
            10.138618469238281,
            10.036336898803711,
            9.938653945922852,
            9.84638500213623,
            9.758545875549316,
            9.675673484802246,
            9.598176002502441,
            9.52489948272705,
            9.456235885620117,
            9.392221450805664,
            9.332435607910156,
            9.277092933654785,
            9.225053787231445,
            9.176332473754883,
            9.131003379821777,
            9.08872127532959,
            9.050146102905273,
            9.013029098510742,
            8.978608131408691,
            8.945950508117676,
            8.915205001831055,
            8.885932922363281,
            8.857662200927734,
            8.831701278686523,
            8.806455612182617,
            8.78211784362793
        ],
        "val_loss": [
            30.687726974487305,
            28.232309341430664,
            26.680622100830078,
            25.392431259155273,
            24.321701049804688,
            23.4276123046875,
            22.583812713623047,
            21.80670738220215,
            21.12996482849121,
            20.46078872680664,
            19.935930252075195,
            19.39089584350586,
            18.891510009765625,
            18.48084259033203,
            18.10238265991211,
            17.733566284179688,
            17.445035934448242,
            17.13420295715332,
            16.818267822265625,
            16.561630249023438,
            16.326602935791016,
            16.075057983398438,
            15.876306533813477,
            15.658134460449219,
            15.456135749816895,
            15.249728202819824,
            15.056182861328125,
            14.926899909973145,
            14.747736930847168,
            14.581531524658203,
            14.393516540527344,
            14.241134643554688,
            14.12612247467041,
            14.012932777404785,
            13.869378089904785,
            13.744854927062988,
            13.636756896972656,
            13.523155212402344,
            13.432523727416992,
            13.317164421081543,
            13.212766647338867,
            13.116692543029785,
            13.029175758361816,
            12.98444652557373,
            12.850218772888184,
            12.776490211486816,
            12.71287727355957,
            12.674556732177734,
            12.590239524841309,
            12.504645347595215
        ],
        "mse": [
            1949.9111328125,
            1647.0498046875,
            1484.052734375,
            1349.744384765625,
            1243.1734619140625,
            1163.0823974609375,
            1086.2657470703125,
            1017.2089233398438,
            958.114501953125,
            895.7064819335938,
            848.956298828125,
            797.445068359375,
            750.7950439453125,
            714.1901245117188,
            680.71533203125,
            648.6055297851562,
            625.6891479492188,
            600.0086669921875,
            573.7288818359375,
            553.785400390625,
            536.0111694335938,
            516.338134765625,
            502.2049255371094,
            485.85247802734375,
            471.1114501953125,
            456.2290344238281,
            442.0774230957031,
            434.41021728515625,
            421.7129821777344,
            410.134033203125,
            396.4677429199219,
            385.9028015136719,
            378.6878662109375,
            371.19207763671875,
            361.36639404296875,
            353.1435241699219,
            346.3404541015625,
            339.0536804199219,
            333.7248840332031,
            326.2789611816406,
            320.05609130859375,
            314.3884582519531,
            309.3090515136719,
            307.4685974121094,
            298.70843505859375,
            294.78692626953125,
            291.5194091796875,
            290.092529296875,
            285.3504638671875,
            280.5248107910156
        ],
        "mae": [
            30.687726974487305,
            28.232309341430664,
            26.680622100830078,
            25.392431259155273,
            24.321701049804688,
            23.4276123046875,
            22.583812713623047,
            21.80670738220215,
            21.12996482849121,
            20.46078872680664,
            19.935930252075195,
            19.390893936157227,
            18.891510009765625,
            18.48084259033203,
            18.10238265991211,
            17.733566284179688,
            17.445035934448242,
            17.13420295715332,
            16.818267822265625,
            16.561630249023438,
            16.326602935791016,
            16.075057983398438,
            15.876306533813477,
            15.658134460449219,
            15.456135749816895,
            15.249728202819824,
            15.056182861328125,
            14.926899909973145,
            14.747736930847168,
            14.581531524658203,
            14.393516540527344,
            14.241134643554688,
            14.12612247467041,
            14.012932777404785,
            13.869378089904785,
            13.744854927062988,
            13.636756896972656,
            13.523155212402344,
            13.432523727416992,
            13.317164421081543,
            13.212766647338867,
            13.116692543029785,
            13.029175758361816,
            12.98444652557373,
            12.850218772888184,
            12.776490211486816,
            12.71287727355957,
            12.674556732177734,
            12.590239524841309,
            12.504645347595215
        ],
        "accuracy": [
            0.0,
            0.0,
            0.0,
            0.0,
            0.0,
            0.0,
            0.0,
            0.0,
            0.0,
            0.0,
            0.0,
            0.0,
            0.0,
            0.0,
            0.0,
            0.0,
            0.0,
            0.0,
            0.0,
            0.0,
            0.0,
            0.0,
            0.0,
            0.0,
            0.0,
            0.0,
            0.0,
            0.0,
            0.0,
            0.0,
            0.0,
            0.0,
            0.0,
            0.0,
            0.0,
            0.0,
            0.0,
            0.0,
            0.0,
            0.0,
            0.0,
            0.0,
            0.0,
            0.0,
            0.0,
            0.0,
            0.0,
            0.0,
            0.0,
            0.0
        ]
    }
}