{
    "centralized_global": {
        "loss": [
            22.83844757080078,
            17.98813819885254,
            16.76127052307129,
            15.857084274291992,
            15.16038990020752,
            14.567144393920898,
            14.028550148010254,
            13.538836479187012,
            13.104765892028809,
            12.72761344909668,
            12.407083511352539,
            12.135144233703613,
            11.89979362487793,
            11.69205093383789,
            11.504008293151855,
            11.33034896850586,
            11.168981552124023,
            11.016592025756836,
            10.871718406677246,
            10.73439884185791,
            10.60338306427002,
            10.479125022888184,
            10.360512733459473,
            10.246825218200684,
            10.138618469238281,
            10.036336898803711,
            9.938653945922852,
            9.84638500213623,
            9.758545875549316,
            9.675673484802246,
            9.598176002502441,
            9.52489948272705,
            9.456235885620117,
            9.392221450805664,
            9.332435607910156,
            9.277092933654785,
            9.225053787231445,
            9.176332473754883,
            9.131003379821777,
            9.08872127532959,
            9.050146102905273,
            9.013029098510742,
            8.978608131408691,
            8.945950508117676,
            8.915205001831055,
            8.885932922363281,
            8.857662200927734,
            8.831701278686523,
            8.806455612182617,
            8.78211784362793
        ],
        "val_loss": [
            14.283767700195312,
            12.820547103881836,
            11.852161407470703,
            11.171285629272461,
            10.631620407104492,
            10.151118278503418,
            9.718693733215332,
            9.33042049407959,
            9.010676383972168,
            8.754380226135254,
            8.567341804504395,
            8.423468589782715,
            8.316630363464355,
            8.236563682556152,
            8.172266960144043,
            8.111919403076172,
            8.059967994689941,
            8.012367248535156,
            7.96787691116333,
            7.929171085357666,
            7.890908241271973,
            7.868772983551025,
            7.833106517791748,
            7.80991792678833,
            7.796961307525635,
            7.795003414154053,
            7.804930210113525,
            7.763365745544434,
            7.770233154296875,
            7.776849269866943,
            7.8137407302856445,
            7.831197261810303,
            7.814312934875488,
            7.814397811889648,
            7.843600273132324,
            7.862466812133789,
            7.870271682739258,
            7.892295837402344,
            7.889811992645264,
            7.934838771820068,
            7.956676006317139,
            7.975933074951172,
            7.990606307983398,
            7.947640895843506,
            8.049315452575684,
            8.048999786376953,
            8.044607162475586,
            8.003210067749023,
            8.034943580627441,
            8.081294059753418
        ],
        "mse": [
            360.38433837890625,
            281.0587158203125,
            240.50794982910156,
            212.4584197998047,
            192.5928955078125,
            177.94532775878906,
            165.31640625,
            155.01239013671875,
            147.0243377685547,
            140.6011505126953,
            136.12550354003906,
            132.8948974609375,
            130.83116149902344,
            129.3401336669922,
            128.27073669433594,
            127.68295288085938,
            126.70404815673828,
            126.41277313232422,
            126.55298614501953,
            126.27885437011719,
            125.92272186279297,
            126.29966735839844,
            125.81714630126953,
            125.94922637939453,
            126.09636688232422,
            126.49418640136719,
            127.19029998779297,
            126.30693817138672,
            126.88118743896484,
            127.407958984375,
            128.81686401367188,
            129.60772705078125,
            129.3662872314453,
            129.5769500732422,
            130.68353271484375,
            131.44491577148438,
            131.8201446533203,
            132.5911102294922,
            132.64659118652344,
            133.95928955078125,
            134.62213134765625,
            135.20762634277344,
            135.70938110351562,
            134.6824188232422,
            137.48048400878906,
            137.552001953125,
            137.51690673828125,
            136.5229949951172,
            137.3935546875,
            138.5767822265625
        ],
        "mae": [
            14.283767700195312,
            12.820547103881836,
            11.852161407470703,
            11.171285629272461,
            10.631620407104492,
            10.151118278503418,
            9.718693733215332,
            9.33042049407959,
            9.010676383972168,
            8.754380226135254,
            8.567341804504395,
            8.423468589782715,
            8.316630363464355,
            8.236563682556152,
            8.172266960144043,
            8.111919403076172,
            8.059967994689941,
            8.012367248535156,
            7.96787691116333,
            7.929171085357666,
            7.890908241271973,
            7.868772983551025,
            7.833106517791748,
            7.80991792678833,
            7.796961307525635,
            7.795003414154053,
            7.804930210113525,
            7.763365745544434,
            7.770233154296875,
            7.776849269866943,
            7.8137407302856445,
            7.831197261810303,
            7.814312934875488,
            7.814397811889648,
            7.843600273132324,
            7.862466812133789,
            7.870271682739258,
            7.892295837402344,
            7.889811992645264,
            7.934838771820068,
            7.956676006317139,
            7.975933074951172,
            7.990606307983398,
            7.947640895843506,
            8.049315452575684,
            8.048999786376953,
            8.044607162475586,
            8.003210067749023,
            8.034943580627441,
            8.081294059753418
        ],