{
    "centralized_global": {
        "loss": [
            22.587797164916992,
            17.9267635345459,
            16.527292251586914,
            15.436797142028809,
            14.63534927368164,
            14.021505355834961,
            13.512340545654297,
            13.071507453918457,
            12.687152862548828,
            12.352727890014648,
            12.061505317687988,
            11.806199073791504,
            11.582566261291504,
            11.384766578674316,
            11.207698822021484,
            11.046882629394531,
            10.89841079711914,
            10.758079528808594,
            10.62511920928955,
            10.498003959655762,
            10.375102043151855,
            10.255833625793457,
            10.139872550964355,
            10.027137756347656,
            9.917397499084473
        ],
        "val_loss": [
            14.257267951965332,
            12.684486389160156,
            11.53226089477539,
            10.7359619140625,
            10.152446746826172,
            9.704689979553223,
            9.331428527832031,
            9.021183967590332,
            8.765666961669922,
            8.562236785888672,
            8.405879020690918,
            8.296809196472168,
            8.217836380004883,
            8.162264823913574,
            8.112993240356445,
            8.072379112243652,
            8.046704292297363,
            8.015174865722656,
            7.986436367034912,
            7.982585906982422,
            7.93291711807251,
            7.912895679473877,
            7.894512176513672,
            7.875327110290527,
            7.850675582885742
        ],
        "mse": [
            356.9943542480469,
            278.5251770019531,
            232.23802185058594,
            199.97914123535156,
            179.7452850341797,
            165.49400329589844,
            154.43763732910156,
            146.09820556640625,
            139.77293395996094,
            135.23562622070312,
            132.07810974121094,
            130.03778076171875,
            129.05235290527344,
            128.82504272460938,
            128.60385131835938,
            128.24595642089844,
            128.99232482910156,
            128.88893127441406,
            128.9396209716797,
            130.0713348388672,
            128.87774658203125,
            129.10598754882812,
            129.24578857421875,
            129.157470703125,
            128.7822265625
        ],
        "mae": [
            14.257267951965332,
            12.684486389160156,
            11.53226089477539,
            10.7359619140625,
            10.152446746826172,
            9.704689979553223,
            9.331428527832031,
            9.021183967590332,
            8.765666961669922,
            8.562236785888672,
            8.405879020690918,
            8.296809196472168,
            8.217836380004883,
            8.162264823913574,
            8.112993240356445,
            8.072379112243652,
            8.046704292297363,
            8.015174865722656,
            7.986436367034912,
            7.982585906982422,
            7.93291711807251,
            7.912895679473877,
            7.894512176513672,
            7.875327110290527,
            7.850675582885742
        ],
        "accuracy": [
            0.007062146905809641,
            0.007062146905809641,
            0.008474576286971569,
            0.008474576286971569,
            0.008474576286971569,
            0.007768361363559961,
            0.007768361363559961,
            0.007768361363559961,
            0.007062146905809641,
            0.007062146905809641,
            0.007768361363559961,
            0.007768361363559961,
            0.007768361363559961,
            0.007768361363559961,
            0.007768361363559961,
            0.007768361363559961,
            0.007768361363559961,
            0.007768361363559961,
            0.007768361363559961,
            0.007768361363559961,
            0.007062146905809641,
            0.007062146905809641,
            0.007062146905809641,
            0.007062146905809641,
            0.007062146905809641
        ]
    }
}