{
    "centralized_global": {
        "loss": [
            22.83844757080078,
            17.98813819885254,
            16.76127052307129,
            15.857084274291992,
            15.16038990020752,
            14.567144393920898,
            14.028550148010254,
            13.538836479187012,
            13.104765892028809,
            12.72761344909668,
            12.407083511352539,
            12.135144233703613,
            11.89979362487793,
            11.69205093383789,
            11.504008293151855,
            11.33034896850586,
            11.168981552124023,
            11.016592025756836,
            10.871718406677246,
            10.73439884185791,
            10.60338306427002,
            10.479125022888184,
            10.360512733459473,
            10.246825218200684,
            10.138618469238281,
            10.036336898803711,
            9.938653945922852,
            9.84638500213623,
            9.758545875549316,
            9.675673484802246,
            9.598176002502441,
            9.52489948272705,
            9.456235885620117,
            9.392221450805664,
            9.332435607910156,
            9.277092933654785,
            9.225053787231445,
            9.176332473754883,
            9.131003379821777,
            9.08872127532959,
            9.050146102905273,
            9.013029098510742,
            8.978608131408691,
            8.945950508117676,
            8.915205001831055,
            8.885932922363281,
            8.857662200927734,
            8.831701278686523,
            8.806455612182617,
            8.78211784362793
        ],
        "val_loss": [
            37.99080276489258,
            35.45237350463867,
            33.98932647705078,
            32.75712203979492,
            31.735090255737305,
            30.907642364501953,
            30.0904598236084,
            29.33824348449707,
            28.686647415161133,
            28.00800323486328,
            27.493350982666016,
            26.938068389892578,
            26.422264099121094,
            26.007272720336914,
            25.61789894104004,
            25.23955535888672,
            24.96113395690918,
            24.646467208862305,
            24.316808700561523,
            24.055984497070312,
            23.819169998168945,
            23.559967041015625,
            23.36118507385254,
            23.130714416503906,
            22.918163299560547,
            22.70116424560547,
            22.495811462402344,
            22.36915397644043,
            22.174379348754883,
            21.994409561157227,
            21.783246994018555,
            21.612022399902344,
            21.485031127929688,
            21.359272003173828,
            21.201059341430664,
            21.062456130981445,
            20.944026947021484,
            20.81890106201172,
            20.71977424621582,
            20.592775344848633,
            20.4783992767334,
            20.375505447387695,
            20.281539916992188,
            20.232345581054688,
            20.08904457092285,
            20.01041603088379,
            19.943511962890625,
            19.903179168701172,
            19.815807342529297,
            19.727174758911133
        ],
        "mse": [
            3223.21337890625,
            2825.83056640625,
            2612.275390625,
            2433.174560546875,
            2289.482666015625,
            2181.428466796875,
            2076.213623046875,
            1980.7999267578125,
            1898.790771484375,
            1810.1151123046875,
            1743.840087890625,
            1668.797119140625,
            1599.8603515625,
            1545.658203125,
            1495.525634765625,
            1446.7286376953125,
            1412.326904296875,
            1372.772705078125,
            1331.5865478515625,
            1300.5316162109375,
            1272.7490234375,
            1241.2532958984375,
            1218.9998779296875,
            1192.5771484375,
            1168.6197509765625,
            1144.086181640625,
            1120.48095703125,
            1108.35986328125,
            1086.93505859375,
            1067.26611328125,
            1043.4251708984375,
            1025.0186767578125,
            1012.7887573242188,
            999.75732421875,
            982.1002807617188,
            967.3001708984375,
            955.0836181640625,
            941.7086181640625,
            932.1068115234375,
            917.98681640625,
            906.27880859375,
            895.520751953125,
            885.8263549804688,
            882.8322143554688,
            864.9586791992188,
            857.4214477539062,
            851.122802734375,
            848.7857666015625,
            839.1506958007812,
            829.0462646484375
        ],
        "mae": [
            37.99080276489258,
            35.45237350463867,
            33.98932647705078,
            32.75712203979492,
            31.735090255737305,
            30.907642364501953,
            30.0904598236084,
            29.33824348449707,
            28.686647415161133,
            28.00800323486328,
            27.493350982666016,
            26.938068389892578,
            26.422260284423828,
            26.007272720336914,
            25.61789894104004,
            25.23955535888672,
            24.96113395690918,
            24.646467208862305,
            24.316808700561523,
            24.055984497070312,
            23.819169998168945,
            23.559967041015625,
            23.36118507385254,
            23.130714416503906,
            22.918163299560547,
            22.70116424560547,
            22.495811462402344,
            22.36915397644043,
            22.174379348754883,
            21.994409561157227,
            21.783246994018555,
            21.612022399902344,
            21.485031127929688,
            21.359272003173828,
            21.201059341430664,
            21.062456130981445,
            20.94402503967285,
            20.81890106201172,
            20.71977424621582,
            20.592775344848633,
            20.4783992767334,
            20.375505447387695,
            20.281539916992188,
            20.23234748840332,
            20.08904457092285,
            20.01041603088379,
            19.943511962890625,
            19.903179168701172,
            19.815807342529297,
            19.727174758911133
        ],