{
    "centralized_global": {
        "loss": [
            22.587797164916992,
            17.9267635345459,
            16.527292251586914,
            15.436797142028809,
            14.63534927368164,
            14.021505355834961,
            13.512340545654297,
            13.071507453918457,
            12.687152862548828,
            12.352727890014648,
            12.061505317687988,
            11.806199073791504,
            11.582566261291504,
            11.384766578674316,
            11.207698822021484,
            11.046882629394531,
            10.89841079711914,
            10.758079528808594,
            10.62511920928955,
            10.498003959655762,
            10.375102043151855,
            10.255833625793457,
            10.139872550964355,
            10.027137756347656,
            9.917397499084473
        ],
        "val_loss": [
            37.84756088256836,
            35.315284729003906,
            33.59648132324219,
            32.115665435791016,
            30.990036010742188,
            30.045391082763672,
            29.174846649169922,
            28.407684326171875,
            27.689590454101562,
            27.115612030029297,
            26.472190856933594,
            25.954383850097656,
            25.449560165405273,
            24.978755950927734,
            24.582561492919922,
            24.251014709472656,
            23.86259651184082,
            23.562313079833984,
            23.26597023010254,
            22.930517196655273,
            22.723997116088867,
            22.451025009155273,
            22.19208335876465,
            21.953039169311523,
            21.729541778564453
        ],
        "mse": [
            3205.93896484375,
            2825.50634765625,
            2580.079345703125,
            2364.1279296875,
            2203.864501953125,
            2074.123291015625,
            1957.556884765625,
            1857.79931640625,
            1765.353271484375,
            1693.0474853515625,
            1608.9727783203125,
            1542.9019775390625,
            1477.6522216796875,
            1417.2877197265625,
            1367.6522216796875,
            1327.261474609375,
            1278.865234375,
            1243.27734375,
            1208.1812744140625,
            1167.397216796875,
            1145.72265625,
            1114.75146484375,
            1085.809814453125,
            1059.7200927734375,
            1036.126220703125
        ],
        "mae": [
            37.84756088256836,
            35.315284729003906,
            33.59648132324219,
            32.115665435791016,
            30.990036010742188,
            30.045391082763672,
            29.174846649169922,
            28.407684326171875,
            27.689590454101562,
            27.115612030029297,
            26.472190856933594,
            25.954383850097656,
            25.449560165405273,
            24.978755950927734,
            24.582561492919922,
            24.251014709472656,
            23.86259651184082,
            23.562313079833984,
            23.26597023010254,
            22.930517196655273,
            22.723997116088867,
            22.451025009155273,
            22.19208335876465,
            21.953039169311523,
            21.729541778564453
        ],
        "accuracy": [
            0.0762711837887764,
            0.07838983088731766,
            0.07768361270427704,
            0.07697740197181702,
            0.07485875487327576,
            0.07485875487327576,
            0.07485875487327576,
            0.07556497305631638,
            0.07556497305631638,
            0.07556497305631638,
            0.0762711837887764,
            0.0762711837887764,
            0.0762711837887764,
            0.0762711837887764,
            0.0762711837887764,
            0.07697740197181702,
            0.07697740197181702,
            0.07697740197181702,
            0.07697740197181702,
            0.07697740197181702,
            0.07697740197181702,
            0.07697740197181702,
            0.07697740197181702,
            0.07697740197181702,
            0.0762711837887764
        ]
    }
}