{
    "centralized_global": {
        "loss": [
            18.230632781982422,
            13.941505432128906,
            12.416522026062012,
            11.527956008911133,
            10.877923965454102,
            10.33345890045166,
            9.871946334838867,
            9.483534812927246,
            9.159679412841797,
            8.895463943481445,
            8.686511993408203,
            8.520184516906738,
            8.389766693115234,
            8.280987739562988,
            8.19112491607666
        ],
        "val_loss": [
            4.64121675491333,
            3.8553850650787354,
            3.488718271255493,
            3.328502893447876,
            3.2344188690185547,
            2.9812145233154297,
            2.8676061630249023,
            2.787515878677368,
            2.785585403442383,
            2.7236950397491455,
            2.7209250926971436,
            2.7425968647003174,
            2.7860593795776367,
            2.805180788040161,
            2.837352752685547
        ]
    }
}