{
    "centralized_global": {
        "loss": [
            22.587797164916992,
            17.9267635345459,
            16.527292251586914,
            15.436797142028809,
            14.63534927368164,
            14.021505355834961,
            13.512340545654297,
            13.071507453918457,
            12.687152862548828,
            12.352727890014648,
            12.061505317687988,
            11.806199073791504,
            11.582566261291504,
            11.384766578674316,
            11.207698822021484,
            11.046882629394531,
            10.89841079711914,
            10.758079528808594,
            10.62511920928955,
            10.498003959655762,
            10.375102043151855,
            10.255833625793457,
            10.139872550964355,
            10.027137756347656,
            9.917397499084473
        ],
        "val_loss": [
            6.396790504455566,
            5.849531650543213,
            4.89633321762085,
            4.461123943328857,
            4.166012287139893,
            3.928626537322998,
            3.7303402423858643,
            3.535238027572632,
            3.395404815673828,
            3.232114315032959,
            3.1886603832244873,
            3.1126556396484375,
            3.0826878547668457,
            3.067608594894409,
            3.037365198135376,
            2.9799296855926514,
            2.983041763305664,
            2.9365897178649902,
            2.9064290523529053,
            2.910507917404175,
            2.826861619949341,
            2.799224853515625,
            2.769758939743042,
            2.731058120727539,
            2.6927859783172607
        ],
        "mse": [
            64.54774475097656,
            56.41041564941406,
            42.9709587097168,
            37.802528381347656,
            34.03513717651367,
            30.93282127380371,
            28.520977020263672,
            26.13434600830078,
            24.356229782104492,
            22.196903228759766,
            21.546384811401367,
            20.453901290893555,
            19.87042808532715,
            19.44450569152832,
            18.84303855895996,
            18.035823822021484,
            17.87172508239746,
            17.263511657714844,
            16.823944091796875,
            16.75361442565918,
            15.925799369812012,
            15.604004859924316,
            15.286237716674805,
            14.92250919342041,
            14.548284530639648
        ],
        "mae": [
            6.396790504455566,
            5.849531650543213,
            4.89633321762085,
            4.461123943328857,
            4.166012287139893,
            3.928626537322998,
            3.7303402423858643,
            3.535238027572632,
            3.395404815673828,
            3.232114315032959,
            3.1886603832244873,
            3.1126556396484375,
            3.0826878547668457,
            3.067608594894409,
            3.037365198135376,
            2.9799296855926514,
            2.983041763305664,
            2.9365897178649902,
            2.9064290523529053,
            2.910507917404175,
            2.826861619949341,
            2.799224853515625,
            2.769759178161621,
            2.731058120727539,
            2.6927859783172607
        ],
        "accuracy": [
            0.031073445454239845,
            0.03601694852113724,
            0.03672316297888756,
            0.03672316297888756,
            0.03672316297888756,
            0.0346045196056366,
            0.033192090690135956,
            0.032485876232385635,
            0.032485876232385635,
            0.033192090690135956,
            0.033192090690135956,
            0.033192090690135956,
            0.032485876232385635,
            0.032485876232385635,
            0.032485876232385635,
            0.030367230996489525,
            0.029661016538739204,
            0.029661016538739204,
            0.028954802080988884,
            0.028954802080988884,
            0.028954802080988884,
            0.028248587623238564,
            0.028248587623238564,
            0.027542373165488243,
            0.027542373165488243
        ]
    }
}