{
    "centralized_global": {
        "loss": [
            18.230632781982422,
            13.941505432128906,
            12.416522026062012,
            11.527956008911133,
            10.877923965454102,
            10.33345890045166,
            9.871946334838867,
            9.483534812927246,
            9.159679412841797,
            8.895463943481445,
            8.686511993408203,
            8.520184516906738,
            8.389766693115234,
            8.280987739562988,
            8.19112491607666
        ],
        "val_loss": [
            4.41289758682251,
            3.7429568767547607,
            3.3626749515533447,
            3.1896395683288574,
            3.0838305950164795,
            2.858238458633423,
            2.7651143074035645,
            2.722606658935547,
            2.7433979511260986,
            2.718766212463379,
            2.737532377243042,
            2.766841173171997,
            2.80137038230896,
            2.822908878326416,
            2.8481285572052
        ]
    }
}