{
    "centralized_global": {
        "loss": [
            22.83844757080078,
            17.98813819885254,
            16.76127052307129,
            15.857084274291992,
            15.16038990020752,
            14.567144393920898,
            14.028550148010254,
            13.538836479187012,
            13.104765892028809,
            12.72761344909668,
            12.407083511352539,
            12.135144233703613,
            11.89979362487793,
            11.69205093383789,
            11.504008293151855,
            11.33034896850586,
            11.168981552124023,
            11.016592025756836,
            10.871718406677246,
            10.73439884185791,
            10.60338306427002,
            10.479125022888184,
            10.360512733459473,
            10.246825218200684,
            10.138618469238281,
            10.036336898803711,
            9.938653945922852,
            9.84638500213623,
            9.758545875549316,
            9.675673484802246,
            9.598176002502441,
            9.52489948272705,
            9.456235885620117,
            9.392221450805664,
            9.332435607910156,
            9.277092933654785,
            9.225053787231445,
            9.176332473754883,
            9.131003379821777,
            9.08872127532959,
            9.050146102905273,
            9.013029098510742,
            8.978608131408691,
            8.945950508117676,
            8.915205001831055,
            8.885932922363281,
            8.857662200927734,
            8.831701278686523,
            8.806455612182617,
            8.78211784362793
        ],
        "val_loss": [
            6.094816207885742,
            5.88618278503418,
            5.167825698852539,
            4.864951133728027,
            4.596063613891602,
            4.224194049835205,
            3.899677276611328,
            3.626910448074341,
            3.3970112800598145,
            3.3047478199005127,
            3.1634790897369385,
            3.1233575344085693,
            3.106630563735962,
            3.054048538208008,
            3.015970468521118,
            2.992765188217163,
            2.9177584648132324,
            2.8767030239105225,
            2.8638341426849365,
            2.80562424659729,
            2.744442939758301,
            2.700587749481201,
            2.628080368041992,
            2.5894765853881836,
            2.541020631790161,
            2.508913516998291,
            2.4611995220184326,
            2.3831610679626465,
            2.355053663253784,
            2.3263285160064697,
            2.3239855766296387,
            2.3042802810668945,
            2.2773568630218506,
            2.2483537197113037,
            2.247145175933838,
            2.2432503700256348,
            2.2394094467163086,
            2.2409024238586426,
            2.2436158657073975,
            2.2403299808502197,
            2.2547261714935303,
            2.267721176147461,
            2.274489164352417,
            2.2808585166931152,
            2.2852303981781006,
            2.3007235527038574,
            2.3027515411376953,
            2.3080453872680664,
            2.3163137435913086,
            2.323225259780884
        ],
        "mse": [
            60.70241165161133,
            58.878082275390625,
            48.154212951660156,
            43.63933563232422,
            40.002403259277344,
            35.14551544189453,
            31.448345184326172,
            28.265636444091797,
            25.233442306518555,
            23.839738845825195,
            21.818933486938477,
            21.14104461669922,
            20.68631362915039,
            19.821605682373047,
            19.114299774169922,
            18.621370315551758,
            17.637340545654297,
            17.079421997070312,
            16.766260147094727,
            16.111465454101562,
            15.46407413482666,
            15.045964241027832,
            14.413379669189453,
            14.026721954345703,
            13.626638412475586,
            13.331963539123535,
            13.030699729919434,
            12.566022872924805,
            12.364418983459473,
            12.179193496704102,
            12.113280296325684,
            11.993022918701172,
            11.826517105102539,
            11.709809303283691,
            11.684168815612793,
            11.654605865478516,
            11.625649452209473,
            11.625459671020508,
            11.626300811767578,
            11.648187637329102,
            11.685763359069824,
            11.73301887512207,
            11.770197868347168,
            11.80737590789795,
            11.866223335266113,
            11.924150466918945,
            11.957121849060059,
            12.001446723937988,
            12.053739547729492,
            12.109569549560547
        ],
        "mae": [
            6.094816207885742,
            5.88618278503418,
            5.167825698852539,
            4.864951133728027,
            4.596063613891602,
            4.224194049835205,
            3.899677276611328,
            3.626910448074341,
            3.3970112800598145,
            3.3047478199005127,
            3.1634790897369385,
            3.1233575344085693,
            3.106630563735962,
            3.054048538208008,
            3.015970468521118,
            2.992765188217163,
            2.9177584648132324,
            2.8767030239105225,
            2.8638341426849365,
            2.80562424659729,
            2.744442939758301,
            2.700587749481201,
            2.628080368041992,
            2.5894765853881836,
            2.541020631790161,
            2.508913516998291,
            2.4611995220184326,
            2.3831610679626465,
            2.355053663253784,
            2.3263285160064697,
            2.3239855766296387,
            2.3042802810668945,
            2.2773568630218506,
            2.2483537197113037,
            2.247144937515259,
            2.2432503700256348,
            2.2394094467163086,
            2.2409024238586426,
            2.2436158657073975,
            2.2403299808502197,
            2.2547261714935303,
            2.267721176147461,
            2.274489164352417,
            2.2808585166931152,
            2.2852303981781006,
            2.3007235527038574,
            2.3027515411376953,
            2.3080453872680664,
            2.3163137435913086,
            2.323225259780884
        ],