{
    "Federated": {
        "loss": [
            4.827159881591797,
            4.254704475402832,
            2.47235107421875,
            1.873002529144287,
            1.7946726083755493,
            1.7100688219070435
        ],
        "val_loss": [
            2.336963415145874,
            2.233036994934082,
            1.960355520248413,
            1.8546260595321655,
            1.8328070640563965,
            1.8230053186416626
        ],
        "loss_consensus_local": [
            14.375092506408691,
            6.352785110473633,
            4.310478687286377,
            4.700690746307373,
            4.233679294586182,
            3.189366102218628
        ],
        "loss_consensus_global": [
            37.19630813598633,
            20.71832275390625,
            11.735665321350098,
            9.474029541015625,
            7.71045446395874,
            5.920425891876221
        ]
    },
    "No Federated (Local)": {
        "loss": [
            4.869835376739502,
            1.9559074640274048,
            1.697982668876648,
            1.6192342042922974,
            1.5733795166015625,
            1.5524722337722778
        ],
        "val_loss": [
            2.429253339767456,
            1.8911300897598267,
            1.7994322776794434,
            1.7581024169921875,
            1.7341651916503906,
            1.717173457145691
        ]
    }
}