{
    "Federated": {
        "loss": [
            17.3967227935791,
            10.031893730163574,
            6.009397506713867,
            4.047943592071533,
            3.095588207244873,
            2.6489219665527344
        ],
        "val_loss": [
            13.836458206176758,
            6.98992395401001,
            5.981017589569092,
            5.4607133865356445,
            5.108628749847412,
            4.850302696228027
        ],
        "loss_consensus_local": [
            38.74501037597656,
            21.697736740112305,
            13.221843719482422,
            8.502326011657715,
            6.238447189331055,
            5.187500953674316
        ],
        "loss_consensus_global": [
            38.74501037597656,
            21.697736740112305,
            13.221843719482422,
            8.502326011657715,
            6.238447189331055,
            5.187500953674316
        ]
    },
    "No Federated (Local)": {
        "loss": [
            17.481565475463867,
            9.992868423461914,
            7.854352951049805,
            7.054280757904053,
            6.628540992736816,
            6.316512584686279
        ],
        "val_loss": [
            13.807843208312988,
            10.755471229553223,
            9.757779121398926,
            9.277604103088379,
            8.9822359085083,
            8.709068298339844
        ]
    }
}