{
    "Federated": {
        "loss": [
            17.88772201538086,
            11.100245475769043,
            6.4914021492004395,
            4.4356231689453125,
            3.428762674331665,
            2.957113742828369
        ],
        "val_loss": [
            12.369898796081543,
            6.909976959228516,
            5.899114608764648,
            5.325004577636719,
            4.972591400146484,
            4.749411106109619
        ],
        "loss_consensus_local": [
            35.90879440307617,
            20.933977127075195,
            12.044861793518066,
            7.982161998748779,
            6.041857719421387,
            5.129065036773682
        ],
        "loss_consensus_global": [
            35.90879440307617,
            20.933977127075195,
            12.044861793518066,
            7.982161998748779,
            6.041857719421387,
            5.129065036773682
        ]
    },
    "No Federated (Local)": {
        "loss": [
            17.91118049621582,
            8.610014915466309,
            6.531089782714844,
            5.44272518157959,
            4.644458293914795,
            4.112081527709961
        ],
        "val_loss": [
            12.366070747375488,
            9.172332763671875,
            8.028608322143555,
            7.061581134796143,
            6.3073272705078125,
            5.903284072875977
        ]
    }
}