{
    "Federated": {
        "loss": [
            18.22785520553589,
            15.204048454761505,
            12.630307304859162,
            10.668802654743194,
            9.206831991672516,
            8.188402831554413
        ],
        "val_loss": [
            10.352091348171234,
            8.631567198038102,
            8.419888365268708,
            7.745841294527054,
            7.013697922229767,
            6.353221052885056
        ],
        "loss_consensus_local": [
            28.568380451202394,
            20.93364644050598,
            14.87503535747528,
            11.150705242156983,
            9.48774836063385,
            8.430387544631959
        ],
        "loss_consensus_global": [
            28.702845096588135,
            20.396924114227296,
            13.77413992881775,
            10.708388662338256,
            9.404745483398438,
            8.433050632476807
        ]
    },
    "No Federated (Local)": {
        "loss": [
            18.223854494094848,
            9.705840981006622,
            7.042711794376373,
            5.555339682102203,
            4.739081490039825,
            4.258249568939209
        ],
        "val_loss": [
            10.286546611785889,
            7.278351587057114,
            5.617052978277206,
            4.758423948287964,
            4.307093894481659,
            4.021257394552231
        ]
    }
}