{
    "Federated": {
        "loss": [
            38.42813491821289,
            31.669483184814453,
            22.565921783447266,
            20.00895881652832,
            18.167306900024414,
            16.757606506347656,
            15.714847564697266,
            14.95545482635498,
            14.29300594329834,
            13.77392578125,
            13.29977035522461
        ],
        "val_loss": [
            28.26435089111328,
            18.532085418701172,
            16.051891326904297,
            14.72617244720459,
            13.585001945495605,
            12.658921241760254,
            12.020174980163574,
            11.468687057495117,
            11.099078178405762,
            10.807819366455078,
            10.354352951049805
        ]
    },
    "Consenso": {
        "val_loss": [
            4.9787983894348145
        ]
    }
}