{
    "Federated": {
        "loss": [
            4.344151496887207,
            4.211363315582275,
            1.9473698139190674,
            1.6535098552703857,
            1.5542610883712769,
            1.540258765220642,
            1.5581951141357422,
            1.5494637489318848,
            1.5216460227966309,
            1.517072081565857,
            1.5086959600448608
        ],
        "val_loss": [
            2.356227159500122,
            2.3904428482055664,
            1.8911765813827515,
            1.7463663816452026,
            1.725778579711914,
            1.7054911851882935,
            1.709362506866455,
            1.6901562213897705,
            1.6652461290359497,
            1.6895705461502075,
            1.682671070098877
        ]
    },
    "Consenso": {
        "val_loss": [
            5.419312000274658
        ]
    }
}