{
    "Federated": {
        "loss": [
            24.588836669921875,
            21.89082145690918,
            13.540987014770508,
            11.37081527709961,
            9.90709400177002,
            8.977904319763184,
            8.339350700378418,
            7.795510768890381,
            7.381635665893555,
            7.013177871704102,
            6.680974960327148
        ],
        "val_loss": [
            15.78171443939209,
            12.753827095031738,
            9.95944595336914,
            8.699447631835938,
            7.85636043548584,
            7.301853179931641,
            6.883118152618408,
            6.578136444091797,
            6.268609523773193,
            6.008725166320801,
            5.790743350982666
        ]
    },
    "Consenso": {
        "val_loss": [
            4.78378438949585
        ]
    }
}