{
    "Federated": {
        "loss": [
            4.78362512588501,
            4.451387882232666,
            2.0285861492156982,
            1.6898508071899414,
            1.5706872940063477,
            1.563623070716858,
            1.5831800699234009,
            1.5649105310440063,
            1.5392054319381714,
            1.5335066318511963,
            1.5295312404632568
        ],
        "val_loss": [
            2.3645172119140625,
            2.5861129760742188,
            1.9553090333938599,
            1.7603882551193237,
            1.7064372301101685,
            1.6622599363327026,
            1.6519443988800049,
            1.6224186420440674,
            1.613059639930725,
            1.6033785343170166,
            1.6144386529922485
        ]
    },
    "Consenso": {
        "val_loss": [
            5.456028938293457
        ]
    }
}