{
    "Federated": {
        "loss": [
            0.5544151663780212,
            0.5059236884117126,
            0.4131900370121002,
            0.4303133487701416,
            0.3816991448402405,
            0.3694807291030884,
            0.368896484375,
            0.3674873411655426,
            0.3639266788959503,
            0.3629702031612396,
            0.3822152018547058
        ],
        "val_loss": [
            1.408074975013733,
            1.3472830057144165,
            1.1397219896316528,
            1.2414910793304443,
            1.1429622173309326,
            1.145565390586853,
            1.151337742805481,
            1.160754680633545,
            1.2043209075927734,
            1.2373484373092651,
            1.1036159992218018
        ]
    },
    "Consenso": {
        "val_loss": [
            4.789709568023682
        ]
    }
}