{
    "Federated": {
        "loss": [
            2.516554832458496,
            2.244466781616211,
            1.1597845554351807,
            0.9979965090751648,
            0.9287580251693726,
            0.9344370365142822,
            0.9351510405540466,
            0.923278272151947,
            0.8997589349746704,
            0.894329845905304,
            0.8917168974876404
        ],
        "val_loss": [
            1.3960086107254028,
            1.2405942678451538,
            1.0642273426055908,
            1.002936840057373,
            1.0232595205307007,
            1.0430277585983276,
            1.0464481115341187,
            1.0368281602859497,
            1.0218223333358765,
            1.0189743041992188,
            1.0169920921325684
        ]
    },
    "Consenso": {
        "val_loss": [
            5.246721267700195
        ]
    }
}