{
    "Federated": {
        "loss": [
            10.84401798248291,
            11.595304489135742,
            5.714900970458984,
            4.211855888366699,
            3.3591339588165283,
            2.9653196334838867,
            2.7227039337158203,
            2.5626039505004883,
            2.4292550086975098,
            2.330974578857422,
            2.2603468894958496
        ],
        "val_loss": [
            4.98158597946167,
            5.447202682495117,
            4.309671878814697,
            3.297682523727417,
            2.9877870082855225,
            2.839702606201172,
            2.766889810562134,
            2.6537282466888428,
            2.540256977081299,
            2.4876039028167725,
            2.487398386001587
        ]
    },
    "Consenso": {
        "val_loss": [
            4.72056245803833
        ]
    }
}