{
    "Federated": {
        "loss": [
            7.520846843719482,
            7.188156604766846,
            3.130300998687744,
            2.3148090839385986,
            1.9912564754486084,
            1.8701035976409912,
            1.8353962898254395,
            1.8002699613571167,
            1.767127275466919,
            1.717212438583374,
            1.6998871564865112
        ],
        "val_loss": [
            3.3915953636169434,
            3.6570749282836914,
            2.8688788414001465,
            2.3326282501220703,
            2.2506487369537354,
            2.235262870788574,
            2.1670079231262207,
            2.13264536857605,
            2.1127541065216064,
            2.091353416442871,
            2.0842461585998535
        ]
    },
    "Consenso": {
        "val_loss": [
            5.235793113708496
        ]
    }
}