{
    "Federated": {
        "loss": [
            14.5224609375,
            14.5787992477417,
            7.960272312164307,
            6.060657501220703,
            4.923432350158691,
            4.316500663757324,
            3.946004629135132,
            3.662651777267456,
            3.447333335876465,
            3.2662644386291504,
            3.1259067058563232
        ],
        "val_loss": [
            8.0674409866333,
            8.168242454528809,
            6.502862453460693,
            5.25595760345459,
            4.630843639373779,
            4.312057971954346,
            4.069417953491211,
            3.8607375621795654,
            3.727142333984375,
            3.5512068271636963,
            3.4492218494415283
        ]
    },
    "Consenso": {
        "val_loss": [
            4.540756702423096
        ]
    }
}