{
    "Federated": {
        "loss": [
            2.613415241241455,
            2.643658399581909,
            1.2812196016311646,
            1.2030329704284668,
            1.1502208709716797,
            1.1476911306381226,
            1.152691125869751,
            1.1423282623291016,
            1.1270697116851807,
            1.1103143692016602,
            1.091167688369751
        ],
        "val_loss": [
            1.5881239175796509,
            1.4442495107650757,
            1.3213557004928589,
            1.2576014995574951,
            1.2529733180999756,
            1.2770352363586426,
            1.3011497259140015,
            1.2844774723052979,
            1.2769925594329834,
            1.2704007625579834,
            1.2643094062805176
        ]
    },
    "Consenso": {
        "val_loss": [
            5.0182881355285645
        ]
    }
}