{
    "Federated": {
        "loss": [
            25.36384391784668,
            19.767650604248047,
            11.963058471679688,
            9.496230125427246,
            7.87985372543335,
            6.840699672698975,
            6.115048408508301,
            5.612924575805664,
            5.177464008331299,
            4.868631839752197,
            4.544649600982666
        ],
        "val_loss": [
            19.25582504272461,
            10.944689750671387,
            8.727996826171875,
            7.403341770172119,
            6.333453178405762,
            5.730836868286133,
            5.341232776641846,
            4.9669623374938965,
            4.683862686157227,
            4.486217021942139,
            4.261620998382568
        ]
    },
    "Consenso": {
        "val_loss": [
            4.41920804977417
        ]
    }
}