{
    "Federated": {
        "loss": [
            4.908929347991943,
            4.879723072052002,
            2.1946728229522705,
            1.8495956659317017,
            1.683213233947754,
            1.6512162685394287,
            1.6381490230560303,
            1.626523733139038,
            1.637162685394287,
            1.6223722696304321,
            1.6139060258865356
        ],
        "val_loss": [
            2.4819934368133545,
            2.2807717323303223,
            1.991904377937317,
            1.8239587545394897,
            1.7802555561065674,
            1.7680535316467285,
            1.7674922943115234,
            1.7607709169387817,
            1.7591559886932373,
            1.7764942646026611,
            1.7384108304977417
        ]
    },
    "Consenso": {
        "val_loss": [
            5.462008953094482
        ]
    }
}