{
    "Federated": {
        "loss": [
            17.85993003845215,
            17.212278366088867,
            12.042133331298828,
            10.421659469604492,
            9.380354881286621,
            8.740278244018555,
            8.289485931396484,
            7.911257266998291,
            7.579141139984131,
            7.273852825164795,
            6.9947509765625
        ],
        "val_loss": [
            45.81174087524414,
            47.95700454711914,
            41.8248405456543,
            37.79780960083008,
            34.49274444580078,
            32.722957611083984,
            31.41687774658203,
            29.90320587158203,
            28.683631896972656,
            27.684415817260742,
            26.68462371826172
        ]
    },
    "Consenso": {
        "val_loss": [
            4.5280303955078125
        ]
    }
}