{
    "Federated": {
        "loss": [
            2.131244421005249,
            1.7957919836044312,
            1.1554479598999023,
            1.144709825515747,
            1.1056315898895264,
            1.117193341255188,
            1.1125569343566895,
            1.0959960222244263,
            1.0697643756866455,
            1.0581830739974976,
            1.0425913333892822
        ],
        "val_loss": [
            1.1595218181610107,
            1.144027829170227,
            0.9822110533714294,
            0.9788203239440918,
            0.998208224773407,
            1.0147294998168945,
            1.009903073310852,
            1.0021663904190063,
            1.0040637254714966,
            0.999472439289093,
            1.0038765668869019
        ]
    },
    "Consenso": {
        "val_loss": [
            4.919154167175293
        ]
    }
}