{
    "Federated": {
        "loss": [
            3.821141004562378,
            3.088832378387451,
            1.5155099630355835,
            1.2681323289871216,
            1.1501017808914185,
            1.1721558570861816,
            1.1883236169815063,
            1.1787981986999512,
            1.1474426984786987,
            1.1260998249053955,
            1.1070929765701294
        ],
        "val_loss": [
            6.383440971374512,
            6.13597297668457,
            4.157415390014648,
            3.228682279586792,
            2.8376777172088623,
            2.650493621826172,
            2.417900323867798,
            2.1977362632751465,
            2.086881399154663,
            1.9678981304168701,
            1.8946764469146729
        ]
    },
    "Consenso": {
        "val_loss": [
            5.378876686096191
        ]
    }
}