{
    "Federated": {
        "loss": [
            19.660110473632812,
            17.92245101928711,
            11.118906021118164,
            8.793856620788574,
            7.274077892303467,
            6.367865562438965,
            5.738265037536621,
            5.304698467254639,
            4.944807052612305,
            4.6404500007629395,
            4.38287878036499
        ],
        "val_loss": [
            10.713010787963867,
            8.008257865905762,
            7.429752349853516,
            6.19606876373291,
            5.364150047302246,
            5.037229061126709,
            4.761582851409912,
            4.58368444442749,
            4.305835247039795,
            4.211483478546143,
            4.093449115753174
        ]
    },
    "Consenso": {
        "val_loss": [
            4.434501647949219
        ]
    }
}