{
    "Federated": {
        "loss": [
            4.545721530914307,
            3.6228721141815186,
            2.250310182571411,
            1.8062119483947754,
            1.7886916399002075,
            1.7901521921157837
        ],
        "val_loss": [
            2.3202097415924072,
            2.1280934810638428,
            1.995867371559143,
            1.8662058115005493,
            1.799346685409546,
            1.765063762664795
        ],
        "loss_consensus_local": [
            9.039623260498047,
            4.032155513763428,
            2.621676206588745,
            3.2941243648529053,
            3.429469585418701,
            3.256777286529541
        ],
        "loss_consensus_global": [
            29.715593338012695,
            17.512502670288086,
            11.050317764282227,
            9.115585327148438,
            7.740283966064453,
            6.651676654815674
        ]
    },
    "No Federated (Local)": {
        "loss": [
            4.5759806632995605,
            1.9263248443603516,
            1.7074882984161377,
            1.6140782833099365,
            1.5546085834503174,
            1.5159915685653687
        ],
        "val_loss": [
            2.3087027072906494,
            1.928666591644287,
            1.8253151178359985,
            1.7681262493133545,
            1.7434039115905762,
            1.7457926273345947
        ]
    }
}