{
    "Federated": {
        "loss": [
            20.580595016479492,
            15.351073265075684,
            10.85165023803711,
            8.176078796386719,
            6.468746662139893,
            5.2963032722473145
        ],
        "val_loss": [
            13.749263763427734,
            8.0960693359375,
            7.330667972564697,
            6.349282741546631,
            5.22260046005249,
            4.573786735534668
        ],
        "loss_consensus_local": [
            31.55083465576172,
            17.37449836730957,
            10.404017448425293,
            7.443600177764893,
            6.032408237457275,
            5.116908073425293
        ],
        "loss_consensus_global": [
            30.412376403808594,
            16.714914321899414,
            10.756495475769043,
            8.980502128601074,
            7.634613990783691,
            6.5897536277771
        ]
    },
    "No Federated (Local)": {
        "loss": [
            20.600915908813477,
            13.647653579711914,
            11.682435989379883,
            10.478378295898438,
            9.512202262878418,
            8.68033504486084
        ],
        "val_loss": [
            13.81935977935791,
            11.387950897216797,
            10.429609298706055,
            9.311141014099121,
            8.603418350219727,
            7.887539863586426
        ]
    }
}