{
    "Federated": {
        "loss": [
            37.191707611083984,
            30.012531280517578,
            21.635234832763672,
            19.25160789489746,
            17.589506149291992,
            16.407196044921875,
            15.550601959228516,
            14.918750762939453,
            14.390890121459961,
            13.917139053344727,
            13.465158462524414
        ],
        "val_loss": [
            24.640718460083008,
            17.214826583862305,
            15.68095874786377,
            14.448071479797363,
            13.341920852661133,
            12.642049789428711,
            12.071979522705078,
            11.658065795898438,
            11.217114448547363,
            10.901949882507324,
            10.616517066955566
        ]
    },
    "Consenso": {
        "val_loss": [
            5.196913242340088
        ]
    }
}