{
    "Federated": {
        "loss": [
            16.31097984313965,
            12.882737159729004,
            7.029014587402344,
            5.579434394836426,
            4.696859836578369,
            4.208756923675537,
            3.8956551551818848,
            3.6743390560150146,
            3.4843993186950684,
            3.3457493782043457,
            3.2144815921783447
        ],
        "val_loss": [
            8.696568489074707,
            5.480627536773682,
            4.524482250213623,
            3.6266191005706787,
            3.216909646987915,
            3.037865161895752,
            2.9642839431762695,
            2.824063777923584,
            2.7424516677856445,
            2.6445789337158203,
            2.5651676654815674
        ]
    },
    "Consenso": {
        "val_loss": [
            4.443063735961914
        ]
    }
}