{
    "Federated": {
        "loss": [
            4.771374702453613,
            4.875978946685791,
            2.260331869125366,
            1.7165926694869995,
            1.5716134309768677,
            1.5492124557495117,
            1.5390410423278809,
            1.504841923713684,
            1.5286223888397217,
            1.526206135749817,
            1.5136033296585083
        ],
        "val_loss": [
            2.240276575088501,
            2.88730525970459,
            1.9888157844543457,
            1.7720273733139038,
            1.7233142852783203,
            1.700014591217041,
            1.6685107946395874,
            1.6617913246154785,
            1.6709808111190796,
            1.6803818941116333,
            1.6829416751861572
        ]
    },
    "Consenso": {
        "val_loss": [
            5.763928413391113
        ]
    }
}