{
    "Federated": {
        "loss": [
            19.060993194580078,
            14.770109176635742,
            8.383739471435547,
            6.962945461273193,
            5.985686779022217,
            5.357670307159424,
            4.898934841156006,
            4.527227401733398,
            4.233502388000488,
            3.966139554977417,
            3.764620542526245
        ],
        "val_loss": [
            11.6541748046875,
            7.696537971496582,
            6.625339031219482,
            5.655889987945557,
            5.060772895812988,
            4.615860462188721,
            4.410694122314453,
            4.1708526611328125,
            3.913651466369629,
            3.8160674571990967,
            3.6541531085968018
        ]
    },
    "Consenso": {
        "val_loss": [
            4.563537120819092
        ]
    }
}