{
    "Federated": {
        "loss": [
            3.2866086959838867,
            3.142197370529175,
            1.4027681350708008,
            1.2793675661087036,
            1.244760274887085,
            1.2577660083770752,
            1.2673094272613525,
            1.2562742233276367,
            1.2480393648147583,
            1.2347948551177979,
            1.228533387184143
        ],
        "val_loss": [
            1.555968999862671,
            1.365851879119873,
            1.15790593624115,
            1.0767714977264404,
            1.0576597452163696,
            1.0553350448608398,
            1.0504120588302612,
            1.0423341989517212,
            1.0333364009857178,
            1.0361682176589966,
            1.0328346490859985
        ]
    },
    "Consenso": {
        "val_loss": [
            5.54863166809082
        ]
    }
}