{
    "Federated": {
        "loss": [
            27.92186164855957,
            23.852813720703125,
            15.696760177612305,
            13.768086433410645,
            12.29734992980957,
            11.197680473327637,
            10.412967681884766,
            9.736936569213867,
            9.172202110290527,
            8.63758659362793,
            8.18022346496582
        ],
        "val_loss": [
            15.094756126403809,
            11.490556716918945,
            10.455439567565918,
            8.988768577575684,
            8.08823013305664,
            7.596159934997559,
            7.089466094970703,
            6.682198524475098,
            6.281848907470703,
            5.958410739898682,
            5.724176406860352
        ]
    },
    "Consenso": {
        "val_loss": [
            4.658848762512207
        ]
    }
}