{
    "Federated": {
        "loss": [
            2.820054054260254,
            2.60091495513916,
            1.2467658519744873,
            1.1791592836380005,
            1.1526288986206055,
            1.148508906364441,
            1.1445215940475464,
            1.1388537883758545,
            1.1166402101516724,
            1.1059774160385132,
            1.0897612571716309
        ],
        "val_loss": [
            1.5410773754119873,
            1.4599946737289429,
            1.3529489040374756,
            1.2988777160644531,
            1.3001855611801147,
            1.30984628200531,
            1.3059666156768799,
            1.2958847284317017,
            1.2888736724853516,
            1.2738921642303467,
            1.2851285934448242
        ]
    },
    "Consenso": {
        "val_loss": [
            5.102351665496826
        ]
    }
}