{
    "Federated": {
        "loss": [
            2.4446611404418945,
            2.3107926845550537,
            1.3195035457611084,
            1.2642569541931152,
            1.240789532661438,
            1.2453985214233398,
            1.2432671785354614,
            1.2376797199249268,
            1.2260805368423462,
            1.2193632125854492,
            1.2019424438476562
        ],
        "val_loss": [
            1.2517263889312744,
            1.1822524070739746,
            1.067973256111145,
            1.028751015663147,
            1.0269443988800049,
            1.0266227722167969,
            1.0228486061096191,
            1.017404556274414,
            1.0057815313339233,
            1.0029765367507935,
            0.9964962005615234
        ]
    },
    "Consenso": {
        "val_loss": [
            5.343540191650391
        ]
    }
}