{
    "Federated": {
        "loss": [
            6.890384674072266,
            6.290149688720703,
            3.1471409797668457,
            2.537667751312256,
            2.267449140548706,
            2.1506588459014893,
            2.087575674057007,
            2.041135787963867,
            2.00941801071167,
            1.9806725978851318,
            1.9571917057037354
        ],
        "val_loss": [
            2.639991044998169,
            2.5834712982177734,
            1.9818114042282104,
            1.7727442979812622,
            1.7331637144088745,
            1.6993303298950195,
            1.679120659828186,
            1.6315112113952637,
            1.6066035032272339,
            1.5871200561523438,
            1.5859992504119873
        ]
    },
    "Consenso": {
        "val_loss": [
            4.92750358581543
        ]
    }
}