{
    "Federated": {
        "loss": [
            84.46723175048828,
            78.69966888427734,
            66.77164459228516,
            62.91737365722656,
            60.13329315185547,
            58.158775329589844,
            56.60145568847656,
            55.369239807128906,
            54.34788513183594,
            53.465476989746094,
            52.39738082885742
        ],
        "val_loss": [
            42.04899978637695,
            37.74119567871094,
            32.79280090332031,
            31.030643463134766,
            29.59785270690918,
            29.108551025390625,
            28.07988166809082,
            27.34487533569336,
            26.860158920288086,
            26.46639633178711,
            25.70400619506836
        ]
    },
    "Consenso": {
        "val_loss": [
            10.47244644165039
        ]
    }
}