{
    "Federated": {
        "loss": [
            5.990619659423828,
            5.146706581115723,
            2.275541305541992,
            1.8469609022140503,
            1.6844218969345093,
            1.6435394287109375,
            1.6338378190994263,
            1.6394094228744507,
            1.6193456649780273,
            1.5989476442337036,
            1.5867321491241455
        ],
        "val_loss": [
            2.5479066371917725,
            2.206472158432007,
            1.8195581436157227,
            1.668399453163147,
            1.628432273864746,
            1.620800256729126,
            1.6155949831008911,
            1.6683074235916138,
            1.6109613180160522,
            1.6169432401657104,
            1.5848010778427124
        ]
    },
    "Consenso": {
        "val_loss": [
            5.394913196563721
        ]
    }
}