{
    "Federated": {
        "loss": [
            22.141422271728516,
            16.118127822875977,
            9.008745193481445,
            7.327928066253662,
            6.223812103271484,
            5.552663326263428,
            5.090311050415039,
            4.804905891418457,
            4.536455154418945,
            4.350045680999756,
            4.149132251739502
        ],
        "val_loss": [
            15.487462997436523,
            8.980299949645996,
            7.837213039398193,
            6.675981521606445,
            5.872440814971924,
            5.459249019622803,
            5.197348117828369,
            5.001197338104248,
            4.812923908233643,
            4.644046306610107,
            4.518599033355713
        ]
    },
    "Consenso": {
        "val_loss": [
            4.428053855895996
        ]
    }
}