{
    "Federated": {
        "loss": [
            5.256829261779785,
            4.4676103591918945,
            1.9820226430892944,
            1.7092053890228271,
            1.6161260604858398,
            1.6180485486984253,
            1.655452013015747,
            1.6353836059570312,
            1.6401562690734863,
            1.6093393564224243,
            1.6151713132858276
        ],
        "val_loss": [
            2.3260862827301025,
            2.2517642974853516,
            1.936324954032898,
            1.8143630027770996,
            1.7748219966888428,
            1.7841542959213257,
            1.7538806200027466,
            1.754463791847229,
            1.7418079376220703,
            1.7488633394241333,
            1.752827525138855
        ]
    },
    "Consenso": {
        "val_loss": [
            5.564545631408691
        ]
    }
}