{
    "Federated": {
        "loss": [
            18.058242797851562,
            16.10496711730957,
            11.5515718460083,
            10.23080062866211,
            9.353373527526855,
            8.730637550354004,
            8.23100471496582,
            7.811372756958008,
            7.41508150100708,
            7.0706095695495605,
            6.7608537673950195
        ],
        "val_loss": [
            50.88064193725586,
            44.81040573120117,
            40.191497802734375,
            36.36112976074219,
            33.8167610168457,
            32.15049743652344,
            30.837299346923828,
            29.327131271362305,
            27.71807098388672,
            26.447702407836914,
            25.41602325439453
        ]
    },
    "Consenso": {
        "val_loss": [
            4.43801212310791
        ]
    }
}