{
    "Federated": {
        "loss": [
            15.272509574890137,
            13.882406234741211,
            7.392331123352051,
            5.140871524810791,
            3.9446861743927,
            3.454176902770996,
            3.164680004119873,
            2.9509050846099854,
            2.798734426498413,
            2.6805663108825684,
            2.592872381210327
        ],
        "val_loss": [
            10.065093994140625,
            8.312053680419922,
            5.872451305389404,
            4.33561897277832,
            3.8261525630950928,
            3.5911710262298584,
            3.373331308364868,
            3.2104337215423584,
            3.0826051235198975,
            3.0347039699554443,
            2.918351173400879
        ]
    },
    "Consenso": {
        "val_loss": [
            4.869281768798828
        ]
    }
}