{
    "Federated": {
        "loss": [
            29.988004684448242,
            19.991682052612305,
            12.156484603881836,
            10.224478721618652,
            8.931425094604492,
            8.060430526733398,
            7.4720258712768555,
            7.100019454956055,
            6.706490993499756,
            6.445892810821533,
            6.1463823318481445
        ],
        "val_loss": [
            24.501205444335938,
            10.17007064819336,
            8.906964302062988,
            7.749993324279785,
            6.749102592468262,
            6.158999919891357,
            5.805145740509033,
            5.544276237487793,
            5.281494617462158,
            5.0678019523620605,
            4.884173393249512
        ]
    },
    "Consenso": {
        "val_loss": [
            4.649848461151123
        ]
    }
}