{
    "Federated": {
        "loss": [
            12.532835006713867,
            10.666172981262207,
            5.8785247802734375,
            4.2161335945129395,
            3.501962184906006,
            3.1762638092041016,
            2.9947683811187744,
            2.8506033420562744,
            2.7492897510528564,
            2.6783289909362793,
            2.6283700466156006
        ],
        "val_loss": [
            7.875660419464111,
            5.839555740356445,
            3.922257661819458,
            3.1902332305908203,
            3.0124940872192383,
            2.8052515983581543,
            2.750426769256592,
            2.6663169860839844,
            2.5539944171905518,
            2.5300612449645996,
            2.520750045776367
        ]
    },
    "Consenso": {
        "val_loss": [
            4.978096961975098
        ]
    }
}