{
    "Federated": {
        "loss": [
            19.764081597328186,
            16.288826966285704,
            15.273560611009596,
            14.333142116069794,
            13.552781294584275,
            12.895130983591079
        ],
        "val_loss": [
            11.943633108139037,
            10.351929717063904,
            9.761457391977311,
            9.289804811477662,
            8.905915699005126,
            8.601634929180145
        ],
        "loss_consensus_local": [
            26.49791925430298,
            24.77512785434723,
            23.315871435403825,
            22.336097888946533,
            21.66939510345459,
            21.129575278759003
        ],
        "loss_consensus_global": [
            26.829767723083496,
            25.155319204330446,
            23.842750997543334,
            23.09313139438629,
            22.670703568458556,
            22.3055627822876
        ]
    },
    "No Federated (Local)": {
        "loss": [
            19.781835746765136,
            11.247560334205627,
            8.460932157039641,
            7.139376960992813,
            6.399040039777756,
            5.9128070485591895
        ],
        "val_loss": [
            11.861202745437621,
            8.246836845874785,
            6.894411681890487,
            6.211577342748642,
            5.811774724721909,
            5.450213406085968
        ]
    }
}