{
    "Federated": {
        "loss": [
            38.2254753112793,
            30.482084274291992,
            22.394546508789062,
            20.017168045043945,
            18.097360610961914,
            16.707033157348633
        ],
        "val_loss": [
            26.62645149230957,
            18.127681732177734,
            15.9137601852417,
            14.72181510925293,
            13.598651885986328,
            12.636395454406738
        ]
    },
    "Consenso": {
        "val_loss": [
            6.3190693855285645
        ]
    }
}