{
    "Federated": {
        "loss": [
            14.596508979797363,
            16.48356819152832,
            9.092086791992188,
            7.226831912994385,
            6.041224956512451,
            5.29287576675415
        ],
        "val_loss": [
            6.295401096343994,
            8.425068855285645,
            7.004576206207275,
            5.734705924987793,
            5.017667770385742,
            4.453309059143066
        ]
    },
    "Consenso": {
        "val_loss": [
            5.550327301025391
        ]
    }
}