{
    "Federated": {
        "loss": [
            25.66231346130371,
            21.855714797973633,
            13.398889541625977,
            11.367164611816406,
            9.868349075317383,
            8.778047561645508
        ],
        "val_loss": [
            17.10626792907715,
            12.259318351745605,
            10.051015853881836,
            8.73951244354248,
            7.709407806396484,
            6.993063926696777
        ]
    },
    "Consenso": {
        "val_loss": [
            5.711180686950684
        ]
    }
}