{
    "Federated": {
        "loss": [
            3.8694493770599365,
            2.9653992652893066,
            1.6116654872894287,
            1.4487897157669067,
            1.377877116203308,
            1.3714247941970825
        ],
        "val_loss": [
            1.7045902013778687,
            1.5924493074417114,
            1.4633207321166992,
            1.3496105670928955,
            1.3258594274520874,
            1.3270570039749146
        ]
    },
    "Consenso": {
        "val_loss": [
            7.0194196701049805
        ]
    }
}