{
    "Federated": {
        "loss": [
            3.560945749282837,
            2.743116617202759,
            1.4294532537460327,
            1.300641417503357,
            1.2368614673614502,
            1.2341194152832031
        ],
        "val_loss": [
            1.499024748802185,
            1.3307867050170898,
            1.169881820678711,
            1.0698305368423462,
            1.0614064931869507,
            1.043975591659546
        ]
    },
    "Consenso": {
        "val_loss": [
            6.977598667144775
        ]
    }
}