{
    "Federated": {
        "loss": [
            4.819301128387451,
            4.737524032592773,
            2.577425479888916,
            2.113828659057617,
            1.8612288236618042,
            1.721868634223938
        ],
        "val_loss": [
            4.181241035461426,
            4.625585079193115,
            3.39418625831604,
            2.947258472442627,
            2.7647500038146973,
            2.582880973815918
        ]
    },
    "Consenso": {
        "val_loss": [
            6.191834449768066
        ]
    }
}