{
    "Federated": {
        "loss": [
            4.234438896179199,
            4.024263858795166,
            1.5988415479660034,
            1.358028769493103,
            1.2990355491638184,
            1.288187861442566
        ],
        "val_loss": [
            1.9033222198486328,
            1.9515891075134277,
            1.5612586736679077,
            1.486744999885559,
            1.4070725440979004,
            1.3721996545791626
        ]
    },
    "Consenso": {
        "val_loss": [
            7.235806941986084
        ]
    }
}