{
    "Federated": {
        "loss": [
            14.366472244262695,
            12.521159172058105,
            6.824832439422607,
            5.225115776062012,
            4.341941833496094,
            3.887162446975708
        ],
        "val_loss": [
            8.218032836914062,
            7.146664142608643,
            5.719956874847412,
            4.630433082580566,
            4.2068328857421875,
            3.974454879760742
        ]
    },
    "Consenso": {
        "val_loss": [
            5.348360538482666
        ]
    }
}