{
    "Federated": {
        "loss": [
            20.15025520324707,
            16.662599563598633,
            9.77703857421875,
            7.929881572723389,
            6.659588813781738,
            5.722025394439697
        ],
        "val_loss": [
            12.819315910339355,
            9.81688404083252,
            8.301032066345215,
            7.077079772949219,
            6.0898003578186035,
            5.444260120391846
        ]
    },
    "Consenso": {
        "val_loss": [
            5.127803802490234
        ]
    }
}