{
    "Federated": {
        "loss": [
            14.706803321838379,
            10.939774513244629,
            5.608421325683594,
            4.269519329071045,
            3.532944917678833,
            3.1433770656585693
        ],
        "val_loss": [
            8.506649017333984,
            5.999630451202393,
            4.891555309295654,
            3.9275848865509033,
            3.532949686050415,
            3.324345588684082
        ]
    },
    "Consenso": {
        "val_loss": [
            5.433648109436035
        ]
    }
}