{
    "Federated": {
        "loss": [
            16.933874130249023,
            12.636082649230957,
            6.744058609008789,
            5.236057281494141,
            4.378294467926025,
            3.8448781967163086
        ],
        "val_loss": [
            9.408154487609863,
            5.57550573348999,
            4.189968109130859,
            3.4536571502685547,
            3.2643704414367676,
            2.9392471313476562
        ]
    },
    "Consenso": {
        "val_loss": [
            5.444885730743408
        ]
    }
}