{
    "Federated": {
        "loss": [
            37.87471389770508,
            32.24384307861328,
            22.77030372619629,
            19.858835220336914,
            17.765321731567383,
            16.17341423034668
        ],
        "val_loss": [
            22.768259048461914,
            18.125732421875,
            14.279617309570312,
            12.859129905700684,
            11.998547554016113,
            11.027145385742188
        ]
    },
    "Consenso": {
        "val_loss": [
            6.785477161407471
        ]
    }
}