{
    "Federated": {
        "loss": [
            4.39656925201416,
            4.315665245056152,
            1.7451741695404053,
            1.4925779104232788,
            1.4320348501205444,
            1.4208210706710815
        ],
        "val_loss": [
            2.0486972332000732,
            2.1918442249298096,
            1.755125641822815,
            1.6475616693496704,
            1.636541485786438,
            1.5845286846160889
        ]
    },
    "Consenso": {
        "val_loss": [
            7.158005714416504
        ]
    }
}