{
    "Federated": {
        "loss": [
            10.496073722839355,
            8.272054672241211,
            4.612797737121582,
            3.6842010021209717,
            3.2308950424194336,
            2.999232292175293
        ],
        "val_loss": [
            5.322226524353027,
            4.446776866912842,
            3.367187023162842,
            2.9623968601226807,
            2.8149561882019043,
            2.732905387878418
        ]
    },
    "Consenso": {
        "val_loss": [
            5.6013288497924805
        ]
    }
}