{
    "Federated": {
        "loss": [
            1.8607683181762695,
            1.4081265926361084,
            0.9617987871170044,
            0.9295367002487183,
            0.8918398022651672,
            0.8803660869598389
        ],
        "val_loss": [
            1.10957932472229,
            0.9864463806152344,
            0.933932363986969,
            0.913212239742279,
            0.9117789268493652,
            0.9175980687141418
        ]
    },
    "Consenso": {
        "val_loss": [
            6.871278285980225
        ]
    }
}