{
    "Federated": {
        "loss": [
            34.730831146240234,
            23.3703670501709,
            18.30994415283203,
            15.079270362854004,
            13.478753089904785,
            12.14024543762207
        ],
        "val_loss": [
            23.835800170898438,
            13.552480697631836,
            11.058208465576172,
            9.884902954101562,
            9.339125633239746,
            8.824824333190918
        ],
        "loss_consensus_local": [
            56.059303283691406,
            37.02119445800781,
            24.772418975830078,
            18.48729133605957,
            14.76243782043457,
            12.749441146850586
        ],
        "loss_consensus_global": [
            32.68840408325195,
            20.524492263793945,
            12.69637393951416,
            8.52082633972168,
            6.134077072143555,
            5.062381267547607
        ]
    },
    "No Federated (Local)": {
        "loss": [
            34.704647064208984,
            25.14022445678711,
            22.81105613708496,
            21.424205780029297,
            20.437246322631836,
            19.61020851135254
        ],
        "val_loss": [
            23.70704460144043,
            20.904796600341797,
            19.521095275878906,
            18.620655059814453,
            17.98038101196289,
            17.05858612060547
        ]
    }
}