{
    "Federated": {
        "loss": [
            4.594862461090088,
            5.154886722564697,
            3.7344753742218018,
            3.0324809551239014,
            2.6079885959625244,
            2.3564400672912598
        ],
        "val_loss": [
            2.561178684234619,
            3.4143471717834473,
            2.941380739212036,
            2.681839942932129,
            2.470468044281006,
            2.357564687728882
        ],
        "loss_consensus_local": [
            12.539628982543945,
            8.435266494750977,
            5.791481018066406,
            4.251036167144775,
            3.386571168899536,
            2.9428298473358154
        ],
        "loss_consensus_global": [
            32.61845397949219,
            20.077268600463867,
            12.52480697631836,
            8.371826171875,
            6.06039571762085,
            5.030486583709717
        ]
    },
    "No Federated (Local)": {
        "loss": [
            4.5657501220703125,
            2.1854324340820312,
            1.8172460794448853,
            1.6528022289276123,
            1.5631362199783325,
            1.5193865299224854
        ],
        "val_loss": [
            2.553337574005127,
            2.1237740516662598,
            1.9227945804595947,
            1.8337628841400146,
            1.8056424856185913,
            1.7683171033859253
        ]
    }
}