{
    "Federated": {
        "loss": [
            37.88829803466797,
            20.779890060424805,
            17.128074645996094,
            13.829472541809082,
            12.008294105529785,
            10.906172752380371
        ],
        "val_loss": [
            18.596582412719727,
            4.527277946472168,
            5.360601902008057,
            5.176682472229004,
            4.93723726272583,
            4.83367919921875
        ],
        "loss_consensus_local": [
            34.19416809082031,
            22.39019775390625,
            13.41989803314209,
            8.449240684509277,
            5.983548164367676,
            4.925086975097656
        ],
        "loss_consensus_global": [
            34.19416809082031,
            22.39019775390625,
            13.41989803314209,
            8.449240684509277,
            5.983548164367676,
            4.925086975097656
        ]
    },
    "No Federated (Local)": {
        "loss": [
            37.92120361328125,
            28.156192779541016,
            23.23356819152832,
            19.545330047607422,
            17.076826095581055,
            15.511260986328125
        ],
        "val_loss": [
            18.047027587890625,
            13.301365852355957,
            10.055431365966797,
            8.382670402526855,
            7.421572685241699,
            7.235595226287842
        ]
    }
}