{
    "Federated": {
        "loss": [
            20.188907027244568,
            13.331476330757141,
            10.308099329471588,
            7.655867278575897,
            6.335185766220093,
            5.647664129734039
        ],
        "val_loss": [
            13.71823662519455,
            6.646548390388489,
            6.059026747941971,
            5.389048844575882,
            4.99401980638504,
            4.743325263261795
        ],
        "loss_consensus_local": [
            26.12995934486389,
            19.056745290756226,
            11.745591700077057,
            8.03488141298294,
            6.301354229450226,
            5.556753993034363
        ],
        "loss_consensus_global": [
            25.665919303894043,
            18.58470058441162,
            11.007463216781616,
            7.189291954040527,
            5.336903214454651,
            4.775102615356445
        ]
    },
    "No Federated (Local)": {
        "loss": [
            20.204242944717407,
            13.92615631222725,
            11.714585810899734,
            10.333010852336884,
            9.39156860113144,
            8.72599071264267
        ],
        "val_loss": [
            13.70980167388916,
            11.13825011253357,
            9.84760668873787,
            8.833433121442795,
            8.262599259614944,
            7.7116126120090485
        ]
    }
}