{
    "Federated": {
        "loss": [
            32.46896743774414,
            21.6817569732666,
            18.517772674560547,
            16.50446891784668,
            15.191213607788086,
            14.388382911682129
        ],
        "val_loss": [
            19.273906707763672,
            10.906774520874023,
            12.016883850097656,
            11.930364608764648,
            11.711918830871582,
            11.473745346069336
        ],
        "loss_consensus_local": [
            56.95503616333008,
            42.06976318359375,
            30.949113845825195,
            23.51173210144043,
            18.775007247924805,
            15.977400779724121
        ],
        "loss_consensus_global": [
            32.757450103759766,
            23.160688400268555,
            16.119220733642578,
            11.43041706085205,
            8.344949722290039,
            6.387440204620361
        ]
    },
    "No Federated (Local)": {
        "loss": [
            32.48407745361328,
            19.45796012878418,
            15.862954139709473,
            14.178810119628906,
            13.1603364944458,
            12.432199478149414
        ],
        "val_loss": [
            19.41267967224121,
            14.723550796508789,
            12.849475860595703,
            11.857659339904785,
            11.104106903076172,
            10.610994338989258
        ]
    }
}