{
    "Federated": {
        "loss": [
            19.07913589477539,
            11.593965530395508,
            7.392544269561768,
            4.426607608795166,
            3.354267120361328,
            2.9135708808898926
        ],
        "val_loss": [
            14.13264274597168,
            7.0532379150390625,
            5.746636390686035,
            5.178256511688232,
            4.979841232299805,
            4.836605548858643
        ],
        "loss_consensus_local": [
            38.57545471191406,
            23.528749465942383,
            13.753840446472168,
            8.812149047851562,
            6.346419334411621,
            5.274228096008301
        ],
        "loss_consensus_global": [
            38.57545471191406,
            23.528749465942383,
            13.753840446472168,
            8.812149047851562,
            6.346419334411621,
            5.274228096008301
        ]
    },
    "No Federated (Local)": {
        "loss": [
            19.03895378112793,
            10.684611320495605,
            8.272189140319824,
            6.935078144073486,
            6.035233020782471,
            5.296820640563965
        ],
        "val_loss": [
            14.033385276794434,
            11.068400382995605,
            9.338623046875,
            8.227051734924316,
            7.4802398681640625,
            6.7063140869140625
        ]
    }
}