{
    "Federated": {
        "loss": [
            16.192838668823242,
            13.540733337402344,
            6.9069085121154785,
            5.364856243133545,
            4.3411478996276855,
            3.7116146087646484,
            3.3478646278381348,
            3.108876943588257,
            2.9332616329193115,
            2.7943613529205322,
            2.6882643699645996
        ],
        "val_loss": [
            7.718884468078613,
            5.294230937957764,
            4.347517490386963,
            3.4379940032958984,
            2.899872303009033,
            2.653984308242798,
            2.5420281887054443,
            2.442805767059326,
            2.362907886505127,
            2.3003909587860107,
            2.2414209842681885
        ]
    },
    "Consenso": {
        "val_loss": [
            3.8091044425964355
        ]
    }
}