{
    "Federated": {
        "loss": [
            4.750069618225098,
            4.579151630401611,
            2.2076361179351807,
            1.7839643955230713,
            1.653993844985962,
            1.5590169429779053,
            1.4891084432601929,
            1.424763560295105,
            1.3727076053619385,
            1.3353936672210693,
            1.3250738382339478
        ],
        "val_loss": [
            3.935267210006714,
            3.8904788494110107,
            2.8529574871063232,
            2.6434285640716553,
            2.501657247543335,
            2.4454455375671387,
            2.343160629272461,
            2.2830915451049805,
            2.2828681468963623,
            2.282175064086914,
            2.1799960136413574
        ]
    },
    "Consenso": {
        "val_loss": [
            4.705095291137695
        ]
    }
}