{
    "Federated": {
        "loss": [
            0.5755215287208557,
            0.5580122470855713,
            0.39266741275787354,
            0.41076380014419556,
            0.38422027230262756,
            0.3626623749732971,
            0.367803692817688,
            0.36673393845558167,
            0.3725144863128662,
            0.359653502702713,
            0.3665594756603241
        ],
        "val_loss": [
            1.3823586702346802,
            1.523750901222229,
            1.2768391370773315,
            1.137266993522644,
            1.0905221700668335,
            1.1672521829605103,
            1.1227220296859741,
            1.125280499458313,
            1.165849208831787,
            1.2614079713821411,
            1.1248509883880615
        ]
    },
    "Consenso": {
        "val_loss": [
            4.204809188842773
        ]
    }
}