{
    "Federated": {
        "loss": [
            2.325690507888794,
            2.3886797428131104,
            1.1054797172546387,
            0.9696134328842163,
            0.9481285810470581,
            0.9420211315155029,
            0.9200299978256226,
            0.8971954584121704,
            0.8833293914794922,
            0.871073305606842,
            0.8732031583786011
        ],
        "val_loss": [
            1.2800424098968506,
            1.2788405418395996,
            1.066748857498169,
            1.0546875,
            1.0652011632919312,
            1.063379168510437,
            1.0447710752487183,
            1.0330495834350586,
            1.026981234550476,
            1.0245786905288696,
            1.0273501873016357
        ]
    },
    "Consenso": {
        "val_loss": [
            4.769323825836182
        ]
    }
}