{
    "Federated": {
        "loss": [
            29.63489532470703,
            23.79836654663086,
            14.4189453125,
            12.228767395019531,
            10.884692192077637,
            10.036484718322754,
            9.394766807556152,
            8.859251976013184,
            8.394062995910645,
            7.939691543579102,
            7.581273555755615
        ],
        "val_loss": [
            17.333887100219727,
            10.50722885131836,
            9.383772850036621,
            8.092836380004883,
            7.363959789276123,
            6.866828441619873,
            6.50171422958374,
            6.196731090545654,
            5.992143154144287,
            5.690744400024414,
            5.472342014312744
        ]
    },
    "Consenso": {
        "val_loss": [
            4.542058944702148
        ]
    }
}