{
    "Federated": {
        "loss": [
            4.294898986816406,
            4.048510551452637,
            1.446098804473877,
            1.2462354898452759,
            1.2274205684661865,
            1.2280279397964478,
            1.2092384099960327,
            1.193726658821106,
            1.178658127784729,
            1.1795058250427246,
            1.178491234779358
        ],
        "val_loss": [
            1.9276747703552246,
            1.8515472412109375,
            1.4092075824737549,
            1.322013258934021,
            1.3243354558944702,
            1.3027353286743164,
            1.2925888299942017,
            1.2838106155395508,
            1.2844350337982178,
            1.2900300025939941,
            1.2951126098632812
        ]
    },
    "Consenso": {
        "val_loss": [
            5.261540412902832
        ]
    }
}