{
    "Federated": {
        "loss": [
            11.74205493927002,
            10.106607437133789,
            4.4502458572387695,
            3.342435836791992,
            2.852954864501953,
            2.603624105453491,
            2.432976722717285,
            2.288696527481079,
            2.1840198040008545,
            2.0988550186157227,
            2.044857978820801
        ],
        "val_loss": [
            5.333268642425537,
            4.4670586585998535,
            3.5450568199157715,
            2.919090986251831,
            2.7035555839538574,
            2.6184237003326416,
            2.550990343093872,
            2.4833743572235107,
            2.396345376968384,
            2.451124429702759,
            2.3044419288635254
        ]
    },
    "Consenso": {
        "val_loss": [
            4.6652021408081055
        ]
    }
}