{
    "Federated": {
        "loss": [
            15.400434494018555,
            11.545808792114258,
            5.639873027801514,
            4.369517803192139,
            3.7298171520233154,
            3.380366086959839,
            3.1459896564483643,
            2.9565370082855225,
            2.808060884475708,
            2.6672234535217285,
            2.5686545372009277
        ],
        "val_loss": [
            9.459321022033691,
            5.744654655456543,
            4.574983596801758,
            3.9185361862182617,
            3.631442070007324,
            3.4386935234069824,
            3.311584234237671,
            3.146404981613159,
            3.0290749073028564,
            2.9454946517944336,
            2.875298500061035
        ]
    },
    "Consenso": {
        "val_loss": [
            4.4964776039123535
        ]
    }
}