{
    "Federated": {
        "loss": [
            2.6031062602996826,
            2.77308988571167,
            1.2121448516845703,
            1.1584045886993408,
            1.118255853652954,
            1.1116071939468384,
            1.11923348903656,
            1.1203685998916626,
            1.1116124391555786,
            1.1184067726135254,
            1.092734456062317
        ],
        "val_loss": [
            1.4853968620300293,
            1.5152686834335327,
            1.319665789604187,
            1.2656713724136353,
            1.2635217905044556,
            1.2772709131240845,
            1.2955281734466553,
            1.2966121435165405,
            1.28794527053833,
            1.282538652420044,
            1.2794066667556763
        ]
    },
    "Consenso": {
        "val_loss": [
            4.29186487197876
        ]
    }
}