{
    "Federated": {
        "loss": [
            2.4926352500915527,
            2.4677484035491943,
            1.2943751811981201,
            1.2412569522857666,
            1.200659990310669,
            1.207087755203247,
            1.212997555732727,
            1.212929368019104,
            1.21046781539917,
            1.206689715385437,
            1.2017171382904053
        ],
        "val_loss": [
            1.2243822813034058,
            1.1451479196548462,
            1.0471038818359375,
            1.0007672309875488,
            0.996260941028595,
            1.005353331565857,
            1.01580011844635,
            1.0093051195144653,
            1.0160659551620483,
            1.0061908960342407,
            1.01622474193573
        ]
    },
    "Consenso": {
        "val_loss": [
            4.468544960021973
        ]
    }
}