{
    "Federated": {
        "loss": [
            6.493431091308594,
            4.867349147796631,
            2.0411839485168457,
            1.7628017663955688,
            1.6448415517807007,
            1.6003971099853516,
            1.5606920719146729,
            1.493773102760315,
            1.4503053426742554,
            1.4302867650985718,
            1.4101839065551758
        ],
        "val_loss": [
            2.9538516998291016,
            2.120088815689087,
            1.7207220792770386,
            1.6232229471206665,
            1.5672223567962646,
            1.5243995189666748,
            1.493818998336792,
            1.4695765972137451,
            1.446010947227478,
            1.447197437286377,
            1.4914733171463013
        ]
    },
    "Consenso": {
        "val_loss": [
            5.283816337585449
        ]
    }
}