{
    "Federated": {
        "loss": [
            36.106754302978516,
            28.791271209716797,
            23.938518524169922,
            23.43242645263672,
            23.375730514526367,
            23.55206871032715,
            23.841793060302734,
            24.28249740600586,
            24.598087310791016,
            25.10650062561035,
            25.404111862182617
        ],
        "val_loss": [
            24.336240768432617,
            16.06414222717285,
            12.791454315185547,
            11.8639497756958,
            11.48160171508789,
            11.24204158782959,
            11.178498268127441,
            11.014684677124023,
            11.145270347595215,
            11.279337882995605,
            11.57346248626709
        ]
    },
    "Consenso": {
        "val_loss": [
            7.606198787689209
        ]
    }
}