{
    "Federated": {
        "loss": [
            5.804015636444092,
            5.484057426452637,
            2.3542442321777344,
            1.8904187679290771,
            1.676544427871704,
            1.6091434955596924,
            1.5913375616073608,
            1.594160795211792,
            1.585802674293518,
            1.573801875114441,
            1.565624475479126
        ],
        "val_loss": [
            2.422107458114624,
            2.1836817264556885,
            1.8342152833938599,
            1.6570299863815308,
            1.60952889919281,
            1.6014244556427002,
            1.6002556085586548,
            1.6002495288848877,
            1.5921634435653687,
            1.5851359367370605,
            1.5839632749557495
        ]
    },
    "Consenso": {
        "val_loss": [
            4.6293511390686035
        ]
    }
}