{
    "Federated": {
        "loss": [
            5.699090003967285,
            5.006649494171143,
            2.0472331047058105,
            1.736667275428772,
            1.6198188066482544,
            1.5864564180374146,
            1.5942857265472412,
            1.603370189666748,
            1.605257511138916,
            1.5933728218078613,
            1.590101957321167
        ],
        "val_loss": [
            2.751664638519287,
            2.189091205596924,
            1.9399657249450684,
            1.7881889343261719,
            1.7478492259979248,
            1.7461364269256592,
            1.7456085681915283,
            1.7511770725250244,
            1.745350956916809,
            1.7576298713684082,
            1.743933081626892
        ]
    },
    "Consenso": {
        "val_loss": [
            4.795560359954834
        ]
    }
}