{
    "Federated": {
        "loss": [
            14.6605863571167,
            11.120071411132812,
            5.095966339111328,
            3.929514169692993,
            3.338771104812622,
            3.0310862064361572,
            2.7926430702209473,
            2.6193559169769287,
            2.475675582885742,
            2.3759002685546875,
            2.2837867736816406
        ],
        "val_loss": [
            8.862549781799316,
            5.475347518920898,
            4.374322414398193,
            3.6700778007507324,
            3.3742783069610596,
            3.1815648078918457,
            3.021711826324463,
            2.8969132900238037,
            2.7858293056488037,
            2.723698139190674,
            2.6478116512298584
        ]
    },
    "Consenso": {
        "val_loss": [
            4.530979156494141
        ]
    }
}