{
    "Federated": {
        "loss": [
            23.543659210205078,
            16.200050354003906,
            8.739445686340332,
            6.99594783782959,
            5.936269283294678,
            5.35606575012207,
            4.921653747558594,
            4.61679744720459,
            4.3311381340026855,
            4.101110935211182,
            3.9124526977539062
        ],
        "val_loss": [
            15.223262786865234,
            8.18964958190918,
            6.886226654052734,
            5.709090232849121,
            5.107776641845703,
            4.779688358306885,
            4.538522720336914,
            4.3079915046691895,
            4.142175674438477,
            3.9924652576446533,
            3.8542323112487793
        ]
    },
    "Consenso": {
        "val_loss": [
            4.315418243408203
        ]
    }
}