{
    "Federated": {
        "loss": [
            23.42857551574707,
            18.7819881439209,
            10.863879203796387,
            8.844014167785645,
            7.628969192504883,
            6.913469314575195,
            6.343629360198975,
            5.94240665435791,
            5.560324192047119,
            5.264127254486084,
            5.009693622589111
        ],
        "val_loss": [
            15.661027908325195,
            9.95487117767334,
            8.525888442993164,
            7.234222888946533,
            6.488656997680664,
            6.085737228393555,
            5.676334857940674,
            5.376585006713867,
            5.139249801635742,
            4.9421305656433105,
            4.770995140075684
        ]
    },
    "Consenso": {
        "val_loss": [
            4.36106538772583
        ]
    }
}