{
    "Federated": {
        "loss": [
            3.82818341255188,
            2.9443345069885254,
            1.2863363027572632,
            1.1555194854736328,
            1.1128636598587036,
            1.1078516244888306,
            1.0791271924972534,
            1.0584439039230347,
            1.0258431434631348,
            1.022860050201416,
            0.9914262294769287
        ],
        "val_loss": [
            7.820556640625,
            5.108704090118408,
            3.431626558303833,
            2.976181983947754,
            2.714616537094116,
            2.4724924564361572,
            2.2802278995513916,
            2.2148475646972656,
            2.0356686115264893,
            2.0025339126586914,
            1.764056921005249
        ]
    },
    "Consenso": {
        "val_loss": [
            5.220817565917969
        ]
    }
}