{
    "Federated": {
        "loss": [
            13.266717910766602,
            11.965859413146973,
            5.644771099090576,
            4.389033794403076,
            3.786304473876953,
            3.445530891418457,
            3.2133467197418213,
            3.0174672603607178,
            2.845205068588257,
            2.704960346221924,
            2.591963052749634
        ],
        "val_loss": [
            5.384044647216797,
            4.771203994750977,
            3.6657299995422363,
            3.0930094718933105,
            2.9271597862243652,
            2.7840371131896973,
            2.6979591846466064,
            2.5748956203460693,
            2.4824211597442627,
            2.4403131008148193,
            2.40166974067688
        ]
    },
    "Consenso": {
        "val_loss": [
            4.402261257171631
        ]
    }
}