{
    "Federated": {
        "loss": [
            38.6164436340332,
            31.910417556762695,
            20.448945999145508,
            17.211719512939453,
            15.001736640930176,
            13.411293029785156,
            12.18270492553711,
            11.273802757263184,
            10.568008422851562,
            9.954404830932617,
            9.393348693847656
        ],
        "val_loss": [
            24.672943115234375,
            16.035165786743164,
            12.161746978759766,
            10.993969917297363,
            9.745816230773926,
            9.098132133483887,
            8.28482437133789,
            7.7932448387146,
            7.289649963378906,
            7.061400890350342,
            6.762257099151611
        ]
    },
    "Consenso": {
        "val_loss": [
            4.179106712341309
        ]
    }
}