{
    "Federated": {
        "loss": [
            1.9386876821517944,
            1.8307446241378784,
            0.9354380369186401,
            0.9120258092880249,
            0.8742766380310059,
            0.8765798211097717,
            0.8726515173912048,
            0.8723597526550293,
            0.8686401844024658,
            0.8624503016471863,
            0.8531301021575928
        ],
        "val_loss": [
            1.1713026762008667,
            0.9926453828811646,
            0.931959331035614,
            0.9080777168273926,
            0.9137177467346191,
            0.9244107604026794,
            0.9206221699714661,
            0.9231926202774048,
            0.9279932975769043,
            0.9165919423103333,
            0.914074718952179
        ]
    },
    "Consenso": {
        "val_loss": [
            4.275112152099609
        ]
    }
}