{
    "Federated": {
        "loss": [
            36.30768966674805,
            31.549381256103516,
            21.977256774902344,
            19.340450286865234,
            17.185781478881836,
            15.439104080200195
        ],
        "val_loss": [
            23.96943473815918,
            17.673494338989258,
            15.387665748596191,
            13.7492094039917,
            12.435761451721191,
            11.015125274658203
        ]
    }
}