{
    "Federated": {
        "loss": [
            16.487226486206055,
            14.544449806213379,
            8.077326774597168,
            6.541501522064209,
            5.373034954071045,
            4.550372123718262
        ],
        "val_loss": [
            9.160670280456543,
            6.352651119232178,
            5.3204665184021,
            4.246984481811523,
            3.47102689743042,
            3.0640950202941895
        ]
    }
}