{
    "Federated": {
        "loss": [
            4.749607086181641,
            4.196053981781006,
            1.9152512550354004,
            1.6280344724655151,
            1.5255131721496582,
            1.5420559644699097
        ],
        "val_loss": [
            2.3895106315612793,
            2.349247932434082,
            1.8778023719787598,
            1.7775988578796387,
            1.7604926824569702,
            1.7208954095840454
        ]
    }
}