{
    "Federated": {
        "loss": [
            6.187013626098633,
            4.431440353393555,
            2.115737199783325,
            1.8132336139678955,
            1.7153500318527222,
            1.7004523277282715
        ],
        "val_loss": [
            3.420321464538574,
            2.567666530609131,
            1.9192851781845093,
            1.739661455154419,
            1.6750632524490356,
            1.6480876207351685
        ]
    }
}