{
    "Federated": {
        "loss": [
            3.9486942291259766,
            3.786529779434204,
            1.7150691747665405,
            1.5043538808822632,
            1.403578281402588,
            1.3862210512161255
        ],
        "val_loss": [
            1.7807703018188477,
            1.7167328596115112,
            1.4800752401351929,
            1.3633257150650024,
            1.343634009361267,
            1.3649942874908447
        ]
    }
}