{
    "Federated": {
        "loss": [
            3.1072795391082764,
            3.372680425643921,
            1.5145725011825562,
            1.3559741973876953,
            1.2596606016159058,
            1.2439289093017578
        ],
        "val_loss": [
            1.3612825870513916,
            1.371933102607727,
            1.2198246717453003,
            1.0898979902267456,
            1.0700244903564453,
            1.0625970363616943
        ]
    }
}