{
    "Federated": {
        "loss": [
            5.8580780029296875,
            4.156026363372803,
            2.3876094818115234,
            1.9336293935775757,
            1.709376335144043,
            1.6144661903381348
        ],
        "val_loss": [
            6.431990623474121,
            4.200728416442871,
            3.1780340671539307,
            2.747946262359619,
            2.609461545944214,
            2.5146639347076416
        ]
    }
}