{
    "Federated": {
        "loss": [
            2.3583688735961914,
            1.6817277669906616,
            1.104655385017395,
            0.9957863092422485,
            0.9543572664260864,
            0.9530155062675476
        ],
        "val_loss": [
            1.3763246536254883,
            1.1844154596328735,
            1.050571084022522,
            1.0283664464950562,
            1.0564178228378296,
            1.0617059469223022
        ]
    }
}