{
    "Federated": {
        "loss": [
            4.0629563331604,
            3.1599843502044678,
            1.5301551818847656,
            1.299727201461792,
            1.2291520833969116,
            1.2418186664581299
        ],
        "val_loss": [
            1.9712046384811401,
            1.8208800554275513,
            1.4733299016952515,
            1.3430906534194946,
            1.3258455991744995,
            1.312540888786316
        ]
    }
}