{
    "Federated": {
        "loss": [
            13.260356903076172,
            12.189776420593262,
            6.17470645904541,
            4.495832920074463,
            3.7086362838745117,
            3.3252251148223877
        ],
        "val_loss": [
            6.526394367218018,
            6.512264251708984,
            4.776422500610352,
            3.8993608951568604,
            3.545132637023926,
            3.3371798992156982
        ]
    }
}