{
    "Federated": {
        "loss": [
            86.9610366821289,
            78.02555847167969,
            64.57725524902344,
            59.92578887939453,
            56.21749496459961,
            52.9614143371582
        ],
        "val_loss": [
            49.23811721801758,
            37.20575714111328,
            30.30130958557129,
            27.833942413330078,
            26.162181854248047,
            24.700809478759766
        ]
    }
}