{
    "Federated": {
        "loss": [
            36.84648513793945,
            27.623870849609375,
            22.246471405029297,
            21.989259719848633,
            21.835756301879883,
            21.94488525390625
        ],
        "val_loss": [
            24.05888557434082,
            13.344948768615723,
            12.115052223205566,
            11.647839546203613,
            11.124710083007812,
            10.93630313873291
        ]
    }
}