{
    "Federated": {
        "loss": [
            20.643259048461914,
            18.467052459716797,
            9.926996231079102,
            7.481326580047607,
            5.965805530548096,
            5.102497577667236
        ],
        "val_loss": [
            11.250129699707031,
            9.31004524230957,
            7.3159403800964355,
            5.5994744300842285,
            4.7634968757629395,
            4.422060012817383
        ]
    }
}