{
    "Federated": {
        "loss": [
            21.850008010864258,
            19.5754337310791,
            11.304757118225098,
            8.633111953735352,
            6.987344264984131,
            6.061514377593994
        ],
        "val_loss": [
            13.33303165435791,
            10.545228958129883,
            8.458025932312012,
            6.823910713195801,
            5.799385070800781,
            5.298087120056152
        ]
    }
}