{
    "Federated": {
        "loss": [
            2.077212333679199,
            1.838424563407898,
            1.1917661428451538,
            1.1438003778457642,
            1.120330572128296,
            1.1315972805023193
        ],
        "val_loss": [
            1.1451146602630615,
            1.1284477710723877,
            1.0340315103530884,
            1.0221065282821655,
            1.0351440906524658,
            1.0328789949417114
        ]
    }
}