{
    "Federated": {
        "loss": [
            3.5075671672821045,
            3.1066551208496094,
            1.4997954368591309,
            1.2355965375900269,
            1.1560068130493164,
            1.1768401861190796
        ],
        "val_loss": [
            6.348439693450928,
            5.716466426849365,
            3.9675066471099854,
            3.120421886444092,
            2.6759836673736572,
            2.46219801902771
        ]
    }
}