{
    "Federated": {
        "loss": [
            14.277399063110352,
            11.347715377807617,
            6.248175144195557,
            4.98294734954834,
            4.233781337738037,
            3.8287861347198486
        ],
        "val_loss": [
            6.691045761108398,
            5.196130275726318,
            4.097421646118164,
            3.3761143684387207,
            3.0730297565460205,
            2.981415271759033
        ]
    }
}