{
    "Federated": {
        "loss": [
            1.6964226961135864,
            1.5360193252563477,
            1.3595952987670898,
            1.3749881982803345,
            1.3399823904037476,
            1.3433295488357544
        ],
        "val_loss": [
            2.032639741897583,
            2.145617961883545,
            1.659651756286621,
            1.642311930656433,
            1.6946357488632202,
            1.6956841945648193
        ]
    }
}