{
    "Federated": {
        "loss": [
            4.032782077789307,
            3.4075350761413574,
            1.651160717010498,
            1.4220072031021118,
            1.3423552513122559,
            1.338211178779602
        ],
        "val_loss": [
            1.9058717489242554,
            2.0147545337677,
            1.6963006258010864,
            1.549412488937378,
            1.503167748451233,
            1.499298095703125
        ]
    }
}