{
    "Federated": {
        "loss": [
            26.588321685791016,
            23.02533531188965,
            13.596003532409668,
            11.337907791137695,
            9.689505577087402,
            8.387303352355957
        ],
        "val_loss": [
            17.931142807006836,
            11.869542121887207,
            9.74636459350586,
            8.452938079833984,
            7.173541069030762,
            6.184353828430176
        ]
    }
}