{
    "Federated": {
        "loss": [
            9.930634498596191,
            9.133591651916504,
            4.732330799102783,
            3.6139745712280273,
            3.1182239055633545,
            2.8672776222229004
        ],
        "val_loss": [
            4.810112476348877,
            4.666952133178711,
            3.3375489711761475,
            2.911691665649414,
            2.82682728767395,
            2.658507823944092
        ]
    }
}