{
    "Federated": {
        "loss": [
            30.652210235595703,
            24.833927154541016,
            16.85178565979004,
            14.854005813598633,
            13.368396759033203,
            12.325303077697754
        ],
        "val_loss": [
            21.73154067993164,
            15.709464073181152,
            13.996399879455566,
            12.549242973327637,
            11.374895095825195,
            10.592118263244629
        ]
    }
}