{
    "Federated": {
        "loss": [
            2.0431153774261475,
            2.0949535369873047,
            1.1582833528518677,
            1.1280192136764526,
            1.083333969116211,
            1.0740715265274048
        ],
        "val_loss": [
            1.105075716972351,
            1.0044735670089722,
            0.9196945428848267,
            0.8772399425506592,
            0.8813113570213318,
            0.905841588973999
        ]
    }
}