{
    "ML": {
        "loss": [
            16.868896484375,
            12.226762771606445,
            10.896828651428223,
            9.882585525512695,
            9.050212860107422,
            8.432607650756836
        ],
        "val_loss": [
            11.150267601013184,
            9.785813331604004,
            8.839834213256836,
            8.070207595825195,
            7.479547023773193,
            7.090028762817383
        ]
    }
}