{
    "Federated": {
        "loss": [
            19.124544143676758,
            9.024658203125,
            5.481069087982178,
            3.8260035514831543,
            3.0906131267547607,
            2.814105749130249,
            2.6540188789367676,
            2.563553810119629,
            2.4909889698028564,
            2.445204257965088,
            2.3776514530181885
        ],
        "val_loss": [
            11.335890769958496,
            3.4458091259002686,
            2.7683145999908447,
            2.5498554706573486,
            2.440582036972046,
            2.359720468521118,
            2.291248321533203,
            2.242515802383423,
            2.2077267169952393,
            2.1614744663238525,
            2.1359927654266357
        ],
        "loss_consensus_local": [
            22.291122436523438,
            13.232812881469727,
            7.409966945648193,
            4.382449626922607,
            3.07174015045166,
            2.5263519287109375,
            2.3655755519866943,
            2.320683717727661,
            2.3414247035980225,
            2.313490390777588,
            2.2921295166015625
        ],
        "loss_consensus_global": [
            25.355710983276367,
            15.991324424743652,
            9.972159385681152,
            6.652742385864258,
            5.003441333770752,
            4.357885360717773,
            3.9910836219787598,
            3.779400587081909,
            3.622421979904175,
            3.4508321285247803,
            3.296790599822998
        ]
    },
    "No Federated (Local)": {
        "loss": [
            19.14695167541504,
            10.917489051818848,
            7.464517593383789,
            5.441784381866455,
            4.131305694580078,
            3.431406259536743,
            3.1052324771881104,
            2.9558067321777344,
            2.8595423698425293,
            2.785158157348633,
            2.7231342792510986
        ],
        "val_loss": [
            11.30333137512207,
            7.17696475982666,
            5.261936187744141,
            3.9904587268829346,
            3.3416528701782227,
            2.958667278289795,
            2.8248472213745117,
            2.72107195854187,
            2.6471097469329834,
            2.588283061981201,
            2.546067714691162
        ]
    }
}