{
    "Federated": {
        "loss": [
            5.04719352722168,
            2.562568426132202,
            1.8049355745315552,
            1.6084121465682983,
            1.5947554111480713,
            1.627946138381958,
            1.6320892572402954,
            1.6460039615631104,
            1.641603946685791,
            1.6619318723678589,
            1.6374014616012573
        ],
        "val_loss": [
            2.649090051651001,
            1.8109164237976074,
            1.6526477336883545,
            1.8153457641601562,
            1.7149102687835693,
            1.714799404144287,
            1.8110835552215576,
            1.7728620767593384,
            1.8075815439224243,
            1.7935959100723267,
            1.7944753170013428
        ],
        "loss_consensus_local": [
            8.675248146057129,
            5.1721272468566895,
            3.462998390197754,
            2.684190273284912,
            2.376906156539917,
            2.2042837142944336,
            2.1649155616760254,
            2.1333417892456055,
            2.1421165466308594,
            2.0985050201416016,
            2.063361406326294
        ],
        "loss_consensus_global": [
            25.20417022705078,
            15.716570854187012,
            9.694801330566406,
            6.530267238616943,
            4.968716144561768,
            4.3462910652160645,
            3.990196704864502,
            3.779900074005127,
            3.625535726547241,
            3.4495294094085693,
            3.2962708473205566
        ]
    },
    "No Federated (Local)": {
        "loss": [
            4.9806108474731445,
            2.1567108631134033,
            1.8406857252120972,
            1.7103781700134277,
            1.6121975183486938,
            1.555354118347168,
            1.5223383903503418,
            1.5085995197296143,
            1.4937331676483154,
            1.4779493808746338,
            1.4648905992507935
        ],
        "val_loss": [
            2.6147594451904297,
            2.1625232696533203,
            1.9890528917312622,
            1.8889057636260986,
            1.8356558084487915,
            1.8116455078125,
            1.7870512008666992,
            1.7996585369110107,
            1.7540651559829712,
            1.7454792261123657,
            1.7341021299362183
        ]
    }
}