{
    "ML": {
        "loss": [
            15.997109413146973,
            9.909140586853027,
            8.4891939163208,
            7.73243522644043,
            7.280753135681152,
            6.955264568328857,
            6.690611362457275,
            6.456313133239746,
            6.2387495040893555,
            6.03143310546875
        ],
        "val_loss": [
            9.42920970916748,
            7.822061061859131,
            6.973013877868652,
            6.5321455001831055,
            6.236250877380371,
            6.007678031921387,
            5.810179710388184,
            5.631570816040039,
            5.46467399597168,
            5.3023834228515625
        ]
    }
}