{
    "Federated": {
        "loss": [
            3.778869152069092,
            2.8958547115325928,
            1.712854027748108,
            1.3085606098175049,
            1.1331448554992676,
            1.0771076679229736,
            1.047582983970642,
            1.044176697731018,
            1.0110069513320923,
            1.0159926414489746,
            1.0315043926239014
        ],
        "val_loss": [
            11.172393798828125,
            9.110854148864746,
            6.444258213043213,
            4.784678936004639,
            4.1093645095825195,
            3.747100353240967,
            3.4924545288085938,
            3.1049137115478516,
            2.959254741668701,
            2.7932353019714355,
            2.7801401615142822
        ]
    },
    "Consenso": {
        "val_loss": [
            4.777193069458008
        ]
    }
}