{
    "Federated": {
        "loss": [
            5.208474636077881,
            3.8028764724731445,
            2.3626484870910645,
            1.8706334829330444,
            1.6157265901565552,
            1.505569577217102,
            1.4424349069595337,
            1.395288348197937,
            1.337224006652832,
            1.3283742666244507,
            1.2913787364959717
        ],
        "val_loss": [
            4.952404022216797,
            4.022442817687988,
            3.037764549255371,
            2.6315770149230957,
            2.489896535873413,
            2.375105857849121,
            2.3338568210601807,
            2.358964681625366,
            2.2938382625579834,
            2.164748430252075,
            2.155026912689209
        ]
    },
    "Consenso": {
        "val_loss": [
            4.460461616516113
        ]
    }
}