{
    "Federated": {
        "loss": [
            4.200695514678955,
            3.0448853969573975,
            1.5238263607025146,
            1.293042540550232,
            1.2100305557250977,
            1.2184325456619263,
            1.2230753898620605,
            1.2268173694610596,
            1.2338379621505737,
            1.2214223146438599,
            1.2232346534729004
        ],
        "val_loss": [
            2.070314645767212,
            1.8683946132659912,
            1.470178246498108,
            1.3377797603607178,
            1.3168941736221313,
            1.2942804098129272,
            1.2911185026168823,
            1.2991474866867065,
            1.3181607723236084,
            1.2960938215255737,
            1.3061752319335938
        ]
    },
    "Consenso": {
        "val_loss": [
            4.734654426574707
        ]
    }
}