{
    "Federated": {
        "loss": [
            8.475907325744629,
            7.647484302520752,
            3.1413862705230713,
            2.382279396057129,
            2.1748812198638916,
            2.0981953144073486,
            2.0394978523254395,
            1.9884382486343384,
            1.9537032842636108,
            1.9210073947906494,
            1.8980735540390015
        ],
        "val_loss": [
            3.951420783996582,
            3.089914321899414,
            2.0387191772460938,
            1.8675779104232788,
            1.8601677417755127,
            1.738620400428772,
            1.6879899501800537,
            1.6660405397415161,
            1.6069934368133545,
            1.580529808998108,
            1.5607632398605347
        ]
    },
    "Consenso": {
        "val_loss": [
            4.419248580932617
        ]
    }
}