{
    "Federated": {
        "loss": [
            23.70929527282715,
            18.209331512451172,
            9.3413724899292,
            7.1676344871521,
            6.197243690490723,
            5.746072769165039,
            5.478024005889893,
            5.295035362243652,
            5.129759311676025,
            4.9834065437316895,
            4.853100299835205
        ],
        "val_loss": [
            12.732670783996582,
            7.342585563659668,
            5.406189441680908,
            4.376777172088623,
            4.187541484832764,
            3.9666967391967773,
            3.8403801918029785,
            3.7212724685668945,
            3.6168696880340576,
            3.5261871814727783,
            3.4591290950775146
        ]
    },
    "Consenso": {
        "val_loss": [
            3.9246151447296143
        ]
    }
}