{
    "Federated": {
        "loss": [
            10.108112335205078,
            9.819854736328125,
            7.467920780181885,
            6.738732814788818,
            6.405389308929443,
            5.991990089416504,
            5.555596828460693,
            5.296370029449463,
            5.157585620880127,
            5.036325931549072,
            4.945414066314697
        ],
        "val_loss": [
            16.345596313476562,
            21.066007614135742,
            18.050371170043945,
            17.40798568725586,
            16.102291107177734,
            15.260144233703613,
            13.84288215637207,
            13.563474655151367,
            12.676843643188477,
            11.84912109375,
            11.318565368652344
        ]
    },
    "Consenso": {
        "val_loss": [
            6.387360572814941
        ]
    }
}