{
    "Federated": {
        "loss": [
            35.473690032958984,
            31.67232894897461,
            28.99630355834961,
            29.07083511352539,
            29.101272583007812,
            29.256322860717773,
            29.567047119140625,
            29.73061752319336,
            29.941312789916992,
            30.017148971557617,
            30.18924331665039
        ],
        "val_loss": [
            24.25360679626465,
            18.93345069885254,
            19.67495346069336,
            19.646930694580078,
            19.905498504638672,
            19.630311965942383,
            19.888683319091797,
            19.63541603088379,
            19.843759536743164,
            20.098358154296875,
            20.28528594970703
        ]
    },
    "Consenso": {
        "val_loss": [
            14.87808895111084
        ]
    }
}