{
    "Federated": {
        "loss": [
            6.13588809967041,
            5.3066887855529785,
            3.475332736968994,
            3.015231132507324,
            2.731346845626831,
            2.490567684173584,
            2.2750868797302246,
            2.0905749797821045,
            2.019761323928833,
            1.993924617767334,
            2.0206825733184814
        ],
        "val_loss": [
            2.7088699340820312,
            2.814331293106079,
            2.526777744293213,
            2.380664348602295,
            2.194505214691162,
            2.010537624359131,
            1.8896548748016357,
            1.7842596769332886,
            1.7371665239334106,
            1.7084325551986694,
            1.6953240633010864
        ]
    },
    "Consenso": {
        "val_loss": [
            7.00726318359375
        ]
    }
}