{
    "Federated": {
        "loss": [
            14.094645864823285,
            12.632834158691706,
            8.557791408370523,
            7.697363735414019,
            7.243529204060049,
            6.994487034339531,
            6.803051164921592,
            6.643220675342223,
            6.504375555351669,
            6.408418531511344,
            6.325626995049271
        ],
        "val_loss": [
            9.427020381478702,
            8.502488080193014,
            7.38755611111136,
            6.734852207641976,
            6.396267990271251,
            6.118750530130723,
            5.901592407740798,
            5.717171638619666,
            5.537854368780174,
            5.390646183023266,
            5.2766162390802425
        ]
    },
    "Consenso": {
        "val_loss": [
            6.389787468255735
        ]
    }
}