{
    "Federated": {
        "loss": [
            16.824373245239258,
            17.284420013427734,
            14.664222717285156,
            13.524312973022461,
            12.624397277832031,
            11.660500526428223,
            10.776100158691406,
            10.057660102844238,
            9.46204948425293,
            8.936027526855469,
            8.448773384094238
        ],
        "val_loss": [
            47.253173828125,
            55.575218200683594,
            50.77265548706055,
            47.180267333984375,
            43.66564178466797,
            41.125404357910156,
            38.60628128051758,
            36.24712371826172,
            33.94988250732422,
            32.221378326416016,
            30.057052612304688
        ]
    },
    "Consenso": {
        "val_loss": [
            5.771299362182617
        ]
    }
}