{
    "Federated": {
        "loss": [
            14.874829292297363,
            12.271297454833984,
            4.497776031494141,
            3.1985530853271484,
            2.705385684967041,
            2.543735980987549,
            2.4247753620147705,
            2.3402011394500732,
            2.279334306716919,
            2.235093116760254,
            2.1717638969421387
        ],
        "val_loss": [
            9.648885726928711,
            5.587287902832031,
            3.9547688961029053,
            3.1676433086395264,
            2.977452278137207,
            2.870715856552124,
            2.791813373565674,
            2.7189183235168457,
            2.6791605949401855,
            2.622096061706543,
            2.5812973976135254
        ]
    },
    "Consenso": {
        "val_loss": [
            4.177706241607666
        ]
    }
}