{
    "Federated": {
        "loss": [
            2.2384445667266846,
            2.54355788230896,
            1.417281985282898,
            1.2214983701705933,
            1.2272052764892578,
            1.2117007970809937,
            1.1697920560836792,
            1.1316725015640259,
            1.0992729663848877,
            1.0712989568710327,
            1.050153136253357
        ],
        "val_loss": [
            1.0743372440338135,
            1.1728458404541016,
            1.0800275802612305,
            1.123107671737671,
            1.1470266580581665,
            1.125077486038208,
            1.089679479598999,
            1.0558760166168213,
            1.058306336402893,
            1.0109837055206299,
            0.9986700415611267
        ]
    },
    "Consenso": {
        "val_loss": [
            4.8390984535217285
        ]
    }
}