{
    "Federated": {
        "loss": [
            20.64254379272461,
            16.79103660583496,
            7.460443496704102,
            5.549594879150391,
            4.670140743255615,
            4.336123466491699,
            4.120907306671143,
            3.9691362380981445,
            3.827552080154419,
            3.699065923690796,
            3.6054680347442627
        ],
        "val_loss": [
            11.183480262756348,
            6.859445571899414,
            5.213881969451904,
            4.347347259521484,
            4.078001976013184,
            3.998891592025757,
            3.860473871231079,
            3.737642288208008,
            3.670814275741577,
            3.5867011547088623,
            3.535768985748291
        ]
    },
    "Consenso": {
        "val_loss": [
            3.9180808067321777
        ]
    }
}