{
    "Federated": {
        "loss": [
            1.8268041610717773,
            2.136432409286499,
            1.6375937461853027,
            1.5282610654830933,
            1.5308992862701416,
            1.4976069927215576,
            1.4334527254104614,
            1.367533802986145,
            1.3105149269104004,
            1.2628768682479858,
            1.2301335334777832
        ],
        "val_loss": [
            2.033888339996338,
            2.0896458625793457,
            1.7486509084701538,
            1.791874885559082,
            1.8364490270614624,
            1.7869365215301514,
            1.7363921403884888,
            1.703262209892273,
            1.6753522157669067,
            1.6832990646362305,
            1.6416552066802979
        ]
    },
    "Consenso": {
        "val_loss": [
            5.109762191772461
        ]
    }
}