{
    "Federated": {
        "loss": [
            4.269848346710205,
            3.313767910003662,
            1.6550170183181763,
            1.4132590293884277,
            1.3191053867340088,
            1.3195652961730957,
            1.3272961378097534,
            1.3189353942871094,
            1.3405473232269287,
            1.3263068199157715,
            1.3254412412643433
        ],
        "val_loss": [
            2.206437826156616,
            2.094130516052246,
            1.671822190284729,
            1.523434042930603,
            1.4896814823150635,
            1.4770755767822266,
            1.4722323417663574,
            1.4702672958374023,
            1.4837971925735474,
            1.4848397970199585,
            1.4898854494094849
        ]
    },
    "Consenso": {
        "val_loss": [
            4.727744102478027
        ]
    }
}