{
    "Federated": {
        "loss": [
            28.763036727905273,
            27.467622756958008,
            21.61083984375,
            19.275623321533203,
            17.659025192260742,
            16.280742645263672,
            15.017086029052734,
            13.893024444580078,
            12.915288925170898,
            12.057861328125,
            11.3050537109375
        ],
        "val_loss": [
            18.00322151184082,
            22.26682472229004,
            19.407442092895508,
            17.898591995239258,
            16.408117294311523,
            15.14151668548584,
            14.105119705200195,
            13.247868537902832,
            12.217317581176758,
            11.47581958770752,
            10.809348106384277
        ]
    },
    "Consenso": {
        "val_loss": [
            6.69899845123291
        ]
    }
}