{
    "Federated": {
        "loss": [
            17.749929428100586,
            13.97470474243164,
            12.74687671661377,
            11.751306533813477,
            10.824723243713379,
            9.943243026733398
        ],
        "val_loss": [
            8.779361724853516,
            6.978305816650391,
            6.44750452041626,
            6.102017879486084,
            5.8275837898254395,
            5.574963569641113
        ],
        "loss_consensus_local": [
            26.844423294067383,
            23.169878005981445,
            19.944377899169922,
            17.038999557495117,
            14.568587303161621,
            12.418763160705566
        ],
        "loss_consensus_global": [
            31.330957412719727,
            27.239826202392578,
            23.65511703491211,
            20.463171005249023,
            17.753496170043945,
            15.332783699035645
        ]
    },
    "No Federated (Local)": {
        "loss": [
            17.788427352905273,
            7.9096503257751465,
            5.550784587860107,
            4.712466716766357,
            4.100368976593018,
            3.610166072845459
        ],
        "val_loss": [
            8.751075744628906,
            5.128280162811279,
            4.327852725982666,
            3.9212710857391357,
            3.4299895763397217,
            3.0968258380889893
        ]
    }
}