{
    "Federated": {
        "loss": [
            16.704883575439453,
            8.872260093688965,
            5.7187604904174805,
            3.9509265422821045,
            3.112999677658081,
            2.7269325256347656
        ],
        "val_loss": [
            11.928816795349121,
            6.25131893157959,
            4.953499794006348,
            4.7933220863342285,
            4.647153854370117,
            4.539989471435547
        ],
        "loss_consensus_local": [
            34.63789367675781,
            22.071638107299805,
            13.600215911865234,
            8.75702953338623,
            6.291304588317871,
            5.086307048797607
        ],
        "loss_consensus_global": [
            34.63789367675781,
            22.071638107299805,
            13.600215911865234,
            8.75702953338623,
            6.291304588317871,
            5.086307048797607
        ]
    },
    "No Federated (Local)": {
        "loss": [
            16.705598831176758,
            7.769255638122559,
            5.167773723602295,
            3.928126096725464,
            3.3478827476501465,
            3.057560920715332
        ],
        "val_loss": [
            11.949668884277344,
            8.570145606994629,
            6.901857852935791,
            6.062582015991211,
            5.598320960998535,
            5.300117015838623
        ]
    }
}