{
    "Federated": {
        "loss": [
            5.192979335784912,
            4.045770645141602,
            2.786020517349243,
            2.174006700515747,
            1.8402552604675293,
            1.6821914911270142
        ],
        "val_loss": [
            14.245407104492188,
            13.484528541564941,
            9.766693115234375,
            6.946144104003906,
            5.457757472991943,
            4.752049446105957
        ],
        "loss_consensus_local": [
            34.016658782958984,
            21.496440887451172,
            13.212178230285645,
            8.565472602844238,
            6.2125020027160645,
            5.064763069152832
        ],
        "loss_consensus_global": [
            34.016658782958984,
            21.496440887451172,
            13.212178230285645,
            8.565472602844238,
            6.2125020027160645,
            5.064763069152832
        ]
    },
    "No Federated (Local)": {
        "loss": [
            5.294382095336914,
            2.0216546058654785,
            1.6506141424179077,
            1.537013053894043,
            1.4760677814483643,
            1.4534318447113037
        ],
        "val_loss": [
            14.377461433410645,
            11.681777000427246,
            10.829534530639648,
            10.28177547454834,
            9.919605255126953,
            9.741765022277832
        ]
    }
}