{
    "Federated": {
        "loss": [
            14.331468871995515,
            11.696747932363959,
            7.610872577802807,
            6.710549437532238,
            6.096616808105917,
            5.684208557301877
        ],
        "val_loss": [
            9.750150428098792,
            7.343428071807412,
            6.300434300712511,
            5.61068325884202,
            5.1691883264803415,
            4.882014517690621
        ]
    }
}