{
    "Federated": {
        "loss": [
            18.697711944580078,
            9.876331329345703,
            4.827550411224365,
            3.214820623397827,
            2.55513858795166,
            2.3287758827209473
        ],
        "val_loss": [
            11.028533935546875,
            3.7630698680877686,
            2.1724321842193604,
            2.0773844718933105,
            2.0743439197540283,
            2.0721142292022705
        ],
        "loss_consensus_local": [
            21.91500473022461,
            13.604514122009277,
            7.6834397315979,
            4.581599712371826,
            3.037904739379883,
            2.3529553413391113
        ],
        "loss_consensus_global": [
            26.045307159423828,
            16.754209518432617,
            10.212133407592773,
            6.649411678314209,
            4.706585884094238,
            3.6799087524414062
        ]
    },
    "No Federated (Local)": {
        "loss": [
            18.659717559814453,
            11.266511917114258,
            8.73049545288086,
            7.095016956329346,
            5.80285120010376,
            4.822535037994385
        ],
        "val_loss": [
            11.016566276550293,
            7.797388553619385,
            6.326483249664307,
            5.18064546585083,
            4.311197757720947,
            3.718522310256958
        ]
    }
}