{
    "Federated": {
        "loss": [
            15.775609970092773,
            9.197077751159668,
            5.128591537475586,
            3.360527753829956,
            2.741942882537842,
            2.5217597484588623
        ],
        "val_loss": [
            8.583640098571777,
            4.045340061187744,
            2.950014114379883,
            2.8175230026245117,
            2.811894178390503,
            2.777597427368164
        ],
        "loss_consensus_local": [
            25.529460906982422,
            15.872810363769531,
            8.5068998336792,
            5.2512664794921875,
            3.6910908222198486,
            3.0496609210968018
        ],
        "loss_consensus_global": [
            24.354934692382812,
            15.861708641052246,
            9.273076057434082,
            6.174293041229248,
            4.481182098388672,
            3.6017181873321533
        ]
    },
    "No Federated (Local)": {
        "loss": [
            15.9242582321167,
            7.175444602966309,
            5.274287700653076,
            4.516481876373291,
            4.119754314422607,
            3.828158140182495
        ],
        "val_loss": [
            8.628499031066895,
            5.870326995849609,
            4.950439929962158,
            4.691165924072266,
            4.196100234985352,
            3.922830820083618
        ]
    }
}