{
    "ML": {
        "loss": [
            16.18450927734375,
            9.439539909362793,
            7.668598651885986,
            6.726304531097412,
            6.031235694885254,
            5.481003761291504
        ],
        "val_loss": [
            9.488493919372559,
            7.3047566413879395,
            6.363719940185547,
            5.711023330688477,
            5.181455612182617,
            4.77776575088501
        ]
    }
}