{
    "ML": {
        "loss": [
            17.629297256469727,
            11.4037504196167,
            8.773030281066895,
            6.988306522369385,
            5.883358955383301,
            5.303550720214844
        ],
        "val_loss": [
            11.184102058410645,
            8.478907585144043,
            6.678948402404785,
            5.53670072555542,
            4.906974792480469,
            4.606007099151611
        ]
    }
}