{
    "ML": {
        "loss": [
            16.83551368713379,
            10.38196029663086,
            8.233653831481934,
            7.058796024322509,
            6.290272235870361,
            5.777333164215088
        ],
        "val_loss": [
            10.302554702758789 , 7.816922760009765 , 6.605004692077637 , 5.850993919372558 , 5.342416858673095 , 5.008868885040283
        ]
    }
}