{
    "Federated": {
        "loss": [
            16.05369758605957,
            12.96851634979248,
            10.410043716430664,
            7.754119873046875,
            5.975593566894531,
            4.822917461395264,
            4.110391139984131,
            3.6903228759765625,
            3.361715316772461,
            3.200394630432129,
            3.119932174682617
        ],
        "val_loss": [
            8.360355377197266,
            6.293218612670898,
            5.09281587600708,
            3.993436098098755,
            3.329183340072632,
            3.0067880153656006,
            2.8712241649627686,
            2.799924373626709,
            2.7382795810699463,
            2.6891024112701416,
            2.647775650024414
        ],
        "loss_consensus_local": [
            22.709077835083008,
            16.750946044921875,
            11.260220527648926,
            7.703973770141602,
            5.681781768798828,
            4.523486614227295,
            3.8898215293884277,
            3.092728614807129,
            2.8478968143463135,
            2.819140911102295,
            2.8947200775146484
        ],
        "loss_consensus_global": [
            27.477371215820312,
            20.566436767578125,
            14.160322189331055,
            10.107646942138672,
            8.281303405761719,
            7.221700191497803,
            6.455556869506836,
            5.461628437042236,
            5.031920909881592,
            4.880453586578369,
            4.828257083892822
        ]
    },
    "No Federated (Local)": {
        "loss": [
            16.09647560119629,
            8.185473442077637,
            5.60772180557251,
            4.481696605682373,
            3.939105749130249,
            3.6134674549102783,
            3.4212958812713623,
            3.2763893604278564,
            3.1673600673675537,
            3.071972131729126,
            2.992225170135498
        ],
        "val_loss": [
            8.37651538848877,
            5.359160900115967,
            4.139682769775391,
            3.6497738361358643,
            3.2988266944885254,
            3.114945411682129,
            2.988739013671875,
            2.8988895416259766,
            2.8454654216766357,
            2.7894632816314697,
            2.825732707977295
        ]
    }
}