{
    "Federated": {
        "loss": [
            4.262905597686768,
            3.714310646057129,
            2.722429037094116,
            1.9459705352783203,
            1.6043627262115479,
            1.5198311805725098,
            1.5025315284729004,
            1.5089446306228638,
            1.5888701677322388,
            1.652048945426941,
            1.684960126876831
        ],
        "val_loss": [
            2.2555994987487793,
            2.3907265663146973,
            2.099691152572632,
            1.868950366973877,
            1.7441943883895874,
            1.7192126512527466,
            1.7068053483963013,
            1.69698166847229,
            1.7009539604187012,
            1.7104160785675049,
            1.7232359647750854
        ],
        "loss_consensus_local": [
            6.769465446472168,
            4.478969097137451,
            2.5550806522369385,
            1.9971778392791748,
            2.239409923553467,
            2.584249258041382,
            2.7184996604919434,
            2.3174076080322266,
            2.2457478046417236,
            2.213397979736328,
            2.210752248764038
        ],
        "loss_consensus_global": [
            26.59745216369629,
            20.548208236694336,
            13.833358764648438,
            9.992552757263184,
            8.307323455810547,
            7.280714988708496,
            6.5110015869140625,
            5.414534568786621,
            5.012825012207031,
            4.873663425445557,
            4.822015762329102
        ]
    },
    "No Federated (Local)": {
        "loss": [
            4.346194267272949,
            2.0076904296875,
            1.8195691108703613,
            1.7077308893203735,
            1.6211656332015991,
            1.5708223581314087,
            1.5204647779464722,
            1.4855726957321167,
            1.4610438346862793,
            1.4441897869110107,
            1.4281394481658936
        ],
        "val_loss": [
            2.2811317443847656,
            1.9775950908660889,
            1.8984453678131104,
            1.8325492143630981,
            1.7991726398468018,
            1.794563889503479,
            1.7424243688583374,
            1.7071574926376343,
            1.6962378025054932,
            1.6897611618041992,
            1.6790719032287598
        ]
    }
}