{
    "Federated": {
        "loss": [
            18.06595242023468,
            15.249792337417603,
            12.890753209590912,
            10.429243803024292,
            8.838466465473175,
            7.735433101654053,
            6.976606607437134,
            6.420118123292923,
            5.975168377161026,
            5.7336775958538055,
            5.575635194778442
        ],
        "val_loss": [
            10.280251145362854,
            8.741116404533386,
            7.793884217739105,
            6.914779245853424,
            6.201220542192459,
            5.714355677366257,
            5.407793015241623,
            5.203201055526733,
            5.090484201908112,
            4.986395001411438,
            4.923415511846542
        ],
        "loss_consensus_local": [
            26.767828702926636,
            21.189430117607117,
            15.021097004413605,
            11.152380883693695,
            9.01180100440979,
            7.77684885263443,
            7.036796927452087,
            6.0332053899765015,
            5.638688862323761,
            5.4530447125434875,
            5.369481801986694
        ],
        "loss_consensus_global": [
            26.64058017730713,
            20.655526161193848,
            14.01870059967041,
            10.008622407913208,
            8.201253533363342,
            7.161681771278381,
            6.51338791847229,
            5.415320873260498,
            5.013888359069824,
            4.873824715614319,
            4.822076082229614
        ]
    },
    "No Federated (Local)": {
        "loss": [
            18.127583265304565,
            9.989215016365051,
            7.845232129096985,
            6.832156091928482,
            6.183600455522537,
            5.697218149900436,
            5.311317533254623,
            4.991993755102158,
            4.724396824836731,
            4.4965240359306335,
            4.315822124481201
        ],
        "val_loss": [
            10.340129137039185,
            7.671639859676361,
            6.575552046298981,
            5.984118193387985,
            5.460426151752472,
            5.141415029764175,
            4.868416637182236,
            4.665203899145126,
            4.43102753162384,
            4.235558211803436,
            4.130617380142212
        ]
    }
}