{
    "Federated": {
        "loss": [
            36.48779296875,
            21.0399227142334,
            14.376749992370605,
            11.48957633972168,
            9.946828842163086,
            9.172849655151367
        ],
        "val_loss": [
            26.02018165588379,
            7.851374626159668,
            7.52766227722168,
            7.443541526794434,
            7.30879020690918,
            7.178244590759277
        ],
        "loss_consensus_local": [
            49.117210388183594,
            33.11235046386719,
            21.496843338012695,
            15.053447723388672,
            11.672754287719727,
            10.018362998962402
        ],
        "loss_consensus_global": [
            26.045307159423828,
            16.754209518432617,
            10.212133407592773,
            6.649411678314209,
            4.706585884094238,
            3.6799087524414062
        ]
    },
    "No Federated (Local)": {
        "loss": [
            36.62779235839844,
            26.93383026123047,
            23.230749130249023,
            20.93647575378418,
            19.005298614501953,
            17.188213348388672
        ],
        "val_loss": [
            26.01554298400879,
            21.80569839477539,
            19.595685958862305,
            17.861692428588867,
            16.419296264648438,
            14.720232009887695
        ]
    }
}