{
    "Federated": {
        "loss": [
            4.595400810241699,
            2.861450672149658,
            1.9985477924346924,
            1.652265191078186,
            1.5771393775939941,
            1.551066279411316
        ],
        "val_loss": [
            2.0847654342651367,
            1.8176599740982056,
            1.7267993688583374,
            1.7022675275802612,
            1.7184644937515259,
            1.715348720550537
        ],
        "loss_consensus_local": [
            7.370698928833008,
            4.613426208496094,
            3.0123839378356934,
            2.3535068035125732,
            2.0730302333831787,
            1.9491734504699707
        ],
        "loss_consensus_global": [
            25.92438507080078,
            16.473461151123047,
            9.897385597229004,
            6.49013090133667,
            4.630850791931152,
            3.6535823345184326
        ]
    },
    "No Federated (Local)": {
        "loss": [
            4.612138748168945,
            1.695837378501892,
            1.5681148767471313,
            1.498616099357605,
            1.4560070037841797,
            1.4329708814620972
        ],
        "val_loss": [
            2.0847110748291016,
            1.8477476835250854,
            1.7800356149673462,
            1.742026448249817,
            1.7047091722488403,
            1.7001430988311768
        ]
    }
}