{
    "Federated": {
        "loss": [
            34.197296142578125,
            19.3393611907959,
            16.935590744018555
        ],
        "val_loss": [
            22.03227424621582,
            15.226640701293945,
            14.029693603515625
        ]
    },
    "Consenso": {
        "val_loss": [
            6.467921733856201
        ]
    }
}