{
    "Federated": {
        "loss": [
            19.626768112182617,
            4.847733974456787,
            3.9657585620880127
        ],
        "val_loss": [
            12.320722579956055,
            3.6500680446624756,
            3.309922933578491
        ]
    },
    "Consenso": {
        "val_loss": [
            6.467923164367676
        ]
    }
}