{
    "Federated": {
        "loss": [
            4.902551174163818,
            2.1042561531066895,
            2.0261073112487793
        ],
        "val_loss": [
            2.4660117626190186,
            2.0571250915527344,
            1.992401123046875
        ]
    },
    "Consenso": {
        "val_loss": [
            6.467945098876953
        ]
    }
}