{
    "Federated": {
        "loss": [
            14.397734642028809,
            5.607589244842529,
            4.639779090881348
        ],
        "val_loss": [
            6.689990043640137,
            5.096472263336182,
            4.595297336578369
        ]
    },
    "Consenso": {
        "val_loss": [
            6.467987537384033
        ]
    }
}