{
    "Federated": {
        "loss": [
            18.281087517738342,
            7.974735140800476,
            6.891808927059174
        ],
        "val_loss": [
            10.877249658107758,
            6.507576525211334,
            5.98182874917984
        ]
    },
    "Consenso": {
        "val_loss": [
            6.467944383621216
        ]
    }
}