{
    "Federated": {
        "loss": [
            37.465965270996094,
            29.454524993896484,
            20.642560958862305,
            18.283203125,
            16.441940307617188,
            15.060149192810059
        ],
        "val_loss": [
            25.20916748046875,
            15.911064147949219,
            14.334382057189941,
            13.182170867919922,
            11.878762245178223,
            10.960188865661621
        ]
    },
    "Consenso": {
        "val_loss": [
            5.626645565032959
        ]
    }
}