{
    "Federated": {
        "loss": [
            17.034029006958008,
            12.983107566833496,
            7.073923587799072,
            5.71122932434082,
            4.7313947677612305,
            4.064764022827148
        ],
        "val_loss": [
            9.398968696594238,
            5.314752101898193,
            4.553056240081787,
            3.742339849472046,
            3.136309862136841,
            2.793287992477417
        ]
    },
    "Consenso": {
        "val_loss": [
            4.689303874969482
        ]
    }
}