{
    "Federated": {
        "loss": [
            4.990808963775635,
            3.8590087890625,
            1.8472018241882324,
            1.7237998247146606,
            1.608221411705017,
            1.556620478630066
        ],
        "val_loss": [
            2.6579110622406006,
            2.1135025024414062,
            1.908752679824829,
            1.8053441047668457,
            1.7689354419708252,
            1.7374380826950073
        ]
    },
    "Consenso": {
        "val_loss": [
            7.775257587432861
        ]
    }
}