{
    "Federated": {
        "loss": [
            22.868104934692383,
            24.236751556396484,
            14.728506088256836,
            12.573641777038574,
            10.915791511535645,
            9.782923698425293
        ],
        "val_loss": [
            13.160530090332031,
            14.77648639678955,
            11.162603378295898,
            9.759135246276855,
            8.597233772277832,
            7.819038391113281
        ]
    },
    "Consenso": {
        "val_loss": [
            6.286935806274414
        ]
    }
}