{
    "Federated": {
        "loss": [
            3.7494094371795654,
            3.4124858379364014,
            1.5554115772247314,
            1.4743491411209106,
            1.4190220832824707,
            1.397584319114685
        ],
        "val_loss": [
            1.724239706993103,
            1.5548510551452637,
            1.4490973949432373,
            1.3946480751037598,
            1.3613852262496948,
            1.3594892024993896
        ]
    },
    "Consenso": {
        "val_loss": [
            6.772680282592773
        ]
    }
}