{
    "Federated": {
        "loss": [
            3.496278762817383,
            2.920901298522949,
            1.370083212852478,
            1.3092669248580933,
            1.2613309621810913,
            1.244101643562317
        ],
        "val_loss": [
            1.5972226858139038,
            1.2680433988571167,
            1.183078646659851,
            1.1080025434494019,
            1.0946602821350098,
            1.0772888660430908
        ]
    },
    "Consenso": {
        "val_loss": [
            6.770233154296875
        ]
    }
}