{
    "Federated": {
        "loss": [
            2.309399366378784,
            2.3987202644348145,
            1.1736841201782227,
            1.0520082712173462,
            0.9872012138366699,
            0.9930909276008606
        ],
        "val_loss": [
            1.3535754680633545,
            1.2842397689819336,
            1.0866713523864746,
            1.0447529554367065,
            1.061541199684143,
            1.080574631690979
        ]
    },
    "Consenso": {
        "val_loss": [
            7.74908971786499
        ]
    }
}