{
    "Federated": {
        "loss": [
            7.031005859375,
            6.468241214752197,
            2.870420455932617,
            2.434865951538086,
            2.1492502689361572,
            1.9805819988250732
        ],
        "val_loss": [
            3.201605796813965,
            3.284804105758667,
            2.749868392944336,
            2.5245258808135986,
            2.372220993041992,
            2.2604641914367676
        ]
    },
    "Consenso": {
        "val_loss": [
            7.011626243591309
        ]
    }
}