{
    "Federated": {
        "loss": [
            13.533243179321289,
            10.297203063964844,
            5.1626787185668945,
            4.282983303070068,
            3.669236183166504,
            3.2512879371643066
        ],
        "val_loss": [
            7.425401210784912,
            4.960236072540283,
            4.32004451751709,
            3.6388659477233887,
            3.2075796127319336,
            2.9647459983825684
        ]
    },
    "Consenso": {
        "val_loss": [
            6.215232849121094
        ]
    }
}