{
    "Federated": {
        "loss": [
            15.618206977844238,
            12.735568046569824,
            7.282048225402832,
            6.138562202453613,
            5.318116664886475,
            4.740163803100586
        ],
        "val_loss": [
            8.998501777648926,
            7.417232036590576,
            6.45302677154541,
            5.54950475692749,
            4.94537353515625,
            4.541665554046631
        ]
    },
    "Consenso": {
        "val_loss": [
            6.035393238067627
        ]
    }
}