{
    "Federated": {
        "loss": [
            2.5534050464630127,
            2.380387306213379,
            1.3100547790527344,
            1.3075686693191528,
            1.2700697183609009,
            1.256981372833252
        ],
        "val_loss": [
            1.2861428260803223,
            1.1459689140319824,
            1.0928912162780762,
            1.0574194192886353,
            1.051824688911438,
            1.0527993440628052
        ]
    },
    "Consenso": {
        "val_loss": [
            6.8530473709106445
        ]
    }
}