{
    "Federated": {
        "loss": [
            8.524479866027832,
            6.42579460144043,
            3.2919867038726807,
            2.7369067668914795,
            2.380462646484375,
            2.1802871227264404
        ],
        "val_loss": [
            3.5195577144622803,
            2.6467721462249756,
            2.1678555011749268,
            1.886418342590332,
            1.7510454654693604,
            1.6892362833023071
        ]
    },
    "Consenso": {
        "val_loss": [
            5.423522472381592
        ]
    }
}