{
    "Federated": {
        "loss": [
            88.45606994628906,
            77.364013671875,
            64.91757202148438,
            60.8412971496582,
            57.80954360961914,
            55.31736755371094
        ],
        "val_loss": [
            47.71547317504883,
            36.32866668701172,
            30.646358489990234,
            29.029666900634766,
            27.578306198120117,
            26.496889114379883
        ]
    },
    "Consenso": {
        "val_loss": [
            11.146530151367188
        ]
    }
}