{
    "Federated": {
        "loss": [
            11.509581565856934,
            10.713560104370117,
            7.5484843254089355,
            7.36274528503418,
            7.5025858879089355,
            7.6749348640441895
        ],
        "val_loss": [
            17.55385398864746,
            16.816898345947266,
            15.475648880004883,
            15.330706596374512,
            14.309762954711914,
            14.154644012451172
        ]
    },
    "Consenso": {
        "val_loss": [
            7.593051433563232
        ]
    }
}