{
    "Federated": {
        "loss": [
            6.4995927810668945,
            5.1193013191223145,
            2.382450819015503,
            1.9615062475204468,
            1.6945641040802002,
            1.5569199323654175
        ],
        "val_loss": [
            3.679131507873535,
            2.690126657485962,
            2.33313250541687,
            2.0564916133880615,
            1.909543514251709,
            1.8293845653533936
        ]
    },
    "Consenso": {
        "val_loss": [
            5.7128987312316895
        ]
    }
}