{
    "Federated": {
        "loss": [
            6.688826084136963,
            4.915292739868164,
            2.2709553241729736,
            2.025164842605591,
            1.8469312191009521,
            1.7374407052993774
        ],
        "val_loss": [
            2.3774750232696533,
            2.244187593460083,
            1.9078588485717773,
            1.7641818523406982,
            1.6885573863983154,
            1.6371040344238281
        ]
    },
    "Consenso": {
        "val_loss": [
            7.340897083282471
        ]
    }
}