{
    "Federated": {
        "loss": [
            21.83504867553711,
            16.896074295043945,
            9.119562149047852,
            7.442392349243164,
            6.184540271759033,
            5.293035507202148
        ],
        "val_loss": [
            15.165379524230957,
            8.970288276672363,
            7.69419527053833,
            6.56682825088501,
            5.561124801635742,
            4.886762619018555
        ]
    },
    "Consenso": {
        "val_loss": [
            4.758790016174316
        ]
    }
}