{
    "Federated": {
        "loss": [
            14.276906967163086,
            10.973786354064941,
            5.891942024230957,
            4.947046279907227,
            4.274008750915527,
            3.8077194690704346
        ],
        "val_loss": [
            9.484249114990234,
            6.1023969650268555,
            5.381856918334961,
            4.617229461669922,
            4.102296829223633,
            3.7617568969726562
        ]
    },
    "Consenso": {
        "val_loss": [
            6.123647212982178
        ]
    }
}