{
    "Federated": {
        "loss": [
            3.1969759464263916,
            3.0345840454101562,
            1.4181957244873047,
            1.3097175359725952,
            1.2238669395446777,
            1.18314790725708
        ],
        "val_loss": [
            5.497036933898926,
            5.1081037521362305,
            4.086948394775391,
            3.525569438934326,
            3.1166934967041016,
            2.9050910472869873
        ]
    },
    "Consenso": {
        "val_loss": [
            8.114029884338379
        ]
    }
}