{
    "Federated": {
        "loss": [
            1.7746195793151855,
            1.737122654914856,
            0.9493861794471741,
            0.9604977369308472,
            0.9278402924537659,
            0.9195470213890076
        ],
        "val_loss": [
            1.1135892868041992,
            0.9832023978233337,
            0.9641902446746826,
            0.9569971561431885,
            0.9565623998641968,
            0.9589179754257202
        ]
    },
    "Consenso": {
        "val_loss": [
            6.772100925445557
        ]
    }
}