{
    "Federated": {
        "loss": [
            15.48365592956543,
            9.544882774353027,
            5.936767101287842,
            3.9360601902008057,
            3.270798683166504,
            2.9446334838867188
        ],
        "val_loss": [
            9.936779975891113,
            7.173389434814453,
            5.833792686462402,
            5.309281826019287,
            5.1109137535095215,
            4.962132453918457
        ],
        "loss_consensus_local": [
            24.56073570251465,
            16.610790252685547,
            10.78697395324707,
            8.269770622253418,
            6.888217926025391,
            5.589890003204346
        ],
        "loss_consensus_global": [
            24.56073570251465,
            16.610790252685547,
            10.78697395324707,
            8.269770622253418,
            6.888217926025391,
            5.589890003204346
        ]
    },
    "No Federated (Local)": {
        "loss": [
            15.482742309570312,
            5.291439056396484,
            3.415149450302124,
            2.9670772552490234,
            2.8089632987976074,
            2.713376522064209
        ],
        "val_loss": [
            9.963454246520996,
            6.60715389251709,
            5.728620529174805,
            5.437932968139648,
            5.262591361999512,
            5.103325843811035
        ]
    }
}