{
    "Federated": {
        "loss": [
            15.834726333618164,
            14.571948051452637,
            11.549423217773438,
            9.080044746398926,
            7.323428630828857,
            5.676535129547119,
            4.632498264312744,
            4.00460147857666,
            3.6324281692504883,
            3.374079942703247,
            3.192342519760132
        ],
        "val_loss": [
            7.052855968475342,
            7.783112049102783,
            6.489497661590576,
            5.371221542358398,
            4.381887435913086,
            3.6016058921813965,
            3.245190143585205,
            3.03068208694458,
            2.901594638824463,
            2.762327194213867,
            2.6582682132720947
        ],
        "loss_consensus_local": [
            21.302772521972656,
            16.86190414428711,
            12.011419296264648,
            8.891145706176758,
            6.181282997131348,
            4.649996757507324,
            3.8113162517547607,
            3.3632402420043945,
            3.1464319229125977,
            3.0244297981262207,
            2.9614129066467285
        ],
        "loss_consensus_global": [
            25.527894973754883,
            20.51662826538086,
            14.733407974243164,
            10.953768730163574,
            8.737066268920898,
            7.318803310394287,
            6.315389633178711,
            5.843921661376953,
            5.444910526275635,
            5.109818458557129,
            4.84192419052124
        ]
    },
    "No Federated (Local)": {
        "loss": [
            15.746045112609863,
            5.807451248168945,
            3.7626328468322754,
            3.3686888217926025,
            3.1665234565734863,
            2.991243362426758,
            2.847761869430542,
            2.707749366760254,
            2.6059584617614746,
            2.510070323944092,
            2.439533233642578
        ],
        "val_loss": [
            7.04569149017334,
            3.710939407348633,
            3.2439820766448975,
            3.0563766956329346,
            2.899507761001587,
            2.7538366317749023,
            2.6144237518310547,
            2.5057787895202637,
            2.378354549407959,
            2.291393280029297,
            2.2382140159606934
        ]
    }
}