{
    "Federated": {
        "loss": [
            18.654632568359375,
            15.498443603515625,
            13.330754280090332,
            10.306466102600098,
            7.794684410095215,
            5.997261047363281,
            4.933322906494141,
            4.305540561676025,
            3.9190495014190674,
            3.6551499366760254,
            3.464867353439331
        ],
        "val_loss": [
            10.300393104553223,
            8.557167053222656,
            8.381481170654297,
            7.378451824188232,
            5.580321311950684,
            4.730846881866455,
            4.2867326736450195,
            4.057074546813965,
            3.9195642471313477,
            3.72554874420166,
            3.611764669418335
        ],
        "loss_consensus_local": [
            28.739727020263672,
            20.682947158813477,
            13.405473709106445,
            10.693168640136719,
            7.131312847137451,
            5.593086242675781,
            4.80148983001709,
            4.362676620483398,
            4.120553016662598,
            3.9473419189453125,
            3.828575849533081
        ],
        "loss_consensus_global": [
            27.5588321685791,
            19.7263240814209,
            13.07024097442627,
            10.701836585998535,
            8.458184242248535,
            7.099241733551025,
            6.194273471832275,
            5.748320579528809,
            5.382251739501953,
            5.041718006134033,
            4.786169528961182
        ]
    },
    "No Federated (Local)": {
        "loss": [
            18.69127082824707,
            9.051494598388672,
            6.946932792663574,
            6.133955001831055,
            5.598784923553467,
            5.1393232345581055,
            4.729776382446289,
            4.374690055847168,
            4.088754177093506,
            3.858949899673462,
            3.665947914123535
        ],
        "val_loss": [
            10.417901039123535,
            7.139235019683838,
            6.483360767364502,
            5.882257461547852,
            5.428630352020264,
            5.117806434631348,
            4.602477550506592,
            4.283308506011963,
            4.0699052810668945,
            3.939141035079956,
            3.75911808013916
        ]
    }
}