{
    "Federated": {
        "loss": [
            18.626119375228882,
            16.682940304279327,
            14.041713535785675,
            11.569840967655182,
            9.721374899148941,
            8.08955106139183,
            7.029533684253693,
            6.347930878400803,
            5.907401740550995,
            5.580209106206894,
            5.345844775438309
        ],
        "val_loss": [
            10.501952528953552,
            9.922171294689178,
            8.88877123594284,
            7.970012664794922,
            6.880906164646149,
            6.008833140134811,
            5.495322346687317,
            5.2106349766254425,
            4.972452312707901,
            4.784522712230682,
            4.627711296081543
        ],
        "loss_consensus_local": [
            26.556920170783997,
            21.097265601158142,
            15.426511764526367,
            12.191151797771454,
            9.198674738407135,
            7.588431477546692,
            6.628483414649963,
            6.038417220115662,
            5.669052302837372,
            5.402514040470123,
            5.204722762107849
        ],
        "loss_consensus_global": [
            26.23491668701172,
            20.377381801605225,
            14.285587787628174,
            10.868546485900879,
            8.643630981445312,
            7.245217442512512,
            6.274470686912537,
            5.811948299407959,
            5.423988580703735,
            5.087065935134888,
            4.82330858707428
        ]
    },
    "No Federated (Local)": {
        "loss": [
            18.625139951705933,
            9.555727690458298,
            7.076899975538254,
            6.115693658590317,
            5.611688911914825,
            5.251979559659958,
            4.969428896903992,
            4.724288642406464,
            4.526243150234222,
            4.3523029088974,
            4.203963756561279
        ],
        "val_loss": [
            10.551092863082886,
            7.052754580974579,
            5.943477034568787,
            5.453374266624451,
            5.083855003118515,
            4.844088077545166,
            4.578327000141144,
            4.39432230591774,
            4.239031106233597,
            4.102710962295532,
            3.9809416830539703
        ]
    }
}