{
    "Federated": {
        "loss": [
            19.81064546108246,
            11.993021965026855,
            8.458024978637695,
            6.893949449062347,
            5.74605655670166,
            4.945193856954575
        ],
        "val_loss": [
            14.769739151000977,
            8.881137490272522,
            7.113159537315369,
            6.331636309623718,
            5.497743010520935,
            5.016456246376038
        ],
        "loss_consensus_local": [
            38.80085372924805,
            25.40296220779419,
            17.7996928691864,
            12.880192041397095,
            8.151859402656555,
            5.954102277755737
        ],
        "loss_consensus_global": [
            38.80085372924805,
            25.40296220779419,
            17.7996928691864,
            12.880192041397095,
            8.151859402656555,
            5.954102277755737
        ]
    },
    "No Federated (Local)": {
        "loss": [
            19.83127224445343,
            12.21187138557434,
            9.717456936836243,
            8.427205711603165,
            7.55616369843483,
            6.898458510637283
        ],
        "val_loss": [
            14.79493498802185,
            11.49651837348938,
            10.102137327194214,
            9.07494056224823,
            8.378081679344177,
            7.918834209442139
        ]
    }
}