{
    "Federated": {
        "loss": [
            36.81673049926758,
            32.65440368652344,
            28.413488388061523,
            25.848472595214844,
            24.076183319091797,
            22.884462356567383,
            21.946937561035156,
            21.28484535217285,
            20.767616271972656,
            20.375221252441406,
            20.041051864624023
        ],
        "val_loss": [
            24.431133270263672,
            23.816085815429688,
            23.048973083496094,
            20.61501693725586,
            19.00397491455078,
            17.968711853027344,
            17.042659759521484,
            16.495384216308594,
            15.928791999816895,
            15.662012100219727,
            15.185895919799805
        ]
    },
    "Consenso": {
        "val_loss": [
            6.9875359535217285
        ]
    }
}