{
    "Federated": {
        "loss": [
            4.791154861450195,
            3.8711090087890625,
            2.280980110168457,
            1.910484790802002,
            1.7242692708969116,
            1.6313273906707764,
            1.5295372009277344,
            1.4518849849700928,
            1.3825980424880981,
            1.332368016242981,
            1.2998775243759155
        ],
        "val_loss": [
            4.115765571594238,
            3.900325298309326,
            3.068873167037964,
            2.7974963188171387,
            2.6257147789001465,
            2.48984956741333,
            2.395108222961426,
            2.3845102787017822,
            2.374915361404419,
            2.1995456218719482,
            2.1887402534484863
        ]
    },
    "Consenso": {
        "val_loss": [
            4.421571731567383
        ]
    }
}