{
    "Federated": {
        "loss": [
            0.57091224193573,
            0.40750378370285034,
            0.5598611235618591,
            0.5013958811759949,
            0.5072755813598633,
            0.5020944476127625,
            0.4671967029571533,
            0.42092010378837585,
            0.41204988956451416,
            0.40078204870224,
            0.43236014246940613
        ],
        "val_loss": [
            1.303005576133728,
            1.2268447875976562,
            1.2176634073257446,
            1.4722847938537598,
            1.264803171157837,
            1.243553876876831,
            1.27183997631073,
            1.1909184455871582,
            1.1744669675827026,
            1.1779570579528809,
            1.190145492553711
        ]
    },
    "Consenso": {
        "val_loss": [
            8.759435653686523
        ]
    }
}