{
    "Federated": {
        "loss": [
            12.062378883361816,
            9.611581802368164,
            4.684633255004883,
            3.4114162921905518,
            2.8096964359283447,
            2.546260118484497,
            2.386077642440796,
            2.2594380378723145,
            2.1765096187591553,
            2.0912351608276367,
            2.0409433841705322
        ],
        "val_loss": [
            5.400685787200928,
            5.227695465087891,
            3.7525362968444824,
            2.9471683502197266,
            2.7562406063079834,
            2.6046149730682373,
            2.48120379447937,
            2.439025640487671,
            2.4257426261901855,
            2.3921566009521484,
            2.3868751525878906
        ]
    },
    "Consenso": {
        "val_loss": [
            4.593472957611084
        ]
    }
}