{
    "Federated": {
        "loss": [
            8.66086483001709,
            5.874458312988281,
            2.7979607582092285,
            2.0906481742858887,
            1.8474000692367554,
            1.7567706108093262,
            1.691609263420105,
            1.6363344192504883,
            1.6081297397613525,
            1.5718398094177246,
            1.552107334136963
        ],
        "val_loss": [
            4.870886325836182,
            3.5659000873565674,
            2.594747543334961,
            2.3249967098236084,
            2.2034494876861572,
            2.1623246669769287,
            2.098438262939453,
            2.0607857704162598,
            2.032528877258301,
            2.0158698558807373,
            2.007560968399048
        ]
    },
    "Consenso": {
        "val_loss": [
            5.071982383728027
        ]
    }
}