{
    "Federated": {
        "loss": [
            15.465755462646484,
            11.520977973937988,
            5.940012454986572,
            4.453100681304932,
            3.7007522583007812,
            3.3249707221984863,
            3.0945115089416504,
            2.914299249649048,
            2.7840631008148193,
            2.6643929481506348,
            2.5811851024627686
        ],
        "val_loss": [
            8.770232200622559,
            6.7207794189453125,
            5.047462463378906,
            3.990853786468506,
            3.618081569671631,
            3.4134442806243896,
            3.226266860961914,
            3.102037191390991,
            2.9974021911621094,
            2.924154758453369,
            2.873227834701538
        ]
    },
    "Consenso": {
        "val_loss": [
            4.4375691413879395
        ]
    }
}