{
    "Federated": {
        "loss": [
            17.106517791748047,
            11.102243423461914,
            5.936333656311035,
            4.496942520141602,
            3.795478582382202,
            3.447882890701294,
            3.225085735321045,
            3.0539865493774414,
            2.914228916168213,
            2.820574998855591,
            2.732348680496216
        ],
        "val_loss": [
            12.31016731262207,
            6.712285995483398,
            4.949966907501221,
            4.013020992279053,
            3.6435699462890625,
            3.415865659713745,
            3.2482712268829346,
            3.120166063308716,
            3.0176048278808594,
            2.9550788402557373,
            2.8973028659820557
        ]
    },
    "Consenso": {
        "val_loss": [
            4.447434902191162
        ]
    }
}