{
    "Federated": {
        "loss": [
            87.23579406738281,
            82.04658508300781,
            76.53468322753906,
            73.34830474853516,
            70.83292388916016,
            68.89895629882812,
            67.35186004638672,
            66.16336059570312,
            65.05052947998047,
            64.04010772705078,
            63.271934509277344
        ],
        "val_loss": [
            48.41923141479492,
            45.1553840637207,
            45.054840087890625,
            41.75492858886719,
            39.2376594543457,
            38.47251892089844,
            36.568138122558594,
            35.200042724609375,
            34.77751541137695,
            34.72394561767578,
            33.29520034790039
        ]
    },
    "Consenso": {
        "val_loss": [
            14.061288833618164
        ]
    }
}