{
    "Federated": {
        "loss": [
            18.30295753479004,
            16.176420211791992,
            13.411205291748047,
            12.618857383728027,
            12.24952220916748,
            12.0109281539917,
            11.919596672058105,
            11.856114387512207,
            11.874671936035156,
            11.910920143127441,
            12.010028839111328
        ],
        "val_loss": [
            8.47215461730957,
            8.642424583435059,
            8.53911304473877,
            7.756847858428955,
            7.3986616134643555,
            7.150721549987793,
            7.072272777557373,
            6.920865535736084,
            6.870048522949219,
            6.946728229522705,
            7.0670342445373535
        ]
    },
    "Consenso": {
        "val_loss": [
            8.891741752624512
        ]
    }
}