{
    "Federated": {
        "loss": [
            9.805895805358887,
            9.678082466125488,
            6.678893566131592,
            5.388153076171875,
            5.037906646728516,
            4.894382953643799,
            4.711791038513184,
            4.482347011566162,
            4.331661224365234,
            4.123838901519775,
            4.045772075653076
        ],
        "val_loss": [
            15.699949264526367,
            21.089902877807617,
            16.451114654541016,
            14.507196426391602,
            13.479779243469238,
            11.960677146911621,
            10.958521842956543,
            10.090144157409668,
            9.403535842895508,
            8.546095848083496,
            7.982095241546631
        ]
    },
    "Consenso": {
        "val_loss": [
            5.083723545074463
        ]
    }
}