{
    "Federated": {
        "loss": [
            4.991643905639648,
            4.48770809173584,
            2.3587734699249268,
            1.8102818727493286,
            1.6677722930908203,
            1.6162079572677612,
            1.5485470294952393,
            1.5071946382522583,
            1.4518288373947144,
            1.4269921779632568,
            1.4105818271636963
        ],
        "val_loss": [
            2.290891408920288,
            2.499476671218872,
            1.814220666885376,
            1.651060938835144,
            1.595494031906128,
            1.5535743236541748,
            1.5362366437911987,
            1.4840145111083984,
            1.464691162109375,
            1.5119826793670654,
            1.4572925567626953
        ]
    },
    "Consenso": {
        "val_loss": [
            5.109323501586914
        ]
    }
}