{
    "Federated": {
        "loss": [
            21.723430633544922,
            17.175504684448242,
            9.841835021972656,
            7.900842666625977,
            6.5042338371276855,
            5.726065635681152,
            5.2683281898498535,
            4.917421817779541,
            4.639401435852051,
            4.396005153656006,
            4.216336727142334
        ],
        "val_loss": [
            11.899720191955566,
            9.511872291564941,
            8.069757461547852,
            6.2759552001953125,
            5.339197158813477,
            4.83587121963501,
            4.581690311431885,
            4.331220626831055,
            4.160873889923096,
            3.9870336055755615,
            3.8609466552734375
        ]
    },
    "Consenso": {
        "val_loss": [
            4.264012336730957
        ]
    }
}