{
    "Federated": {
        "loss": [
            24.16444969177246,
            18.605985641479492,
            11.335606575012207,
            9.150530815124512,
            7.662021636962891,
            6.821155071258545,
            6.2636518478393555,
            5.8726983070373535,
            5.543496608734131,
            5.297893524169922,
            5.066054344177246
        ],
        "val_loss": [
            15.717551231384277,
            11.277338027954102,
            9.245944023132324,
            7.4150214195251465,
            6.381195545196533,
            5.896716594696045,
            5.524208068847656,
            5.252500534057617,
            5.019093990325928,
            4.8479413986206055,
            4.71594762802124
        ]
    },
    "Consenso": {
        "val_loss": [
            4.255426406860352
        ]
    }
}