{
    "Federated": {
        "loss": [
            3.119950294494629,
            2.4800329208374023,
            1.5725425481796265,
            1.2121853828430176,
            1.1873552799224854,
            1.193933129310608,
            1.1421473026275635,
            1.073445200920105,
            1.0372490882873535,
            1.0179119110107422,
            0.991598904132843
        ],
        "val_loss": [
            4.954122066497803,
            5.418105602264404,
            3.7363641262054443,
            3.0058231353759766,
            2.627042055130005,
            2.3808369636535645,
            2.1749064922332764,
            2.0559282302856445,
            2.0886006355285645,
            1.8395445346832275,
            1.7662509679794312
        ]
    },
    "Consenso": {
        "val_loss": [
            5.170926570892334
        ]
    }
}