{
    "Federated": {
        "loss": [
            1.6930863857269287,
            1.4438940286636353,
            1.6011518239974976,
            1.330561876296997,
            1.3157868385314941,
            1.298060655593872,
            1.2419896125793457,
            1.2040079832077026,
            1.1638036966323853,
            1.1388105154037476,
            1.1187975406646729
        ],
        "val_loss": [
            1.9795881509780884,
            2.014739990234375,
            1.6306053400039673,
            1.65029776096344,
            1.6405121088027954,
            1.7128691673278809,
            1.6272708177566528,
            1.5913231372833252,
            1.627648949623108,
            1.585158109664917,
            1.5892659425735474
        ]
    },
    "Consenso": {
        "val_loss": [
            5.114732265472412
        ]
    }
}