{
    "Federated": {
        "loss": [
            4.3492021560668945,
            3.1936018466949463,
            1.5363835096359253,
            1.3977993726730347,
            1.3630117177963257,
            1.364931583404541,
            1.3546221256256104,
            1.343063235282898,
            1.3249527215957642,
            1.3177344799041748,
            1.3297473192214966
        ],
        "val_loss": [
            2.162933349609375,
            1.9700855016708374,
            1.602186918258667,
            1.5282132625579834,
            1.5167343616485596,
            1.4919723272323608,
            1.4830443859100342,
            1.4764500856399536,
            1.4706882238388062,
            1.4749675989151,
            1.4807794094085693
        ]
    },
    "Consenso": {
        "val_loss": [
            4.794386863708496
        ]
    }
}