{
    "Federated": {
        "loss": [
            10.50300407409668,
            8.258275985717773,
            4.587151050567627,
            3.574864625930786,
            3.1086387634277344,
            2.8958253860473633,
            2.747750759124756,
            2.6347908973693848,
            2.5492701530456543,
            2.4787068367004395,
            2.4379830360412598
        ],
        "val_loss": [
            5.33132266998291,
            4.667272090911865,
            3.3932206630706787,
            2.953233242034912,
            2.7581701278686523,
            2.6841979026794434,
            2.5550835132598877,
            2.4877686500549316,
            2.4203696250915527,
            2.3912312984466553,
            2.3915860652923584
        ]
    },
    "Consenso": {
        "val_loss": [
            4.57072639465332
        ]
    }
}