{
    "Federated": {
        "loss": [
            19.286929202079772,
            14.553972852230071,
            13.226472067832947,
            12.22953771352768,
            11.484553068876266,
            10.9034253180027
        ],
        "val_loss": [
            11.917922341823578,
            10.109834098815918,
            9.44061136841774,
            8.943676990270614,
            8.529414814710616,
            8.249189239740371
        ],
        "loss_consensus_local": [
            20.96648563146591,
            17.505904626846313,
            15.062954860925675,
            13.395804685354232,
            12.337576550245284,
            11.649840646982193
        ],
        "loss_consensus_global": [
            21.745662212371826,
            18.240449333190917,
            16.028275322914123,
            14.864275228977203,
            14.21137410402298,
            13.889644873142242
        ]
    },
    "No Federated (Local)": {
        "loss": [
            19.301125717163085,
            11.624298095703125,
            9.281269288063049,
            7.938823640346527,
            6.990228617191315,
            6.289209872484207
        ],
        "val_loss": [
            11.925089156627655,
            9.01087154150009,
            7.629916733503341,
            6.743542432785034,
            6.038204562664032,
            5.534167510271073
        ]
    }
}