{
    "Federated": {
        "loss": [
            36.20313262939453,
            31.56098175048828,
            22.90758514404297,
            20.361059188842773,
            18.457015991210938,
            17.022188186645508
        ],
        "val_loss": [
            23.630840301513672,
            18.397441864013672,
            16.457761764526367,
            15.0225248336792,
            13.815621376037598,
            12.881948471069336
        ]
    },
    "Consenso": {
        "val_loss": [
            6.470315456390381
        ]
    }
}