{
    "Federated": {
        "loss": [
            4.860545635223389,
            4.241516590118408,
            2.104018211364746,
            1.7029216289520264,
            1.5892337560653687,
            1.5268512964248657
        ],
        "val_loss": [
            4.613289833068848,
            4.1465044021606445,
            2.746795415878296,
            2.5545594692230225,
            2.4629814624786377,
            2.422023057937622
        ]
    },
    "Consenso": {
        "val_loss": [
            5.67323112487793
        ]
    }
}