{
    "Federated": {
        "loss": [
            11.04574203491211,
            11.567235946655273,
            5.263260364532471,
            3.5832479000091553,
            2.8927948474884033,
            2.575505256652832
        ],
        "val_loss": [
            5.536135196685791,
            5.040957450866699,
            3.719419479370117,
            2.9240293502807617,
            2.810269355773926,
            2.6394686698913574
        ]
    },
    "Consenso": {
        "val_loss": [
            5.350430011749268
        ]
    }
}