{
    "Federated": {
        "loss": [
            22.8425350189209,
            18.78821563720703,
            12.037199974060059,
            10.16533374786377,
            8.8034086227417,
            7.883718967437744
        ],
        "val_loss": [
            11.32455825805664,
            7.966057777404785,
            7.4654130935668945,
            6.349663257598877,
            5.406238555908203,
            5.0351881980896
        ]
    },
    "Consenso": {
        "val_loss": [
            5.456763744354248
        ]
    }
}