{
    "Federated": {
        "loss": [
            7.729983329772949,
            6.7124552726745605,
            3.5237045288085938,
            2.845937728881836,
            2.4654159545898438,
            2.2909719944000244
        ],
        "val_loss": [
            3.2194976806640625,
            2.787097930908203,
            2.2466468811035156,
            1.912584900856018,
            1.7970166206359863,
            1.7517037391662598
        ]
    },
    "Consenso": {
        "val_loss": [
            5.876327991485596
        ]
    }
}