{
    "Federated": {
        "loss": [
            19.694992065429688,
            16.012537002563477,
            9.459976196289062,
            7.6983537673950195,
            6.470829486846924,
            5.687556266784668
        ],
        "val_loss": [
            9.085514068603516,
            6.730389595031738,
            5.865964412689209,
            4.995848178863525,
            4.259843826293945,
            3.9303910732269287
        ]
    },
    "Consenso": {
        "val_loss": [
            5.355443477630615
        ]
    }
}