{
    "Federated": {
        "loss": [
            6.029300212860107,
            5.303062438964844,
            2.4612982273101807,
            1.9937090873718262,
            1.7821580171585083,
            1.697698712348938
        ],
        "val_loss": [
            2.3121912479400635,
            2.2026357650756836,
            1.87833571434021,
            1.6933388710021973,
            1.6528233289718628,
            1.640904426574707
        ]
    },
    "Consenso": {
        "val_loss": [
            6.478728294372559
        ]
    }
}