{
    "Federated": {
        "loss": [
            22.226943969726562,
            17.716148376464844,
            10.154623985290527,
            8.299837112426758,
            7.0024094581604,
            6.060603141784668
        ],
        "val_loss": [
            16.148679733276367,
            10.132491111755371,
            8.725926399230957,
            7.424865245819092,
            6.353951454162598,
            5.725777626037598
        ]
    },
    "Consenso": {
        "val_loss": [
            5.34341287612915
        ]
    }
}