{
    "Federated": {
        "loss": [
            4.7815752029418945,
            4.613971710205078,
            2.0873539447784424,
            1.7836891412734985,
            1.6528483629226685,
            1.6402815580368042
        ],
        "val_loss": [
            2.445587396621704,
            2.241527795791626,
            1.9730418920516968,
            1.8184410333633423,
            1.7628601789474487,
            1.7652621269226074
        ]
    },
    "Consenso": {
        "val_loss": [
            6.873203754425049
        ]
    }
}