{
    "Federated": {
        "loss": [
            21.513957977294922,
            18.848207473754883,
            9.99375057220459,
            7.406885623931885,
            5.936521053314209,
            5.191694736480713
        ],
        "val_loss": [
            14.404415130615234,
            9.628190040588379,
            7.375003814697266,
            5.8642072677612305,
            5.041067123413086,
            4.733616352081299
        ]
    },
    "Consenso": {
        "val_loss": [
            5.075361728668213
        ]
    }
}