{
    "Federated": {
        "loss": [
            2.1383724212646484,
            1.9501917362213135,
            1.1370905637741089,
            1.1140269041061401,
            1.0907938480377197,
            1.0859822034835815
        ],
        "val_loss": [
            1.0881400108337402,
            1.1853232383728027,
            0.980941891670227,
            0.9783912301063538,
            0.9954149127006531,
            0.9920024275779724
        ]
    },
    "Consenso": {
        "val_loss": [
            6.475439548492432
        ]
    }
}