{
    "Federated": {
        "loss": [
            3.448356866836548,
            3.344801187515259,
            1.4255014657974243,
            1.1957374811172485,
            1.124754786491394,
            1.1244349479675293
        ],
        "val_loss": [
            6.171619892120361,
            6.05049991607666,
            3.8487706184387207,
            3.0966849327087402,
            2.7149131298065186,
            2.584808588027954
        ]
    },
    "Consenso": {
        "val_loss": [
            7.125269412994385
        ]
    }
}