{
    "Federated": {
        "loss": [
            4.422029972076416,
            3.6633822917938232,
            1.5127358436584473,
            1.3314250707626343,
            1.3314416408538818,
            1.3326932191848755
        ],
        "val_loss": [
            2.050004243850708,
            2.06172776222229,
            1.5703939199447632,
            1.5099451541900635,
            1.4997996091842651,
            1.4944032430648804
        ]
    },
    "Consenso": {
        "val_loss": [
            6.68422794342041
        ]
    }
}