{
    "Federated": {
        "loss": [
            19.144771337509155,
            17.70096778869629,
            14.513774871826172,
            11.584400594234467,
            9.38381540775299,
            8.008551001548767
        ],
        "val_loss": [
            11.851725101470947,
            9.13810521364212,
            8.823499321937561,
            7.887969970703125,
            6.946473151445389,
            6.118637174367905
        ],
        "loss_consensus_local": [
            40.189645290374756,
            29.592954635620117,
            19.912895560264587,
            12.299286365509033,
            9.230873465538025,
            7.742791950702667
        ],
        "loss_consensus_global": [
            41.404019355773926,
            29.727737426757812,
            19.269731521606445,
            11.00145149230957,
            8.582948923110962,
            7.3636229038238525
        ]
    },
    "No Federated (Local)": {
        "loss": [
            19.164523005485535,
            11.506186068058014,
            9.05032616853714,
            7.718115836381912,
            6.880787909030914,
            6.324472725391388
        ],
        "val_loss": [
            11.827804863452911,
            8.887057781219482,
            7.419175326824188,
            6.631299078464508,
            6.043506413698196,
            5.645361214876175
        ]
    }
}