{
    "Federated": {
        "loss": [
            15.471750259399414,
            13.446479797363281,
            11.515034675598145,
            11.204789161682129,
            11.0925931930542,
            11.056144714355469,
            10.925797462463379,
            10.830314636230469,
            10.76426887512207,
            10.668599128723145,
            10.664990425109863
        ],
        "val_loss": [
            7.630463123321533,
            6.797271251678467,
            7.3857011795043945,
            7.035058498382568,
            6.8774094581604,
            6.782935619354248,
            6.7022271156311035,
            6.646008491516113,
            6.613473415374756,
            6.6118245124816895,
            6.519648551940918
        ]
    },
    "Consenso": {
        "val_loss": [
            8.968908309936523
        ]
    }
}