{
    "Federated": {
        "loss": [
            26.300981521606445,
            18.954877853393555,
            12.370255470275879,
            10.44515609741211,
            9.127642631530762,
            8.117481231689453,
            7.333588123321533,
            6.7199482917785645,
            6.161452293395996,
            5.714261054992676,
            5.290185451507568
        ],
        "val_loss": [
            18.01091766357422,
            10.604884147644043,
            9.429154396057129,
            8.179549217224121,
            7.234959602355957,
            6.548358917236328,
            6.084895610809326,
            5.678650379180908,
            5.340460777282715,
            5.129876136779785,
            4.834813117980957
        ]
    },
    "Consenso": {
        "val_loss": [
            4.204683303833008
        ]
    }
}