{
    "Federated": {
        "loss": [
            4.708174705505371,
            3.737614870071411,
            2.2550504207611084,
            1.8092474937438965,
            1.722288727760315,
            1.7008196115493774,
            1.6572818756103516,
            1.6226065158843994,
            1.5917264223098755,
            1.5749304294586182,
            1.5798593759536743
        ],
        "val_loss": [
            2.4903664588928223,
            2.4519028663635254,
            1.935444712638855,
            1.7141227722167969,
            1.6653333902359009,
            1.6147902011871338,
            1.569817066192627,
            1.5476099252700806,
            1.5302103757858276,
            1.5188833475112915,
            1.5171313285827637
        ]
    },
    "Consenso": {
        "val_loss": [
            5.225364685058594
        ]
    }
}