{
    "Federated": {
        "loss": [
            16.526126861572266,
            12.291248321533203,
            6.518914222717285,
            4.929061412811279,
            4.079400539398193,
            3.682040214538574,
            3.403366804122925,
            3.219547748565674,
            3.0489182472229004,
            2.9215826988220215,
            2.83642578125
        ],
        "val_loss": [
            10.391816139221191,
            7.485274791717529,
            5.541743755340576,
            4.436069011688232,
            4.013951778411865,
            3.751023769378662,
            3.5704405307769775,
            3.422893524169922,
            3.30273699760437,
            3.239284038543701,
            3.1575357913970947
        ]
    },
    "Consenso": {
        "val_loss": [
            4.393054485321045
        ]
    }
}