{
    "Federated": {
        "loss": [
            2.675966501235962,
            1.9761422872543335,
            1.4254385232925415,
            1.3792129755020142,
            1.358425259590149,
            1.371146321296692,
            1.4109745025634766,
            1.4802387952804565,
            1.5878227949142456,
            1.6646888256072998,
            1.8260983228683472
        ],
        "val_loss": [
            1.5888960361480713,
            1.467043399810791,
            1.4888471364974976,
            1.4205492734909058,
            1.4269648790359497,
            1.4261059761047363,
            1.451633095741272,
            1.4749727249145508,
            1.5029839277267456,
            1.5330160856246948,
            1.5717334747314453
        ]
    },
    "Consenso": {
        "val_loss": [
            12.792204856872559
        ]
    }
}