{
    "Federated": {
        "loss": [
            2.516542911529541,
            1.9916738271713257,
            1.6023101806640625,
            1.3491125106811523,
            1.3367093801498413,
            1.331878662109375,
            1.2906540632247925,
            1.2560617923736572,
            1.2352397441864014,
            1.2167404890060425,
            1.2028254270553589
        ],
        "val_loss": [
            1.2916947603225708,
            1.1923199892044067,
            1.084104061126709,
            1.071449875831604,
            1.0698134899139404,
            1.057004690170288,
            1.028746485710144,
            1.0184391736984253,
            1.0112797021865845,
            1.0366504192352295,
            1.00918447971344
        ]
    },
    "Consenso": {
        "val_loss": [
            5.092263221740723
        ]
    }
}