{
    "Federated": {
        "loss": [
            23.871368408203125,
            17.81853485107422,
            11.6229248046875,
            9.403596878051758,
            8.050283432006836,
            7.303672790527344,
            6.790441989898682,
            6.385474681854248,
            6.086782455444336,
            5.801074504852295,
            5.617496013641357
        ],
        "val_loss": [
            12.642159461975098,
            9.211461067199707,
            7.192956447601318,
            5.735876083374023,
            5.022017002105713,
            4.745102405548096,
            4.405683994293213,
            4.190429210662842,
            4.0283732414245605,
            3.86466383934021,
            3.776827812194824
        ]
    },
    "Consenso": {
        "val_loss": [
            4.333768844604492
        ]
    }
}