{
    "Federated": {
        "loss": [
            8.613590240478516,
            6.008491516113281,
            3.3501596450805664,
            2.5875232219696045,
            2.2984321117401123,
            2.169954299926758,
            2.068291425704956,
            1.9866831302642822,
            1.9358930587768555,
            1.9089382886886597,
            1.8806543350219727
        ],
        "val_loss": [
            3.7011241912841797,
            2.873878240585327,
            2.084378957748413,
            1.9041756391525269,
            1.8115543127059937,
            1.7039189338684082,
            1.6400715112686157,
            1.5981696844100952,
            1.5640405416488647,
            1.5519133806228638,
            1.538293719291687
        ]
    },
    "Consenso": {
        "val_loss": [
            4.749607563018799
        ]
    }
}