{
    "Federated": {
        "loss": [
            1.2996271848678589,
            0.8377209901809692,
            1.0960509777069092,
            0.9377080202102661,
            0.886335551738739,
            0.8838889598846436,
            0.8652039766311646,
            0.7939005494117737,
            0.767188310623169,
            0.7695894837379456,
            0.8067908883094788
        ],
        "val_loss": [
            0.7958805561065674,
            0.771991491317749,
            0.7850044965744019,
            0.8079244494438171,
            0.8528767824172974,
            0.8131053447723389,
            0.7838303446769714,
            0.7670736908912659,
            0.7384951710700989,
            0.7291048169136047,
            0.7316704392433167
        ]
    },
    "Consenso": {
        "val_loss": [
            7.68671178817749
        ]
    }
}