{
    "Federated": {
        "loss": [
            6.53594970703125,
            5.252233028411865,
            4.044452667236328,
            3.928446054458618,
            3.8659467697143555,
            3.7733681201934814,
            3.6314642429351807,
            3.6657087802886963,
            3.578953981399536,
            3.5990309715270996,
            3.7085068225860596
        ],
        "val_loss": [
            3.7095839977264404,
            2.9959192276000977,
            2.879648447036743,
            2.7230849266052246,
            2.6140830516815186,
            2.5871083736419678,
            2.552475929260254,
            2.4796946048736572,
            2.498703718185425,
            2.5106096267700195,
            2.4409334659576416
        ]
    },
    "Consenso": {
        "val_loss": [
            7.538033962249756
        ]
    }
}