{
    "Federated": {
        "loss": [
            37.791629791259766,
            29.07172966003418,
            27.00517463684082,
            27.080793380737305,
            26.944377899169922,
            26.918058395385742,
            26.784597396850586,
            26.56332015991211,
            26.462234497070312,
            26.329133987426758,
            26.354894638061523
        ],
        "val_loss": [
            27.527084350585938,
            16.91590118408203,
            19.808975219726562,
            19.462926864624023,
            19.750192642211914,
            19.86246109008789,
            19.216398239135742,
            19.63999366760254,
            19.4566593170166,
            19.617982864379883,
            19.130884170532227
        ]
    },
    "Consenso": {
        "val_loss": [
            14.189650535583496
        ]
    }
}