{
    "Federated": {
        "loss": [
            6.9752116203308105,
            4.739398002624512,
            3.2408812046051025,
            2.470071792602539,
            2.1455776691436768,
            1.9616466760635376,
            1.8426827192306519,
            1.749738097190857,
            1.6996846199035645,
            1.6720038652420044,
            1.7002742290496826
        ],
        "val_loss": [
            3.0535717010498047,
            2.8197696208953857,
            2.1913082599639893,
            2.000824213027954,
            1.8731281757354736,
            1.7895538806915283,
            1.7873088121414185,
            1.7029948234558105,
            1.6671364307403564,
            1.6472454071044922,
            1.6444884538650513
        ]
    },
    "Consenso": {
        "val_loss": [
            6.032670497894287
        ]
    }
}