{
    "Federated": {
        "loss": [
            14.050881035187665,
            11.574623973930583,
            8.51100995610742,
            7.507286881699281,
            6.940290172894795,
            6.5964654193204995,
            6.33320164680481,
            6.128087086420433,
            5.961049019121656,
            5.827751661048216,
            5.741111731412364
        ],
        "val_loss": [
            9.430808887762183,
            8.410467568565817,
            7.408262130092172,
            6.5789946411170215,
            6.131659545150458,
            5.822206976366978,
            5.5511009938576645,
            5.368962318289514,
            5.208617898763395,
            5.10995121680054,
            4.9652772954866
        ]
    },
    "Consenso": {
        "val_loss": [
            6.2248460451761884
        ]
    }
}