{
    "Federated": {
        "loss": [
            4.919663429260254,
            3.7646777629852295,
            2.7068228721618652,
            2.1419782638549805,
            1.9365147352218628,
            1.8131357431411743,
            1.7245287895202637,
            1.6857004165649414,
            1.668174386024475,
            1.7091008424758911,
            1.764188289642334
        ],
        "val_loss": [
            2.4678375720977783,
            2.552015542984009,
            2.2081263065338135,
            2.076143741607666,
            1.979236364364624,
            1.9305177927017212,
            1.8854994773864746,
            1.8557463884353638,
            1.8328403234481812,
            1.8244044780731201,
            1.830358624458313
        ]
    },
    "Consenso": {
        "val_loss": [
            6.988226890563965
        ]
    }
}