{
    "Federated": {
        "loss": [
            18.284006118774414,
            16.92888832092285,
            13.415047645568848,
            11.512843132019043,
            10.38632583618164,
            9.556108474731445,
            8.923988342285156,
            8.368315696716309,
            7.890226364135742,
            7.46721887588501,
            7.145440101623535
        ],
        "val_loss": [
            49.08973693847656,
            54.204261779785156,
            48.11419677734375,
            42.67815017700195,
            39.42475891113281,
            36.67473602294922,
            35.07289505004883,
            33.183807373046875,
            31.611772537231445,
            30.724748611450195,
            29.010650634765625
        ]
    },
    "Consenso": {
        "val_loss": [
            4.890617370605469
        ]
    }
}