{
    "Federated": {
        "loss": [
            21.359458923339844,
            16.169780731201172,
            9.117191314697266,
            7.185426712036133,
            5.934996128082275,
            5.271895408630371,
            4.897646903991699,
            4.565232753753662,
            4.313542366027832,
            4.106701374053955,
            3.946455478668213
        ],
        "val_loss": [
            14.772977828979492,
            9.669151306152344,
            7.569762706756592,
            5.866886615753174,
            5.081477165222168,
            4.7006754875183105,
            4.485071182250977,
            4.236818313598633,
            4.066582202911377,
            3.9336793422698975,
            3.8308935165405273
        ]
    },
    "Consenso": {
        "val_loss": [
            4.264117240905762
        ]
    }
}