{
    "Federated": {
        "loss": [
            1.9667657613754272,
            1.550248146057129,
            1.372901201248169,
            1.1343780755996704,
            1.1362895965576172,
            1.1252498626708984,
            1.0826491117477417,
            1.0427393913269043,
            1.0115885734558105,
            0.9992100596427917,
            0.9884734153747559
        ],
        "val_loss": [
            1.088561773300171,
            1.0958195924758911,
            1.0100935697555542,
            1.0129016637802124,
            1.0392717123031616,
            1.0160791873931885,
            0.9897916913032532,
            0.9767255783081055,
            0.9619874954223633,
            0.959305465221405,
            0.9629595875740051
        ]
    },
    "Consenso": {
        "val_loss": [
            4.904560565948486
        ]
    }
}