{
    "Federated": {
        "loss": [
            18.61176872253418,
            15.747060775756836,
            9.307246208190918,
            7.235977649688721,
            6.012899398803711,
            5.396227836608887,
            4.968859672546387,
            4.654599666595459,
            4.397227764129639,
            4.185978412628174,
            4.023524284362793
        ],
        "val_loss": [
            9.250900268554688,
            8.265434265136719,
            6.5319719314575195,
            5.434996128082275,
            4.864001274108887,
            4.417642593383789,
            4.134480953216553,
            3.9740474224090576,
            3.832078456878662,
            3.7338433265686035,
            3.742919683456421
        ]
    },
    "Consenso": {
        "val_loss": [
            4.2597784996032715
        ]
    }
}