{
    "Federated": {
        "loss": [
            25.628854751586914,
            22.109745025634766,
            19.198741912841797,
            19.12183952331543,
            19.014450073242188,
            18.947551727294922,
            18.830190658569336,
            18.656322479248047,
            18.462318420410156,
            18.343873977661133,
            18.18374252319336
        ],
        "val_loss": [
            14.872481346130371,
            13.393789291381836,
            13.965195655822754,
            13.755680084228516,
            13.547696113586426,
            13.612544059753418,
            13.399130821228027,
            13.618720054626465,
            13.304755210876465,
            13.375822067260742,
            13.185379981994629
        ]
    },
    "Consenso": {
        "val_loss": [
            11.242716789245605
        ]
    }
}