{
    "Federated": {
        "loss": [
            1.9240961074829102,
            1.3729912042617798,
            1.4566313028335571,
            1.2998466491699219,
            1.2404851913452148,
            1.2230119705200195,
            1.157429814338684,
            1.1147760152816772,
            1.083283543586731,
            1.081195592880249,
            1.121337652206421
        ],
        "val_loss": [
            1.021691918373108,
            1.0793548822402954,
            0.9933115839958191,
            0.9774979948997498,
            0.9773432016372681,
            0.9905297756195068,
            0.972451388835907,
            0.9495621919631958,
            0.9235711097717285,
            0.9217591881752014,
            0.9157560467720032
        ]
    },
    "Consenso": {
        "val_loss": [
            7.266514301300049
        ]
    }
}