{
    "Federated": {
        "loss": [
            1.8999143838882446,
            1.3178457021713257,
            1.0019415616989136,
            0.9549871683120728,
            0.9906600713729858,
            1.0017123222351074,
            0.994615912437439,
            0.9706364274024963,
            0.9701398611068726,
            0.990503191947937,
            1.0701839923858643
        ],
        "val_loss": [
            1.0773987770080566,
            1.0322480201721191,
            1.018983006477356,
            1.0008277893066406,
            0.9972208738327026,
            0.9948112964630127,
            0.985302209854126,
            0.9733358025550842,
            0.9657348394393921,
            0.9677078723907471,
            0.9749563336372375
        ]
    },
    "Consenso": {
        "val_loss": [
            12.155973434448242
        ]
    }
}