{
    "Federated": {
        "loss": [
            36.38352966308594,
            28.741724014282227,
            20.135517120361328,
            18.09341049194336,
            16.58962631225586,
            15.408961296081543
        ],
        "val_loss": [
            23.939517974853516,
            15.91066837310791,
            14.605161666870117,
            13.504742622375488,
            12.48084831237793,
            11.671131134033203
        ]
    }
}