{
    "Federated": {
        "loss": [
            20.11324691772461,
            14.285140037536621,
            7.660367488861084,
            6.178825855255127,
            5.141354560852051,
            4.408892631530762
        ],
        "val_loss": [
            12.26151180267334,
            7.208605766296387,
            6.136251926422119,
            4.942692279815674,
            4.259957313537598,
            3.899723529815674
        ]
    }
}