{
    "Federated": {
        "loss": [
            4.294078826904297,
            3.332651138305664,
            1.602759838104248,
            1.3242723941802979,
            1.1779789924621582,
            1.1088435649871826
        ],
        "val_loss": [
            14.175115585327148,
            8.540369987487793,
            6.104726791381836,
            4.8613786697387695,
            4.044421672821045,
            3.7014217376708984
        ]
    }
}