{
    "Federated": {
        "loss": [
            4.066652297973633,
            3.5591890811920166,
            1.4467098712921143,
            1.2832927703857422,
            1.2207385301589966,
            1.208060383796692
        ],
        "val_loss": [
            1.9858368635177612,
            1.7482070922851562,
            1.4630889892578125,
            1.3657782077789307,
            1.3287339210510254,
            1.3201206922531128
        ]
    }
}