{
    "Federated": {
        "loss": [
            2.6804141998291016,
            2.2100343704223633,
            1.2709397077560425,
            1.2606263160705566,
            1.2315481901168823,
            1.2262204885482788
        ],
        "val_loss": [
            1.2560608386993408,
            1.1279960870742798,
            1.0387579202651978,
            1.0165568590164185,
            1.0128741264343262,
            1.0198752880096436
        ]
    }
}