{
    "Federated": {
        "loss": [
            7.119888782501221,
            5.844236373901367,
            2.9585750102996826,
            2.47056245803833,
            2.218808889389038,
            2.0983738899230957
        ],
        "val_loss": [
            2.8787403106689453,
            2.4221243858337402,
            1.958616852760315,
            1.761573314666748,
            1.7202508449554443,
            1.6612790822982788
        ]
    }
}