{
    "Federated": {
        "loss": [
            20.09404945373535,
            13.711496353149414,
            7.777678966522217,
            6.397208213806152,
            5.4800920486450195,
            4.888723373413086
        ],
        "val_loss": [
            10.094736099243164,
            5.561511993408203,
            5.01748514175415,
            4.247818470001221,
            3.8442437648773193,
            3.5864667892456055
        ]
    }
}