{
    "Federated": {
        "loss": [
            11.776226997375488,
            10.175883293151855,
            8.14700984954834,
            8.546586990356445,
            9.053511619567871,
            9.241644859313965
        ],
        "val_loss": [
            20.449420928955078,
            14.86001968383789,
            14.426682472229004,
            14.448958396911621,
            14.42666244506836,
            14.180519104003906
        ]
    }
}