{
    "Federated": {
        "loss": [
            5.596868991851807,
            5.394555568695068,
            2.583246946334839,
            1.951262354850769,
            1.6938127279281616,
            1.6344037055969238
        ],
        "val_loss": [
            2.3418242931365967,
            2.7171425819396973,
            1.925472617149353,
            1.61838698387146,
            1.5365108251571655,
            1.5083125829696655
        ]
    }
}