{
    "Federated": {
        "loss": [
            2.0527117252349854,
            1.7208420038223267,
            1.1716899871826172,
            1.1434293985366821,
            1.0587937831878662,
            1.0465081930160522
        ],
        "val_loss": [
            1.1359801292419434,
            1.1610914468765259,
            0.9806382060050964,
            0.9306541085243225,
            0.9538688659667969,
            0.9656347036361694
        ]
    }
}