{
    "Federated": {
        "loss": [
            19.288650512695312,
            18.197542190551758,
            11.01445484161377,
            8.411437034606934,
            6.747489929199219,
            5.823334693908691
        ],
        "val_loss": [
            9.55982494354248,
            8.4580659866333,
            7.3655829429626465,
            5.961564064025879,
            4.9671196937561035,
            4.727996349334717
        ]
    }
}