{
    "Federated": {
        "loss": [
            16.593002319335938,
            10.663556098937988,
            6.070865154266357,
            4.214624404907227,
            3.063659906387329,
            2.564929246902466
        ],
        "val_loss": [
            8.223075866699219,
            4.220217227935791,
            2.792387008666992,
            2.4209094047546387,
            2.229820728302002,
            2.1557223796844482
        ],
        "loss_consensus_local": [
            27.58464813232422,
            16.79148292541504,
            10.756475448608398,
            6.066522121429443,
            3.7145919799804688,
            2.607050895690918
        ],
        "loss_consensus_global": [
            32.81914520263672,
            20.8994197845459,
            14.263398170471191,
            8.944068908691406,
            6.022501468658447,
            4.400206089019775
        ]
    },
    "No Federated (Local)": {
        "loss": [
            16.618684768676758,
            7.49241828918457,
            5.520407199859619,
            4.670909404754639,
            4.193905353546143,
            3.9074289798736572
        ],
        "val_loss": [
            8.20185661315918,
            4.990309238433838,
            4.177457332611084,
            3.753281593322754,
            3.4278533458709717,
            3.197558879852295
        ]
    }
}