{
    "Federated": {
        "loss": [
            4.734608173370361,
            3.1776528358459473,
            2.254570722579956,
            1.9214240312576294,
            1.6744322776794434,
            1.567008376121521
        ],
        "val_loss": [
            2.537554979324341,
            1.8703057765960693,
            1.8892478942871094,
            1.8158823251724243,
            1.7252655029296875,
            1.6876991987228394
        ],
        "loss_consensus_local": [
            11.238590240478516,
            6.937263488769531,
            4.72715950012207,
            3.153796672821045,
            2.4073288440704346,
            2.04044246673584
        ],
        "loss_consensus_global": [
            32.24269104003906,
            20.600366592407227,
            13.898324012756348,
            8.70930290222168,
            5.915683269500732,
            4.347746849060059
        ]
    },
    "No Federated (Local)": {
        "loss": [
            4.694403648376465,
            2.0991268157958984,
            1.806458830833435,
            1.6731981039047241,
            1.5879368782043457,
            1.532570481300354
        ],
        "val_loss": [
            2.5077106952667236,
            2.0649526119232178,
            1.8891539573669434,
            1.7920206785202026,
            1.7632551193237305,
            1.7599385976791382
        ]
    }
}