{
    "Federated": {
        "loss": [
            18.936506867408752,
            11.826971173286438,
            7.883231580257416,
            6.217933565378189,
            4.997755289077759,
            4.386969357728958
        ],
        "val_loss": [
            10.892570316791534,
            5.924319744110107,
            4.34397554397583,
            3.9990570843219757,
            3.752890408039093,
            3.6559135019779205
        ],
        "loss_consensus_local": [
            31.698559284210205,
            20.442894458770752,
            13.857713222503662,
            8.754299402236938,
            6.189081013202667,
            4.93273538351059
        ],
        "loss_consensus_global": [
            31.91322422027588,
            20.495357513427734,
            13.89826250076294,
            8.710123300552368,
            5.91616690158844,
            4.348249793052673
        ]
    },
    "No Federated (Local)": {
        "loss": [
            18.894917249679565,
            10.14778208732605,
            7.695265978574753,
            6.46346589922905,
            5.680962443351746,
            5.1712819039821625
        ],
        "val_loss": [
            10.871903717517853,
            7.560208857059479,
            6.320770621299744,
            5.593737453222275,
            5.1151174902915955,
            4.771925538778305
        ]
    }
}