{
    "Federated": {
        "loss": [
            14.747319221496582,
            9.28239917755127,
            6.2934889793396,
            4.6362457275390625,
            3.8574883937835693,
            3.4366872310638428
        ],
        "val_loss": [
            6.826150894165039,
            4.501288890838623,
            3.8871850967407227,
            3.44226336479187,
            3.2009363174438477,
            3.021959066390991
        ],
        "loss_consensus_local": [
            27.293310165405273,
            16.26492691040039,
            9.412304878234863,
            5.867212772369385,
            4.070354461669922,
            3.3648030757904053
        ],
        "loss_consensus_global": [
            32.68840408325195,
            20.524492263793945,
            12.747113227844238,
            8.52082633972168,
            6.134077072143555,
            5.062381267547607
        ]
    },
    "No Federated (Local)": {
        "loss": [
            14.69741153717041,
            6.254555702209473,
            4.661942005157471,
            4.02711820602417,
            3.5357110500335693,
            3.143718957901001
        ],
        "val_loss": [
            6.811567783355713,
            4.2077131271362305,
            3.664757490158081,
            3.269636392593384,
            2.9142420291900635,
            2.650067090988159
        ]
    }
}