{
    "Centralized Individual": {
        "loss": [
            18.096299529075623,
            13.035360932350159,
            11.045347154140472,
            9.843050038814544,
            9.036788165569305,
            8.47348849773407,
            8.042180627584457,
            7.692698335647583,
            7.405887019634247,
            7.168027955293655,
            6.960792005062103,
            6.776460307836532,
            6.611548709869385,
            6.451945716142655,
            6.301493567228317
        ],
        "val_loss": [
            16.85905828475952,
            14.19223337173462,
            12.80010528564453,
            11.792368125915527,
            11.226702404022216,
            10.74591760635376,
            10.354723644256591,
            10.133649539947509,
            9.781712245941161,
            9.552459907531738,
            9.433931922912597,
            9.334693717956544,
            9.113918113708497,
            8.922478675842285,
            8.844519329071044
        ]
    }
}