{
    "Centralized Individual": {
        "loss": [
            145.76992293432647,
            84.82383460799853,
            68.21014426853142,
            63.86264083490652,
            61.74152834859549,
            59.911104275899774,
            58.16351663306648,
            56.485745121743165,
            54.88912050104609,
            53.33722263749908,
            51.86711880973741,
            50.46258782785313,
            49.129041502580925,
            47.86356325681303,
            46.67084794652228,
            45.537601390890046,
            44.45745838535767,
            43.4129572399691,
            42.46626416959015,
            41.55330363821749,
            40.66402216255665,
            39.837913218958704,
            39.04315542181333,
            38.2934638118627,
            37.56619492143977,
            36.8682706364814,
            36.20574320034653,
            35.57952785813341,
            34.95150830494423,
            34.380106332255345,
            33.801476187273565,
            33.25844172695104,
            32.72409829468119,
            32.20478514333566,
            31.719086137180234,
            31.236540634550302,
            30.79692847500829,
            30.34134783990243,
            29.905686981245584,
            29.49247354736515,
            29.080967333386926,
            28.678924213145294,
            28.310501912353086,
            27.93846343311609,
            27.58395157374588,
            27.236184179198506,
            26.91085759564942,
            26.595339801965974,
            26.269998369555847,
            25.957279864479514
        ],
        "val_loss": [
            82.5696432169746,
            60.439123590787254,
            57.39518113463533,
            56.66393279328066,
            55.37301349873636,
            53.94416744335025,
            52.534402389152376,
            51.040067142131285,
            49.69617115516289,
            48.6053410838632,
            47.36763133020962,
            46.195895692881415,
            45.27891827798357,
            44.23274755711649,
            43.75737229749268,
            42.47078680524639,
            41.7100146634906,
            40.50730352541979,
            40.12247362090092,
            39.5529200072382,
            38.89722782957788,
            38.10054135790058,
            37.611635444211025,
            37.13370819419038,
            36.45564639334585,
            36.13704534371694,
            35.187386180840285,
            35.03218933647754,
            34.400797028167574,
            34.07362946108276,
            33.78279995217043,
            33.24755410119599,
            32.93977609802695,
            32.42418825860117,
            32.179841775520174,
            32.0776372610354,
            31.356360297577055,
            31.019030056747734,
            30.95320206529954,
            30.59631523431516,
            30.325263822779934,
            29.980364170728944,
            29.68855971214818,
            29.384253247111452,
            29.017414270662794,
            28.937607968554776,
            28.7169326543808,
            28.151736612413444,
            28.064477223975985,
            27.97551526509079
        ],
        "mse": [
            1049.091700292101,
            800.2674460598067,
            727.1840336556528,
            680.3225697536094,
            640.7304329404644,
            610.970164233563,
            578.5256896486469,
            559.1357203090893,
            535.9024842673657,
            517.4707295754376,
            500.0634607707753,
            485.872009305393,
            469.47351259343765,
            455.9843601058511,
            442.8681781993193,
            432.12350435817945,
            418.96758730271284,
            408.432284598257,
            400.96513517230164,
            391.52216193255254,
            382.1214269937253,
            375.0654912181929,
            370.3297257984386,
            362.38475173127415,
            353.77863261278935,
            351.5990682770224,
            344.2537857691447,
            339.0362199334537,
            334.5158752086116,
            329.7513545354207,
            326.91970147338566,
            322.26873237946455,
            316.78046392926984,
            312.37666576048906,
            308.59333881677367,
            304.56642833410524,
            301.2405686752469,
            297.66810240465054,
            295.4555798792372,
            291.7235188858182,
            290.193299667508,
            285.4223767542372,
            282.46875019634473,
            279.7719430455974,
            278.8315196317785,
            275.2893836732004,
            272.7098124074001,
            269.9002207587747,
            267.0402768639957,
            265.43332803015613
        ],
        "mae": [
            17.456312637703093,
            16.03260515951643,
            15.412747011465186,
            14.832142673286738,
            14.289011621007733,
            13.850439807947945,
            13.3898279059167,
            13.066973342615015,
            12.731365533436046,
            12.464421080607995,
            12.19610399124669,
            11.961480376767177,
            11.765230134421705,
            11.578542234850865,
            11.40150072294123,
            11.230433040974187,
            11.068984450078478,
            10.932677332092734,
            10.817007745013518,
            10.70574575545741,
            10.57459525267283,
            10.482152415256873,
            10.389202279203078,
            10.299412809166254,
            10.217962480058857,
            10.146421906994838,
            10.065633610183118,
            9.988791283439188,
            9.913873810394138,
            9.85584790800132,
            9.805901852308535,
            9.74529112554064,
            9.684720446081723,
            9.616290709551643,
            9.576859254463047,
            9.528303796169805,
            9.480383146042918,
            9.428334016425937,
            9.395822249206843,
            9.355645464915856,
            9.31005903786304,
            9.2627471965902,
            9.20831203694437,
            9.180898579896665,
            9.153471119263592,
            9.108570620125414,
            9.072360340286703,
            9.041578627100177,
            9.012336324242984,
            8.986070270631828
        ],