{
    "Centralized Individual": {
        "loss": [
            18.179054808616637,
            12.98406126499176,
            10.758986222743989,
            9.484148824214936,
            8.625468814373017,
            7.984558367729187,
            7.45916308760643,
            7.016287469863892,
            6.65890349149704,
            6.387847024202347,
            6.186735761165619,
            6.035070079565048,
            5.918244647979736,
            5.813511878252029,
            5.720727461576462
        ],
        "val_loss": [
            16.92511205673218,
            13.92091646194458,
            12.454129028320313,
            11.421626091003418,
            10.80785837173462,
            10.269210910797119,
            9.745543575286865,
            9.451695346832276,
            9.056382656097412,
            8.818709754943848,
            8.736786842346191,
            8.667637252807618,
            8.514281940460204,
            8.374533081054688,
            8.346035480499268
        ]
    }
}