{
    "Federated": {
        "loss": [
            19.849476709365845,
            16.70688831090927,
            15.769784202575684,
            14.981979182958602,
            14.347417466640474,
            13.784441909790038
        ],
        "val_loss": [
            12.686149663925171,
            11.219839508533479,
            10.719421811103821,
            10.221184562444687,
            9.883925515413285,
            9.521246926784515
        ],
        "loss_consensus_local": [
            28.608113222122192,
            26.780473854541775,
            25.14168128490448,
            23.956389068365098,
            22.9464104282856,
            22.22882062673569
        ],
        "loss_consensus_global": [
            29.404308891296388,
            27.772257618904113,
            26.322045016288758,
            25.334159317016603,
            24.55049952507019,
            24.009307379722593
        ]
    },
    "No Federated (Local)": {
        "loss": [
            19.80158793926239,
            12.2197461104393,
            9.26317539215088,
            7.6845964944362635,
            6.715870363712311,
            5.998395389318466
        ],
        "val_loss": [
            12.66681299686432,
            9.232052268981935,
            7.527897665500641,
            6.61050036907196,
            5.949354342222214,
            5.441748106479645
        ]
    }
}