{
    "Federated": {
        "loss": [
            19.49403937339783,
            16.222596200704576,
            15.18500368952751,
            14.344266859292983,
            13.654655094146728,
            13.059500559568406
        ],
        "val_loss": [
            12.03867401123047,
            10.584651674032212,
            10.09457610487938,
            9.79759607195854,
            9.510767625570297,
            9.211363928318024
        ],
        "loss_consensus_local": [
            26.975447797775267,
            23.882836908102036,
            21.273423169851306,
            19.13011243700981,
            17.544933675527574,
            16.343612616062167
        ],
        "loss_consensus_global": [
            27.582953662872313,
            24.773082609176633,
            22.56919722557068,
            20.885096793174746,
            19.738487372398374,
            18.9031507396698
        ]
    },
    "No Federated (Local)": {
        "loss": [
            19.471161465644837,
            11.621377863883973,
            9.309489810466767,
            8.127898197174073,
            7.33800106048584,
            6.7634072577953335
        ],
        "val_loss": [
            12.051267013549804,
            8.976193321943283,
            7.814891024827958,
            7.0525705122947695,
            6.461774365901947,
            6.065084812641144
        ]
    }
}