{
    "Federated": {
        "loss": [
            18.96563503742218,
            14.68760929107666,
            13.409072649478912,
            12.538875478506089,
            11.81570011973381,
            11.289582735300064
        ],
        "val_loss": [
            11.443520545959473,
            9.677789974212647,
            9.055619239807129,
            8.625071752071381,
            8.239862555265427,
            7.927962213754654
        ],
        "loss_consensus_local": [
            25.779794025421143,
            24.107354354858398,
            22.8999671459198,
            21.933823573589326,
            21.119551867246628,
            20.34819594025612
        ],
        "loss_consensus_global": [
            26.43846387863159,
            24.62010188102722,
            23.23815064430237,
            22.131923651695253,
            21.22625789642334,
            20.410360598564147
        ]
    },
    "No Federated (Local)": {
        "loss": [
            18.96990966796875,
            11.033178913593293,
            8.322004902362824,
            6.709570074081421,
            5.6475295424461365,
            4.922986221313477
        ],
        "val_loss": [
            11.496489667892456,
            8.344612288475037,
            6.665692532062531,
            5.644048488140106,
            4.953714495897293,
            4.44242080450058
        ]
    }
}