{
    "Federated": {
        "loss": [
            4.073622226715088,
            3.3532683849334717,
            1.5835325717926025,
            1.44539475440979,
            1.3845174312591553,
            1.3839846849441528
        ],
        "val_loss": [
            1.6923733949661255,
            1.608595848083496,
            1.4215636253356934,
            1.3411279916763306,
            1.3313333988189697,
            1.3423590660095215
        ]
    }
}