{
    "Federated": {
        "loss": [
            5.616879940032959,
            4.241791725158691,
            1.79678475856781,
            1.5480672121047974,
            1.453399896621704,
            1.448022723197937
        ],
        "val_loss": [
            3.26267671585083,
            2.3163976669311523,
            1.863120675086975,
            1.694935917854309,
            1.6349364519119263,
            1.6064996719360352
        ]
    }
}