{
    "Federated": {
        "loss": [
            7.014728546142578,
            6.538662910461426,
            2.471096992492676,
            1.9234347343444824,
            1.6953542232513428,
            1.6227660179138184
        ],
        "val_loss": [
            2.922640085220337,
            3.088716745376587,
            2.4631195068359375,
            2.2042484283447266,
            2.100689172744751,
            2.069521903991699
        ]
    }
}