{
    "Federated": {
        "loss": [
            2.4414002895355225,
            2.2452855110168457,
            1.3118523359298706,
            1.2678487300872803,
            1.2283419370651245,
            1.2263758182525635
        ],
        "val_loss": [
            1.2474524974822998,
            1.1545004844665527,
            1.0571025609970093,
            1.0131317377090454,
            1.0115405321121216,
            1.0241624116897583
        ]
    }
}