{
    "Federated": {
        "loss": [
            6.8329854011535645,
            6.401134967803955,
            3.284532070159912,
            2.6735715866088867,
            2.351749897003174,
            2.204779624938965
        ],
        "val_loss": [
            2.6359474658966064,
            2.7366933822631836,
            2.0948171615600586,
            1.8608959913253784,
            1.7441763877868652,
            1.7281138896942139
        ]
    }
}