{
    "Federated": {
        "loss": [
            19.94057273864746,
            14.709044456481934,
            8.565411567687988,
            7.100183963775635,
            6.093683242797852,
            5.38198709487915
        ],
        "val_loss": [
            9.337839126586914,
            6.063724994659424,
            5.576549530029297,
            4.592874050140381,
            4.0685529708862305,
            3.8067941665649414
        ]
    }
}