{
    "Federated": {
        "loss": [
            1.3262385129928589,
            1.1926727294921875,
            0.8201315999031067,
            0.803570568561554,
            0.7565709352493286,
            0.7436114549636841
        ],
        "val_loss": [
            0.7867450714111328,
            0.719009280204773,
            0.6919710636138916,
            0.6901553869247437,
            0.6942666172981262,
            0.6966463327407837
        ]
    }
}