{
    "Federated": {
        "loss": [
            35.40303421020508,
            29.515649795532227,
            24.26894760131836,
            23.436498641967773,
            22.925134658813477,
            22.606794357299805
        ],
        "val_loss": [
            21.448484420776367,
            17.135343551635742,
            14.133111000061035,
            13.88969898223877,
            13.439135551452637,
            13.052388191223145
        ]
    }
}