{
    "Federated": {
        "loss": [
            23.966821670532227,
            16.347259521484375,
            8.244865417480469,
            6.648794651031494,
            5.484338283538818,
            4.757144927978516
        ],
        "val_loss": [
            16.35824966430664,
            7.287576198577881,
            6.386467933654785,
            5.162056922912598,
            4.5345940589904785,
            4.222159385681152
        ]
    }
}