{
    "Federated": {
        "loss": [
            21.198320388793945,
            15.26310920715332,
            7.83834981918335,
            6.1331634521484375,
            5.068782806396484,
            4.488009452819824
        ],
        "val_loss": [
            13.092765808105469,
            7.2142415046691895,
            6.049762725830078,
            4.961695194244385,
            4.409274101257324,
            4.160005569458008
        ]
    }
}