{
    "Federated": {
        "loss": [
            13.991975784301758,
            10.59160041809082,
            4.659317493438721,
            3.5039472579956055,
            2.8925602436065674,
            2.5705530643463135
        ],
        "val_loss": [
            8.042204856872559,
            4.930971622467041,
            4.0248894691467285,
            3.278132200241089,
            2.9845714569091797,
            2.8381567001342773
        ]
    }
}