{
    "Federated": {
        "loss": [
            3.2520904541015625,
            2.990074872970581,
            1.3382737636566162,
            1.1308555603027344,
            1.0480412244796753,
            1.0415599346160889
        ],
        "val_loss": [
            5.951025485992432,
            4.937688827514648,
            3.329235553741455,
            2.668320417404175,
            2.4056239128112793,
            2.120727777481079
        ]
    }
}