{
    "Federated": {
        "loss": [
            16.907743453979492,
            11.056203842163086,
            6.769802093505859,
            5.631210803985596,
            4.857287883758545,
            4.363452911376953
        ],
        "val_loss": [
            9.511445999145508,
            5.56721830368042,
            4.442826747894287,
            3.750774383544922,
            3.437934637069702,
            3.1977200508117676
        ]
    }
}