{
    "Federated": {
        "loss": [
            9.853672981262207,
            8.24599552154541,
            4.059966087341309,
            3.247548818588257,
            2.8313562870025635,
            2.639064311981201
        ],
        "val_loss": [
            4.900928974151611,
            3.935685873031616,
            3.0592544078826904,
            2.7063372135162354,
            2.554206132888794,
            2.509798526763916
        ]
    }
}