{
    "ML": {
        "loss": [
            17.151750564575195,
            10.222982406616211,
            8.114030838012695,
            6.776582717895508,
            5.728765964508057,
            4.915095329284668,
            4.328698635101318,
            3.9251327514648438,
            3.6472175121307373,
            3.4405956268310547
        ],
        "val_loss": [
            10.341748237609863,
            7.767611503601074,
            6.529538154602051,
            5.588641166687012,
            4.844230651855469,
            4.284004211425781,
            3.896555185317993,
            3.6320676803588867,
            3.4416887760162354,
            3.2933971881866455
        ]
    }
}