{
    "ML": {
        "loss": [
            16.46961784362793,
            10.62389850616455,
            8.701120376586914,
            7.629312038421631,
            7.034902572631836,
            6.6682233810424805,
            6.394481658935547,
            6.168590068817139,
            5.971949100494385,
            5.796786308288574
        ],
        "val_loss": [
            10.295321464538574,
            8.089113235473633,
            6.961677074432373,
            6.3469085693359375,
            6.003124237060547,
            5.751673221588135,
            5.5553693771362305,
            5.387273788452148,
            5.2416605949401855,
            5.116715431213379
        ]
    }
}