{
    "ML": {
        "loss": [
            16.261182403564455,
            10.047092056274414,
            8.378038120269775,
            7.338645267486572,
            6.608760356903076,
            6.057852363586425,
            5.6236451148986815,
            5.275870323181152,
            4.9952771186828615,
            4.762457704544067
        ],
        "val_loss": [
            9.720033264160156,
            7.812127304077149,
            6.793407917022705,
            6.112060546875,
            5.615701961517334,
            5.225644302368164,
            4.914515590667724,
            4.66768856048584,
            4.468250846862793,
            4.301808071136475
        ]
    }
}