{
    "ML": {
        "loss": [
            15.513588905334473,
            9.801154136657715,
            8.718550682067871,
            7.90382719039917,
            7.231316089630127,
            6.668837547302246,
            6.179367542266846,
            5.741884708404541,
            5.349033355712891,
            4.998119831085205
        ],
        "val_loss": [
            9.135518074035645,
            7.916306495666504,
            7.186495304107666,
            6.582281589508057,
            6.099215030670166,
            5.703289985656738,
            5.3495893478393555,
            5.034538745880127,
            4.758347034454346,
            4.513490676879883
        ]
    }
}