{
    "ML": {
        "loss": [
            31.223648071289062,
            27.577096939086914,
            27.30453872680664,
            27.28050994873047,
            27.267597198486328,
            27.25873565673828
        ],
        "accuracy": [
            0.005678852554410696,
            0.0024838887620717287,
            0.0024986425414681435,
            0.0025299941189587116,
            0.0026775309816002846,
            0.0027275881730020046
        ],
        "val_loss": [
            24.662282943725586,
            24.497055053710938,
            24.5921630859375,
            24.597021102905273,
            24.58980941772461,
            24.580265045166016
        ],
        "val_accuracy": [
            0.002951720729470253,
            0.002973850816488266,
            0.0030160031747072935,
            0.0030750164296478033,
            0.0033205540385097265,
            0.0033542760647833347
        ]
    }
}