{
    "Federated": {
        "loss": [
            17.36001205444336,
            14.239996910095215,
            7.810836315155029,
            6.269442558288574,
            5.189934253692627,
            4.47620153427124,
            4.009963512420654,
            3.6956207752227783,
            3.4477105140686035,
            3.2730166912078857,
            3.103696823120117
        ],
        "val_loss": [
            9.340215682983398,
            6.147373676300049,
            5.067709445953369,
            4.109044075012207,
            3.4534802436828613,
            3.0943126678466797,
            2.941734552383423,
            2.758906364440918,
            2.646744966506958,
            2.5535521507263184,
            2.476821184158325
        ]
    },
    "Consenso": {
        "val_loss": [
            4.323210716247559
        ]
    }
}