{
    "Federated": {
        "loss": [
            3.4253828525543213,
            3.56195330619812,
            1.8182811737060547,
            1.3585723638534546,
            1.159117579460144,
            1.1141022443771362,
            1.0859100818634033,
            1.0589519739151,
            1.0442099571228027,
            1.0172103643417358,
            0.9982771873474121
        ],
        "val_loss": [
            9.165534019470215,
            9.806641578674316,
            6.805429935455322,
            5.1439361572265625,
            4.450186252593994,
            4.109989643096924,
            3.7973055839538574,
            3.6862952709198,
            3.5216898918151855,
            3.436392307281494,
            3.2118258476257324
        ]
    },
    "Consenso": {
        "val_loss": [
            5.428194046020508
        ]
    }
}