{
    "Federated": {
        "loss": [
            5.186681747436523,
            4.614221096038818,
            2.174649953842163,
            1.8470362424850464,
            1.7269196510314941,
            1.7215033769607544,
            1.728948950767517,
            1.7191730737686157,
            1.712059497833252,
            1.689430832862854,
            1.6841741800308228
        ],
        "val_loss": [
            3.0596227645874023,
            2.662156105041504,
            1.9779741764068604,
            1.7616651058197021,
            1.6616744995117188,
            1.6324009895324707,
            1.6080176830291748,
            1.571943759918213,
            1.5786464214324951,
            1.5609337091445923,
            1.5585155487060547
        ]
    },
    "Consenso": {
        "val_loss": [
            5.48552942276001
        ]
    }
}