{
    "Federated": {
        "loss": [
            4.086466312408447,
            3.612462043762207,
            1.6650912761688232,
            1.4723109006881714,
            1.3957868814468384,
            1.3816688060760498,
            1.3910155296325684,
            1.3910917043685913,
            1.3888694047927856,
            1.3898234367370605,
            1.3740921020507812
        ],
        "val_loss": [
            1.843971610069275,
            1.6369768381118774,
            1.4432586431503296,
            1.3460736274719238,
            1.3358790874481201,
            1.3369461297988892,
            1.336132526397705,
            1.332956075668335,
            1.338100790977478,
            1.329148292541504,
            1.3264744281768799
        ]
    },
    "Consenso": {
        "val_loss": [
            5.421666145324707
        ]
    }
}