{
    "Federated": {
        "loss": [
            4.086216926574707,
            4.00123405456543,
            1.6431629657745361,
            1.321157455444336,
            1.2238175868988037,
            1.235140323638916,
            1.2443292140960693,
            1.2586716413497925,
            1.234856367111206,
            1.230044960975647,
            1.2163647413253784
        ],
        "val_loss": [
            1.8535640239715576,
            1.9973864555358887,
            1.5097885131835938,
            1.33046293258667,
            1.3151962757110596,
            1.3087016344070435,
            1.3159979581832886,
            1.3041030168533325,
            1.2960795164108276,
            1.2997384071350098,
            1.3000396490097046
        ]
    },
    "Consenso": {
        "val_loss": [
            5.816548824310303
        ]
    }
}