{
    "Federated": {
        "loss": [
            2.750059127807617,
            2.4603371620178223,
            1.3296043872833252,
            1.273895263671875,
            1.2350841760635376,
            1.2257310152053833,
            1.2291978597640991,
            1.228453278541565,
            1.2194795608520508,
            1.208274483680725,
            1.2002146244049072
        ],
        "val_loss": [
            1.3400063514709473,
            1.1782135963439941,
            1.0485117435455322,
            1.0038869380950928,
            1.0024640560150146,
            1.0064698457717896,
            1.0069749355316162,
            1.013173222541809,
            1.0058125257492065,
            1.0023066997528076,
            0.9975691437721252
        ]
    },
    "Consenso": {
        "val_loss": [
            5.119621753692627
        ]
    }
}