{
    "Federated": {
        "loss": [
            84.58445739746094,
            80.7944564819336,
            68.62333679199219,
            64.27980041503906,
            61.44408416748047,
            59.236900329589844,
            57.404788970947266,
            55.9485969543457,
            54.64201354980469,
            53.755794525146484,
            52.7381706237793
        ],
        "val_loss": [
            43.847373962402344,
            41.857765197753906,
            33.92038345336914,
            31.751596450805664,
            30.526519775390625,
            29.01624298095703,
            28.1955623626709,
            27.458192825317383,
            26.556795120239258,
            25.94001007080078,
            25.5888614654541
        ]
    },
    "Consenso": {
        "val_loss": [
            10.110861778259277
        ]
    }
}