{
    "Federated": {
        "loss": [
            1.3000494241714478,
            1.3346022367477417,
            0.8375556468963623,
            0.8017024993896484,
            0.7619858384132385,
            0.7289181351661682,
            0.7346989512443542,
            0.7499192357063293,
            0.7196879982948303,
            0.7053554654121399,
            0.6959831714630127
        ],
        "val_loss": [
            0.7546311020851135,
            0.7133223414421082,
            0.6867431402206421,
            0.6832492351531982,
            0.6889265775680542,
            0.7062954902648926,
            0.7014907598495483,
            0.6995057463645935,
            0.6907721161842346,
            0.6862100958824158,
            0.6937461495399475
        ]
    },
    "Consenso": {
        "val_loss": [
            4.861201763153076
        ]
    }
}