{
    "Federated": {
        "loss": [
            6.745087623596191,
            5.297833442687988,
            2.3960208892822266,
            1.9273420572280884,
            1.731649398803711,
            1.6644206047058105,
            1.6544618606567383,
            1.6119953393936157,
            1.582046389579773,
            1.5617961883544922,
            1.5421704053878784
        ],
        "val_loss": [
            3.381596565246582,
            2.5701918601989746,
            1.8981517553329468,
            1.66732656955719,
            1.609317660331726,
            1.5670909881591797,
            1.5365272760391235,
            1.5106438398361206,
            1.4971588850021362,
            1.5003598928451538,
            1.5175318717956543
        ]
    },
    "Consenso": {
        "val_loss": [
            5.31946325302124
        ]
    }
}