{
    "Federated": {
        "loss": [
            30.22769546508789,
            28.659807205200195,
            23.032554626464844,
            22.477094650268555,
            22.240163803100586,
            22.034423828125,
            22.083003997802734,
            22.087099075317383,
            22.202627182006836,
            22.293153762817383,
            22.398977279663086
        ],
        "val_loss": [
            17.912609100341797,
            15.547544479370117,
            14.276878356933594,
            13.894553184509277,
            13.86520004272461,
            13.749587059020996,
            13.435938835144043,
            13.457808494567871,
            13.47840404510498,
            13.847779273986816,
            13.649524688720703
        ]
    },
    "Consenso": {
        "val_loss": [
            10.221811294555664
        ]
    }
}