{
    "Federated": {
        "loss": [
            13.947796446435591,
            12.55501048822029,
            7.965585889185176,
            6.8212727226463015,
            6.097168977354087,
            5.653608097749598,
            5.353934201539731,
            5.129344837922676,
            4.942404622540755,
            4.789036148319058,
            4.65281691270716
        ],
        "val_loss": [
            9.384803244880601,
            7.91928637378356,
            6.554023866559945,
            5.767744331967597,
            5.314938336026435,
            5.022439109344108,
            4.8110411167144775,
            4.639488884046966,
            4.498313069343567,
            4.38299484463299,
            4.276899217390547
        ]
    },
    "Consenso": {
        "val_loss": [
            5.204388740015965
        ]
    }
}