{
    "Federated": {
        "loss": [
            21.830963134765625,
            19.18300437927246,
            11.194250106811523,
            8.780313491821289,
            7.225390434265137,
            6.26279354095459,
            5.615708827972412,
            5.158301830291748,
            4.822249889373779,
            4.531767845153809,
            4.267717361450195
        ],
        "val_loss": [
            16.098127365112305,
            10.907794952392578,
            8.88256549835205,
            7.193077087402344,
            6.138577461242676,
            5.5873565673828125,
            5.170169353485107,
            4.8622283935546875,
            4.623899459838867,
            4.430354595184326,
            4.271829128265381
        ]
    },
    "Consenso": {
        "val_loss": [
            4.406181812286377
        ]
    }
}