{
    "Federated": {
        "loss": [
            36.460147857666016,
            33.64316940307617,
            23.052330017089844,
            19.891414642333984,
            17.772981643676758,
            16.17332649230957,
            15.024855613708496,
            14.135479927062988,
            13.396031379699707,
            12.786334037780762,
            12.267480850219727
        ],
        "val_loss": [
            21.564374923706055,
            18.73780632019043,
            14.305468559265137,
            12.839020729064941,
            12.13253116607666,
            11.30366039276123,
            10.623556137084961,
            10.076537132263184,
            9.645755767822266,
            9.202996253967285,
            8.92436408996582
        ]
    },
    "Consenso": {
        "val_loss": [
            5.182249546051025
        ]
    }
}