{
    "Federated": {
        "loss": [
            10.864655494689941,
            9.28819751739502,
            5.192277908325195,
            4.049190044403076,
            3.480337142944336,
            3.1923153400421143,
            3.011500120162964,
            2.8697898387908936,
            2.7638099193573,
            2.6787912845611572,
            2.614525556564331
        ],
        "val_loss": [
            5.054686069488525,
            4.894790172576904,
            3.6719603538513184,
            3.1353819370269775,
            2.94130802154541,
            2.8220319747924805,
            2.7294747829437256,
            2.6628737449645996,
            2.602536678314209,
            2.5115973949432373,
            2.4878592491149902
        ]
    },
    "Consenso": {
        "val_loss": [
            4.731534957885742
        ]
    }
}