{
    "Federated": {
        "loss": [
            28.568336486816406,
            27.013702392578125,
            17.804176330566406,
            15.349564552307129,
            13.526043891906738,
            12.38277530670166,
            11.536273956298828,
            10.922922134399414,
            10.361382484436035,
            9.863325119018555,
            9.417847633361816
        ],
        "val_loss": [
            18.495115280151367,
            17.261991500854492,
            14.462788581848145,
            12.581114768981934,
            11.347177505493164,
            10.515205383300781,
            9.907440185546875,
            9.433935165405273,
            9.041775703430176,
            8.712732315063477,
            8.348435401916504
        ]
    },
    "Consenso": {
        "val_loss": [
            5.05008602142334
        ]
    }
}