{
    "Federated": {
        "loss": [
            2.0426876544952393,
            2.032979726791382,
            1.1348865032196045,
            1.114544153213501,
            1.0800869464874268,
            1.066455364227295,
            1.0643213987350464,
            1.058925986289978,
            1.047559142112732,
            1.0325461626052856,
            1.0223305225372314
        ],
        "val_loss": [
            1.0833181142807007,
            1.0112780332565308,
            0.9028660655021667,
            0.8675644397735596,
            0.8979013562202454,
            0.8982178568840027,
            0.8971898555755615,
            0.9070219397544861,
            0.8967853784561157,
            0.8817093968391418,
            0.8878220319747925
        ]
    },
    "Consenso": {
        "val_loss": [
            4.92353630065918
        ]
    }
}