{
    "Federated": {
        "loss": [
            36.08067321777344,
            30.227176666259766,
            21.388917922973633,
            19.153966903686523,
            17.33674430847168,
            15.846038818359375
        ],
        "val_loss": [
            22.427371978759766,
            16.76888084411621,
            15.212940216064453,
            13.93938159942627,
            12.59296703338623,
            11.615571022033691
        ]
    }
}