{
    "Federated": {
        "loss": [
            4.632002830505371,
            4.183561325073242,
            1.8823813199996948,
            1.6414233446121216,
            1.544029712677002,
            1.520116925239563
        ],
        "val_loss": [
            2.2241129875183105,
            2.2731947898864746,
            1.8494012355804443,
            1.736627459526062,
            1.7046798467636108,
            1.686084508895874
        ]
    }
}