{
    "Federated": {
        "loss": [
            3.462456703186035,
            3.083949089050293,
            1.4431289434432983,
            1.3500888347625732,
            1.2750235795974731,
            1.250679612159729
        ],
        "val_loss": [
            1.5081075429916382,
            1.3382093906402588,
            1.2194466590881348,
            1.142722249031067,
            1.1120705604553223,
            1.0856527090072632
        ]
    }
}