{
    "Federated": {
        "loss": [
            13.012750625610352,
            11.276445388793945,
            5.437966346740723,
            3.9550702571868896,
            3.19528865814209,
            2.8164587020874023
        ],
        "val_loss": [
            6.844423294067383,
            5.0448079109191895,
            4.094244480133057,
            3.2354822158813477,
            3.0212783813476562,
            2.7570724487304688
        ]
    }
}