{
    "Federated": {
        "loss": [
            8.341351509094238,
            7.279716491699219,
            3.043795108795166,
            2.269150495529175,
            1.957314133644104,
            1.8357521295547485
        ],
        "val_loss": [
            3.9676408767700195,
            3.5491442680358887,
            2.6263179779052734,
            2.4357264041900635,
            2.249206304550171,
            2.1643364429473877
        ]
    }
}