{
    "Federated": {
        "loss": [
            2.5516953468322754,
            2.287248373031616,
            1.3569129705429077,
            1.328281044960022,
            1.2739125490188599,
            1.2518913745880127
        ],
        "val_loss": [
            1.2463412284851074,
            1.164125680923462,
            1.096269965171814,
            1.0659208297729492,
            1.050626516342163,
            1.0426843166351318
        ]
    }
}