{
    "Federated": {
        "loss": [
            7.931563377380371,
            6.716114044189453,
            3.4714925289154053,
            2.8789172172546387,
            2.4751744270324707,
            2.231224536895752
        ],
        "val_loss": [
            3.3216967582702637,
            2.8221282958984375,
            2.293764352798462,
            1.9642468690872192,
            1.7764480113983154,
            1.7225176095962524
        ]
    }
}