{
    "Federated": {
        "loss": [
            84.55557250976562,
            78.53266906738281,
            65.76213836669922,
            61.73731994628906,
            58.731075286865234,
            56.20734405517578
        ],
        "val_loss": [
            41.83952713012695,
            38.507137298583984,
            31.58727264404297,
            29.982271194458008,
            28.184843063354492,
            26.958084106445312
        ]
    }
}