{
    "Federated": {
        "loss": [
            14.389373779296875,
            15.978377342224121,
            9.047042846679688,
            7.4806437492370605,
            6.2949957847595215,
            5.385908603668213
        ],
        "val_loss": [
            5.499418258666992,
            6.469320774078369,
            5.847770690917969,
            5.001681804656982,
            4.093837738037109,
            3.711488723754883
        ]
    }
}