{
    "Federated": {
        "loss": [
            20.56390380859375,
            17.2047119140625,
            12.199701309204102,
            10.44243335723877,
            9.243990898132324,
            8.39343547821045
        ],
        "val_loss": [
            60.386634826660156,
            46.955902099609375,
            40.55640411376953,
            35.58771514892578,
            32.3477668762207,
            29.375516891479492
        ]
    }
}