{
    "Federated": {
        "loss": [
            22.883249282836914,
            18.77341651916504,
            10.597748756408691,
            8.287510871887207,
            6.851367473602295,
            5.9716973304748535
        ],
        "val_loss": [
            14.514081001281738,
            10.419318199157715,
            8.388313293457031,
            6.750523090362549,
            5.795739650726318,
            5.242481708526611
        ]
    }
}