{
    "Federated": {
        "loss": [
            2.1186885833740234,
            1.8742785453796387,
            1.124483585357666,
            1.128001093864441,
            1.0817725658416748,
            1.0697795152664185
        ],
        "val_loss": [
            1.1445494890213013,
            1.1185868978500366,
            0.9738912582397461,
            0.9666385054588318,
            0.9844783544540405,
            0.9860808849334717
        ]
    }
}