{
    "Federated": {
        "loss": [
            13.245314598083496,
            13.087496757507324,
            7.321860313415527,
            5.666092872619629,
            4.626432418823242,
            3.995474338531494
        ],
        "val_loss": [
            5.312427997589111,
            6.205658435821533,
            4.696833610534668,
            3.6961874961853027,
            3.2299938201904297,
            3.0485005378723145
        ]
    }
}