{
    "Federated": {
        "loss": [
            38.55263137817383,
            32.35648727416992,
            21.7069034576416,
            19.048503875732422,
            17.013620376586914,
            15.311005592346191
        ],
        "val_loss": [
            23.7442684173584,
            16.735855102539062,
            13.615930557250977,
            12.407727241516113,
            11.312475204467773,
            10.201070785522461
        ]
    }
}