{
    "Federated": {
        "loss": [
            29.0032958984375,
            26.334518432617188,
            17.699899673461914,
            15.152188301086426,
            13.13818645477295,
            11.678437232971191
        ],
        "val_loss": [
            19.59406852722168,
            16.4763240814209,
            14.271987915039062,
            12.157583236694336,
            10.560794830322266,
            9.630224227905273
        ]
    }
}