{
    "Federated": {
        "loss": [
            5.035314083099365,
            3.915099859237671,
            1.924527645111084,
            1.6709309816360474,
            1.6107807159423828,
            1.6057054996490479
        ],
        "val_loss": [
            2.8476650714874268,
            2.452986717224121,
            1.8686271905899048,
            1.732055902481079,
            1.6792092323303223,
            1.6580075025558472
        ]
    },
    "Consenso": {
        "val_loss": [
            7.643900394439697
        ]
    }
}