{
    "Federated": {
        "loss": [
            3.8096508979797363,
            2.7182226181030273,
            1.3929980993270874,
            1.3120253086090088,
            1.248967170715332,
            1.2356793880462646
        ],
        "val_loss": [
            1.6234863996505737,
            1.280161738395691,
            1.1414480209350586,
            1.0651804208755493,
            1.0370941162109375,
            1.0341230630874634
        ]
    },
    "Consenso": {
        "val_loss": [
            7.044269561767578
        ]
    }
}