{
    "Federated": {
        "loss": [
            8.315157890319824,
            6.187928676605225,
            2.9289305210113525,
            2.2586231231689453,
            2.045579433441162,
            1.9579828977584839
        ],
        "val_loss": [
            4.279780864715576,
            3.4332399368286133,
            2.514824867248535,
            2.388446092605591,
            2.3048276901245117,
            2.229933977127075
        ]
    },
    "Consenso": {
        "val_loss": [
            7.001095294952393
        ]
    }
}