{
    "Federated": {
        "loss": [
            2.708549737930298,
            2.123587131500244,
            1.2999486923217773,
            1.2692192792892456,
            1.2225031852722168,
            1.2059566974639893
        ],
        "val_loss": [
            1.2763515710830688,
            1.10758376121521,
            1.036505103111267,
            0.9982447028160095,
            0.990301787853241,
            0.9937719106674194
        ]
    },
    "Consenso": {
        "val_loss": [
            7.078502655029297
        ]
    }
}