{
    "Federated": {
        "loss": [
            7.137386798858643,
            6.170536041259766,
            3.4480714797973633,
            2.888639211654663,
            2.4972028732299805,
            2.274510383605957
        ],
        "val_loss": [
            2.940917491912842,
            2.7794723510742188,
            2.287768602371216,
            1.9406805038452148,
            1.787408709526062,
            1.7098065614700317
        ]
    },
    "Consenso": {
        "val_loss": [
            5.681802272796631
        ]
    }
}