{
    "Federated": {
        "loss": [
            22.08605194091797,
            17.576030731201172,
            11.485553741455078,
            9.89532470703125,
            8.6394681930542,
            7.630426406860352
        ],
        "val_loss": [
            11.679762840270996,
            8.000465393066406,
            7.4263458251953125,
            6.354837417602539,
            5.37200403213501,
            4.762583255767822
        ]
    },
    "Consenso": {
        "val_loss": [
            5.114416122436523
        ]
    }
}