{
    "Federated": {
        "loss": [
            84.25135803222656,
            77.8025131225586,
            65.62593841552734,
            61.6453971862793,
            58.5794677734375,
            56.000091552734375
        ],
        "val_loss": [
            40.49995803833008,
            38.589481353759766,
            31.668128967285156,
            29.42210578918457,
            28.460708618164062,
            26.850181579589844
        ]
    },
    "Consenso": {
        "val_loss": [
            11.544955253601074
        ]
    }
}