{
    "Federated": {
        "loss": [
            17.747098922729492,
            18.39040184020996,
            11.570219993591309,
            9.58901309967041,
            8.411890983581543,
            7.621400356292725
        ],
        "val_loss": [
            8.893488883972168,
            10.669760704040527,
            8.950814247131348,
            7.997654914855957,
            7.036180019378662,
            6.679596900939941
        ]
    },
    "Consenso": {
        "val_loss": [
            6.638861179351807
        ]
    }
}