{
    "Federated": {
        "loss": [
            6.445085525512695,
            4.837554454803467,
            2.435774564743042,
            2.0486819744110107,
            1.8134896755218506,
            1.6935527324676514
        ],
        "val_loss": [
            2.8953676223754883,
            2.2108893394470215,
            1.9209399223327637,
            1.724743127822876,
            1.6798477172851562,
            1.615254521369934
        ]
    },
    "Consenso": {
        "val_loss": [
            6.241550445556641
        ]
    }
}