{
    "Federated": {
        "loss": [
            5.698413372039795,
            4.165388584136963,
            2.055192708969116,
            1.827202558517456,
            1.6820533275604248,
            1.6192779541015625
        ],
        "val_loss": [
            2.734179735183716,
            2.136549949645996,
            1.9473994970321655,
            1.8240500688552856,
            1.7785634994506836,
            1.7465343475341797
        ]
    },
    "Consenso": {
        "val_loss": [
            6.65393590927124
        ]
    }
}