{
    "Federated": {
        "loss": [
            17.751821517944336,
            16.901472091674805,
            11.905733108520508,
            10.544855117797852,
            9.615741729736328,
            8.904561996459961
        ],
        "val_loss": [
            49.93628692626953,
            46.268985748291016,
            41.47431564331055,
            36.93586349487305,
            34.07358169555664,
            31.795692443847656
        ]
    },
    "Consenso": {
        "val_loss": [
            5.398226261138916
        ]
    }
}