{
    "Federated": {
        "loss": [
            20.233299255371094,
            17.405807495117188,
            10.656425476074219,
            8.708161354064941,
            7.51389217376709,
            6.851415157318115
        ],
        "val_loss": [
            12.671360969543457,
            10.411954879760742,
            8.632499694824219,
            7.320227146148682,
            6.5839924812316895,
            6.157678604125977
        ]
    },
    "Consenso": {
        "val_loss": [
            6.328620910644531
        ]
    }
}