{
    "Federated": {
        "loss": [
            2.2680492401123047,
            1.571777105331421,
            1.1227654218673706,
            1.1152358055114746,
            1.0812945365905762,
            1.083030104637146
        ],
        "val_loss": [
            1.146492600440979,
            1.0990747213363647,
            0.9577573537826538,
            0.9445702433586121,
            0.9738537073135376,
            0.9602314829826355
        ]
    },
    "Consenso": {
        "val_loss": [
            7.508799076080322
        ]
    }
}