{
    "Federated": {
        "loss": [
            3.467890977859497,
            2.648991584777832,
            1.3770869970321655,
            1.2043676376342773,
            1.1657202243804932,
            1.2012102603912354
        ],
        "val_loss": [
            5.469037055969238,
            5.657395362854004,
            3.6597092151641846,
            3.124002456665039,
            2.904444932937622,
            2.6205475330352783
        ]
    },
    "Consenso": {
        "val_loss": [
            7.924584865570068
        ]
    }
}