{
    "Federated": {
        "loss": [
            12.130898475646973,
            8.224813461303711,
            4.83862829208374,
            3.9641377925872803,
            3.545124053955078,
            3.3190698623657227
        ],
        "val_loss": [
            7.150148868560791,
            4.54709529876709,
            3.470168352127075,
            3.1581411361694336,
            3.0472302436828613,
            2.9427316188812256
        ]
    },
    "Consenso": {
        "val_loss": [
            6.3610382080078125
        ]
    }
}