{
    "Federated": {
        "loss": [
            29.698572158813477,
            25.856891632080078,
            17.02435302734375,
            15.047890663146973,
            13.521017074584961,
            12.329878807067871
        ],
        "val_loss": [
            20.27448272705078,
            15.916929244995117,
            14.10434341430664,
            12.441285133361816,
            11.222249984741211,
            10.272701263427734
        ]
    },
    "Consenso": {
        "val_loss": [
            6.394162178039551
        ]
    }
}