{
    "Federated": {
        "loss": [
            2.310760736465454,
            1.7216854095458984,
            1.1053376197814941,
            1.1060131788253784,
            1.0667808055877686,
            1.0436458587646484
        ],
        "val_loss": [
            1.2168899774551392,
            0.9406185150146484,
            0.8920004963874817,
            0.8684980273246765,
            0.8704849481582642,
            0.8795435428619385
        ]
    },
    "Consenso": {
        "val_loss": [
            7.033466815948486
        ]
    }
}