{
    "Federated": {
        "loss": [
            1,
            58.60264587402344,
            53.509613037109375,
            49.52101135253906,
            46.68546676635742,
            44.7362060546875
        ],
        "val_loss": [
            47.905479431152344,
            47.80144500732422,
            42.891700744628906,
            39.958683013916016,
            38.09978103637695,
            36.98223114013672
        ],
        "loss_consensus_local": [
            58.44184112548828,
            53.859840393066406,
            48.73698806762695,
            44.62782669067383,
            41.65060806274414,
            39.64336395263672
        ],
        "loss_consensus_global": [
            33.435707092285156,
            29.251678466796875,
            25.068714141845703,
            22.322063446044922,
            21.02145767211914,
            20.942399978637695
        ]
    },
    "No Federated (Local)": {
        "loss": [
            61.621219635009766,
            48.73945999145508,
            43.28993606567383,
            41.44989776611328,
            40.68548583984375,
            39.96275329589844
        ],
        "val_loss": [
            47.91344451904297,
            1,
            36.36579513549805,
            35.72721481323242,
            35.246673583984375,
            34.51506423950195
        ]
    }
}