{
    "Federated": {
        "loss": [
            2,
            31.997255325317383,
            28.172142028808594,
            25.394376754760742,
            23.674861907958984,
            22.728862762451172
        ],
        "val_loss": [
            21.31133270263672,
            20.695669174194336,
            19.776254653930664,
            19.698139190673828,
            19.817461013793945,
            19.9284610748291
        ],
        "loss_consensus_local": [
            27.859811782836914,
            24.287254333496094,
            21.453344345092773,
            20.024621963500977,
            19.6097469329834,
            19.67533302307129
        ],
        "loss_consensus_global": [
            33.435707092285156,
            29.251678466796875,
            25.068714141845703,
            22.322063446044922,
            21.02145767211914,
            20.942399978637695
        ]
    },
    "No Federated (Local)": {
        "loss": [
            33.197513580322266,
            25.05204963684082,
            24.016504287719727,
            23.810503005981445,
            23.2064151763916,
            22.676149368286133
        ],
        "val_loss": [
            21.311525344848633,
            1,
            23.11106300354004,
            22.284832000732422,
            20.89997673034668,
            19.870635986328125
        ]
    }
}