{
    "Federated": {
        "loss": [
            3,
            12.192760467529297,
            9.546433448791504,
            8.492843627929688,
            8.18616771697998,
            8.250304222106934
        ],
        "val_loss": [
            7.618350505828857,
            6.790062427520752,
            7.230729103088379,
            7.627297878265381,
            7.771170139312744,
            7.753994464874268
        ],
        "loss_consensus_local": [
            10.97270679473877,
            8.138826370239258,
            6.86126184463501,
            7.415582656860352,
            8.756939888000488,
            10.310755729675293
        ],
        "loss_consensus_global": [
            33.598106384277344,
            29.12131118774414,
            24.91497802734375,
            22.2099609375,
            21.002586364746094,
            20.951242446899414
        ]
    },
    "No Federated (Local)": {
        "loss": [
            14.263130187988281,
            9.368995666503906,
            8.599517822265625,
            7.28767204284668,
            6.481245517730713,
            5.782092571258545
        ],
        "val_loss": [
            7.622670650482178,
            1,
            7.669127464294434,
            5.683408737182617,
            5.082710266113281,
            5.084934711456299
        ]
    }
}