{
    "Federated": {
        "loss": [
            4,
            35.23649597167969,
            31.16558074951172,
            28.171993255615234,
            26.430761337280273,
            25.400104522705078
        ],
        "val_loss": [
            24.55329704284668,
            25.77017593383789,
            23.26888656616211,
            22.004743576049805,
            21.463726043701172,
            21.219160079956055
        ],
        "loss_consensus_local": [
            34.3367805480957,
            29.962867736816406,
            26.015090942382812,
            23.631513595581055,
            22.31864356994629,
            21.6328182220459
        ],
        "loss_consensus_global": [
            33.339107513427734,
            28.817678451538086,
            24.611003875732422,
            21.998170852661133,
            20.968101501464844,
            20.973596572875977
        ]
    },
    "No Federated (Local)": {
        "loss": [
            36.69811248779297,
            26.40154266357422,
            23.363679885864258,
            22.2020206451416,
            21.165756225585938,
            20.026987075805664
        ],
        "val_loss": [
            24.553312301635742,
            1,
            20.063627243041992,
            19.586933135986328,
            18.460220336914062,
            17.187889099121094
        ]
    }
}