{
    "ML (Local)": {
        "loss": [
            20.635807037353516,
            12.231897354125977,
            8.816659927368164,
            7.056911468505859,
            5.943878173828125,
            5.229633808135986
        ],
        "val_loss": [
            10.758255958557129,
            6.525984287261963,
            4.935299873352051,
            4.116567611694336,
            3.6340012550354004,
            3.3018577098846436
        ]
    }
}