{
    "Federated": {
        "loss": [
            33.67164993286133,
            32.18888854980469,
            28.414121627807617,
            25.05484390258789,
            22.41318130493164,
            20.218873977661133
        ],
        "val_loss": [
            21.258132934570312,
            18.08578872680664,
            18.4510498046875,
            17.327075958251953,
            16.182424545288086,
            14.873743057250977
        ],
        "loss_consensus_local": [
            57.76642990112305,
            45.49809646606445,
            34.569156646728516,
            27.175954818725586,
            22.404687881469727,
            19.36357879638672
        ],
        "loss_consensus_global": [
            33.02751922607422,
            23.767845153808594,
            15.997986793518066,
            11.211540222167969,
            9.298812866210938,
            8.199305534362793
        ]
    },
    "No Federated (Local)": {
        "loss": [
            33.697303771972656,
            22.383943557739258,
            19.745197296142578,
            18.113645553588867,
            16.80670738220215,
            15.723620414733887
        ],
        "val_loss": [
            21.37168312072754,
            18.086252212524414,
            16.416980743408203,
            15.105291366577148,
            14.00025749206543,
            13.107977867126465
        ]
    }
}