{
    "Federated": {
        "loss": [
            19.42728614807129,
            13.390287399291992,
            9.87155532836914,
            6.912530899047852,
            5.426534175872803,
            4.582080364227295
        ],
        "val_loss": [
            10.790139198303223,
            7.521470546722412,
            6.027667045593262,
            4.987120151519775,
            4.371491432189941,
            3.9136621952056885
        ],
        "loss_consensus_local": [
            27.876209259033203,
            16.615503311157227,
            9.886006355285645,
            7.670000076293945,
            6.884182453155518,
            6.445263862609863
        ],
        "loss_consensus_global": [
            26.849849700927734,
            15.704080581665039,
            11.296815872192383,
            9.938996315002441,
            9.325417518615723,
            8.73877239227295
        ]
    },
    "No Federated (Local)": {
        "loss": [
            19.29164695739746,
            9.726848602294922,
            7.2214508056640625,
            6.492308139801025,
            5.932143211364746,
            5.379608631134033
        ],
        "val_loss": [
            10.839665412902832,
            7.353715419769287,
            6.880108833312988,
            6.426383972167969,
            5.858366012573242,
            5.2650322914123535
        ]
    }
}