{
    "Federated": {
        "loss": [
            37.452980041503906,
            33.05221176147461,
            31.770286560058594,
            30.614850997924805,
            29.509227752685547,
            28.651065826416016
        ],
        "val_loss": [
            25.562599182128906,
            23.04060935974121,
            22.30409812927246,
            21.69671058654785,
            21.26967430114746,
            20.763639450073242
        ],
        "loss_consensus_local": [
            45.1290168762207,
            40.48652267456055,
            36.68440628051758,
            33.949188232421875,
            31.946563720703125,
            30.539926528930664
        ],
        "loss_consensus_global": [
            22.521604537963867,
            19.42467498779297,
            17.729394912719727,
            17.50347900390625,
            17.847911834716797,
            18.194849014282227
        ]
    },
    "No Federated (Local)": {
        "loss": [
            37.326072692871094,
            25.810800552368164,
            21.4495849609375,
            19.125545501708984,
            17.61465835571289,
            16.526601791381836
        ],
        "val_loss": [
            25.474706649780273,
            19.920196533203125,
            17.534318923950195,
            16.0491886138916,
            14.955706596374512,
            14.1561279296875
        ]
    }
}