{
    "Federated": {
        "loss": [
            16.848432540893555,
            12.142597198486328,
            8.937858581542969,
            6.459552764892578,
            5.3244948387146,
            4.695138454437256
        ],
        "val_loss": [
            8.832987785339355,
            4.7241973876953125,
            4.595566749572754,
            4.1266679763793945,
            3.7530677318573,
            3.509492874145508
        ],
        "loss_consensus_local": [
            22.618135452270508,
            14.269693374633789,
            8.041943550109863,
            5.337624549865723,
            4.291796684265137,
            3.8695242404937744
        ],
        "loss_consensus_global": [
            27.066171646118164,
            17.452728271484375,
            10.37159538269043,
            8.07686996459961,
            7.031537055969238,
            6.665348052978516
        ]
    },
    "No Federated (Local)": {
        "loss": [
            16.925670623779297,
            8.580060958862305,
            6.261502265930176,
            5.383295059204102,
            4.987489223480225,
            4.749667167663574
        ],
        "val_loss": [
            8.844581604003906,
            5.525139808654785,
            4.488858699798584,
            4.151400566101074,
            3.960603713989258,
            3.870342254638672
        ]
    }
}