{
    "Federated": {
        "loss": [
            4.917825222015381,
            3.4244112968444824,
            2.0587077140808105,
            1.5727953910827637,
            1.610927700996399,
            1.6949551105499268
        ],
        "val_loss": [
            2.581211805343628,
            1.9311063289642334,
            1.836606502532959,
            1.7759355306625366,
            1.760303258895874,
            1.7572029829025269
        ],
        "loss_consensus_local": [
            6.857097625732422,
            3.353083610534668,
            1.896116018295288,
            2.415766477584839,
            2.8303093910217285,
            2.961714029312134
        ],
        "loss_consensus_global": [
            27.019046783447266,
            17.016448974609375,
            10.121476173400879,
            8.00340747833252,
            6.996835231781006,
            6.654717445373535
        ]
    },
    "No Federated (Local)": {
        "loss": [
            4.894448280334473,
            1.8828072547912598,
            1.5599968433380127,
            1.493712306022644,
            1.4735405445098877,
            1.4562371969223022
        ],
        "val_loss": [
            2.5637106895446777,
            1.9035546779632568,
            1.7862664461135864,
            1.7180569171905518,
            1.693015217781067,
            1.7090446949005127
        ]
    }
}