{
    "Federated": {
        "loss": [
            18.36333167552948,
            15.064466118812561,
            11.805571436882019,
            9.347327947616577,
            8.178157597780228,
            7.489395916461945
        ],
        "val_loss": [
            10.489058911800385,
            7.967143356800079,
            7.692059278488159,
            7.001866787672043,
            6.556124567985535,
            6.2179844081401825
        ],
        "loss_consensus_local": [
            27.31518316268921,
            18.045997381210327,
            11.468676507472992,
            8.76327794790268,
            7.629108905792236,
            7.05840265750885
        ],
        "loss_consensus_global": [
            26.86582040786743,
            16.991670608520508,
            10.141691446304321,
            8.00500738620758,
            6.998396158218384,
            6.654910564422607
        ]
    },
    "No Federated (Local)": {
        "loss": [
            18.34949803352356,
            9.720162987709045,
            7.252964794635773,
            6.087693780660629,
            5.355963289737701,
            4.843237966299057
        ],
        "val_loss": [
            10.453851580619812,
            7.195372521877289,
            6.0124020874500275,
            5.293274104595184,
            4.805954247713089,
            4.428633391857147
        ]
    }
}