{
    "Federated": {
        "loss": [
            4.7938551902771,
            2.8988232612609863,
            2.090653657913208,
            1.741067886352539,
            1.5968085527420044,
            1.5259803533554077
        ],
        "val_loss": [
            13.931800842285156,
            13.004293441772461,
            10.467419624328613,
            8.247373580932617,
            6.601067066192627,
            5.500711441040039
        ],
        "loss_consensus_local": [
            27.425756454467773,
            17.34856414794922,
            10.943023681640625,
            7.453509330749512,
            5.794242858886719,
            5.025657653808594
        ],
        "loss_consensus_global": [
            27.425756454467773,
            17.34856414794922,
            10.943023681640625,
            7.453509330749512,
            5.794242858886719,
            5.025657653808594
        ]
    },
    "No Federated (Local)": {
        "loss": [
            4.8228559494018555,
            1.813666820526123,
            1.6252609491348267,
            1.5449484586715698,
            1.4941394329071045,
            1.4602642059326172
        ],
        "val_loss": [
            14.063863754272461,
            12.522612571716309,
            11.973837852478027,
            11.710761070251465,
            11.481529235839844,
            11.187790870666504
        ]
    }
}