{
    "Federated": {
        "loss": [
            17.779010772705078,
            8.862330436706543,
            5.806585311889648,
            4.1059184074401855,
            3.249584436416626,
            2.908318042755127
        ],
        "val_loss": [
            12.250204086303711,
            6.145931720733643,
            5.853808879852295,
            5.42511510848999,
            5.022396087646484,
            4.79802942276001
        ],
        "loss_consensus_local": [
            27.8295955657959,
            16.445741653442383,
            10.396907806396484,
            7.202956199645996,
            5.717745780944824,
            5.015072345733643
        ],
        "loss_consensus_global": [
            27.8295955657959,
            16.445741653442383,
            10.396907806396484,
            7.202956199645996,
            5.717745780944824,
            5.015072345733643
        ]
    },
    "No Federated (Local)": {
        "loss": [
            17.935523986816406,
            8.817593574523926,
            6.594870567321777,
            5.442213535308838,
            4.66975212097168,
            4.1277079582214355
        ],
        "val_loss": [
            12.409682273864746,
            9.359285354614258,
            7.9568257331848145,
            7.085331439971924,
            6.4063591957092285,
            5.844762325286865
        ]
    }
}