{
    "Federated": {
        "loss": [
            36.304466247558594,
            28.769636154174805,
            23.953266143798828,
            22.093690872192383,
            20.99523162841797,
            20.335548400878906,
            19.818700790405273,
            19.70454216003418,
            19.705842971801758,
            19.822715759277344,
            20.013723373413086
        ],
        "val_loss": [
            23.924951553344727,
            18.167476654052734,
            17.528841018676758,
            16.431537628173828,
            15.384992599487305,
            14.604133605957031,
            14.040934562683105,
            13.783514976501465,
            13.626444816589355,
            13.603188514709473,
            13.713885307312012
        ]
    },
    "Consenso": {
        "val_loss": [
            7.1490278244018555
        ]
    }
}