{
    "Federated": {
        "loss": [
            3.8718557357788086,
            3.5354113578796387,
            1.9913328886032104,
            1.5550180673599243,
            1.357575535774231,
            1.280949592590332,
            1.2250365018844604,
            1.1700950860977173,
            1.1340513229370117,
            1.093112826347351,
            1.0640466213226318
        ],
        "val_loss": [
            11.70578384399414,
            10.135011672973633,
            7.677070140838623,
            5.87880277633667,
            5.2448272705078125,
            4.714200973510742,
            4.218714714050293,
            3.8702950477600098,
            3.786552667617798,
            3.465834617614746,
            3.263416051864624
        ]
    },
    "Consenso": {
        "val_loss": [
            5.131529808044434
        ]
    }
}