{
    "Federated": {
        "loss": [
            4.321728229522705,
            3.1659328937530518,
            1.6916662454605103,
            1.3542370796203613,
            1.2880696058273315,
            1.305835247039795,
            1.2919352054595947,
            1.2645976543426514,
            1.241506814956665,
            1.225243330001831,
            1.225607991218567
        ],
        "val_loss": [
            1.9035515785217285,
            1.4546819925308228,
            1.1652841567993164,
            1.096103549003601,
            1.098504900932312,
            1.0869884490966797,
            1.0861833095550537,
            1.0746937990188599,
            1.0809131860733032,
            1.072696566581726,
            1.0893138647079468
        ]
    },
    "Consenso": {
        "val_loss": [
            4.89431619644165
        ]
    }
}