{
    "Federated": {
        "loss": [
            7.89841365814209,
            7.441470623016357,
            2.9024031162261963,
            2.0904510021209717,
            1.8060282468795776,
            1.736299991607666,
            1.694804310798645,
            1.6478350162506104,
            1.6167088747024536,
            1.6055539846420288,
            1.5812005996704102
        ],
        "val_loss": [
            4.2096734046936035,
            3.7711849212646484,
            2.629424810409546,
            2.2410905361175537,
            2.2230803966522217,
            2.153954267501831,
            2.116398811340332,
            2.077305555343628,
            2.0761890411376953,
            2.0510246753692627,
            2.0436975955963135
        ]
    },
    "Consenso": {
        "val_loss": [
            4.8027448654174805
        ]
    }
}