{
    "Federated": {
        "loss": [
            2.6709201335906982,
            2.03159236907959,
            1.8158669471740723,
            2.2617249488830566,
            2.6404340267181396,
            2.9604692459106445,
            3.1680917739868164,
            3.3086185455322266,
            3.3349592685699463,
            3.360508680343628,
            3.3503525257110596
        ],
        "val_loss": [
            1.5162395238876343,
            1.4621429443359375,
            1.506432056427002,
            1.4827638864517212,
            1.5373022556304932,
            1.6193557977676392,
            1.6841585636138916,
            1.73976469039917,
            1.789117693901062,
            1.80121648311615,
            1.8144491910934448
        ]
    },
    "Consenso": {
        "val_loss": [
            16.161882400512695
        ]
    }
}