{
    "Federated": {
        "loss": [
            7.859292984008789,
            7.00340461730957,
            3.4441912174224854,
            2.5760676860809326,
            2.2500827312469482,
            2.144134759902954,
            2.0673537254333496,
            2.0122151374816895,
            1.9650437831878662,
            1.9307489395141602,
            1.9135855436325073
        ],
        "val_loss": [
            3.557185649871826,
            3.108548879623413,
            2.081575393676758,
            1.8548957109451294,
            1.7626428604125977,
            1.6973072290420532,
            1.6773594617843628,
            1.6304534673690796,
            1.5903701782226562,
            1.5783872604370117,
            1.5680601596832275
        ]
    },
    "Consenso": {
        "val_loss": [
            4.569114685058594
        ]
    }
}