{
    "Federated": {
        "loss": [
            2.5008533000946045,
            2.3157799243927,
            1.5928674936294556,
            1.3443533182144165,
            1.2895166873931885,
            1.3020484447479248,
            1.2890015840530396,
            1.2655998468399048,
            1.2511394023895264,
            1.2453540563583374,
            1.229720950126648
        ],
        "val_loss": [
            1.2451817989349365,
            1.247787356376648,
            1.0577600002288818,
            1.0443321466445923,
            1.0505269765853882,
            1.0495429039001465,
            1.0507458448410034,
            1.038821816444397,
            1.0551526546478271,
            1.0368494987487793,
            1.0653051137924194
        ]
    },
    "Consenso": {
        "val_loss": [
            4.808270454406738
        ]
    }
}