{
    "Federated": {
        "loss": [
            87.14175415039062,
            77.9729995727539,
            70.70804595947266,
            67.64811706542969,
            65.5688705444336,
            64.10200500488281,
            63.09070587158203,
            62.50196075439453,
            62.18051528930664,
            61.97854232788086,
            61.95778274536133
        ],
        "val_loss": [
            46.81632614135742,
            38.270259857177734,
            36.60071563720703,
            34.663963317871094,
            32.58819580078125,
            31.517070770263672,
            30.859952926635742,
            30.140361785888672,
            30.109039306640625,
            30.196569442749023,
            29.728404998779297
        ]
    },
    "Consenso": {
        "val_loss": [
            11.868215560913086
        ]
    }
}