{
    "Federated": {
        "loss": [
            1.2716492414474487,
            0.849593997001648,
            1.020116925239563,
            1.1075447797775269,
            1.1199159622192383,
            1.15162193775177,
            1.1560511589050293,
            1.2187155485153198,
            1.202734112739563,
            1.1827465295791626,
            1.1618919372558594
        ],
        "val_loss": [
            0.7913013696670532,
            0.7827127575874329,
            0.8495069742202759,
            0.872390866279602,
            0.8636670708656311,
            0.8881263732910156,
            0.8891258835792542,
            0.8980035185813904,
            0.8865072727203369,
            0.8793545365333557,
            0.8643301725387573
        ]
    },
    "Consenso": {
        "val_loss": [
            9.602932929992676
        ]
    }
}