{
    "Federated": {
        "loss": [
            5.316040515899658,
            5.431181907653809,
            2.398678779602051,
            1.798785924911499,
            1.6198573112487793,
            1.5894944667816162,
            1.5490992069244385,
            1.5019530057907104,
            1.4750362634658813,
            1.453879714012146,
            1.4453989267349243
        ],
        "val_loss": [
            2.476311445236206,
            2.6675379276275635,
            1.804443120956421,
            1.615126132965088,
            1.5540896654129028,
            1.535523772239685,
            1.5067347288131714,
            1.489806056022644,
            1.50522780418396,
            1.4796342849731445,
            1.4755842685699463
        ]
    },
    "Consenso": {
        "val_loss": [
            4.959240436553955
        ]
    }
}