{
    "Federated": {
        "loss": [
            22.06209945678711,
            19.191791534423828,
            9.413188934326172,
            7.299306869506836,
            5.8779802322387695,
            5.16887092590332,
            4.769465446472168,
            4.499576091766357,
            4.267492294311523,
            4.080624580383301,
            3.933281660079956
        ],
        "val_loss": [
            13.319247245788574,
            10.079828262329102,
            7.417228698730469,
            5.735482692718506,
            4.8285722732543945,
            4.444736480712891,
            4.2713942527771,
            4.09326696395874,
            3.9522128105163574,
            3.8291289806365967,
            3.7357733249664307
        ]
    },
    "Consenso": {
        "val_loss": [
            4.01708984375
        ]
    }
}