{
    "Federated": {
        "loss": [
            14.123169115945405,
            12.061168767073575,
            8.153071527387581,
            7.13360819162107,
            6.560355196980869,
            6.26482147212122,
            6.056656535934,
            5.929592586031147,
            5.819302267888013,
            5.736642261346181,
            5.671650178292218
        ],
        "val_loss": [
            9.560905559390198,
            8.048313964815701,
            6.686465418806263,
            5.800129798113131,
            5.301278178598366,
            5.005875077902102,
            4.768247453605428,
            4.608664830525716,
            4.505322709971783,
            4.431606764886894,
            4.355522269127416
        ]
    },
    "Consenso": {
        "val_loss": [
            6.052567266950421
        ]
    }
}