{
    "Federated": {
        "loss": [
            4.884832382202148,
            3.3306829929351807,
            2.084031343460083,
            2.064037799835205,
            2.0813307762145996,
            2.1449358463287354,
            2.1723787784576416,
            2.2939064502716064,
            2.3099634647369385,
            2.408477783203125,
            2.420945882797241
        ],
        "val_loss": [
            2.4766831398010254,
            2.303144693374634,
            2.192171096801758,
            2.1015446186065674,
            2.0365538597106934,
            2.019737720489502,
            2.025594472885132,
            2.045590400695801,
            2.060065746307373,
            2.0676939487457275,
            2.0990171432495117
        ]
    },
    "Consenso": {
        "val_loss": [
            7.560776233673096
        ]
    }
}