{
    "Federated": {
        "loss": [
            21.414222717285156,
            20.591846466064453,
            10.869617462158203,
            8.410303115844727,
            6.86807107925415,
            6.090756416320801,
            5.623477935791016,
            5.304351329803467,
            5.050502300262451,
            4.830801010131836,
            4.665503025054932
        ],
        "val_loss": [
            12.74487590789795,
            11.126774787902832,
            8.624088287353516,
            6.705660820007324,
            5.718994140625,
            5.322970390319824,
            5.043100833892822,
            4.870361328125,
            4.68615198135376,
            4.528934478759766,
            4.460968971252441
        ]
    },
    "Consenso": {
        "val_loss": [
            4.081450462341309
        ]
    }
}