{
    "Federated": {
        "loss": [
            3.8861448764801025,
            4.135056972503662,
            1.8367486000061035,
            1.5478789806365967,
            1.4291636943817139,
            1.4155625104904175,
            1.405847191810608,
            1.4022623300552368,
            1.393500804901123,
            1.371336817741394,
            1.3440278768539429
        ],
        "val_loss": [
            1.9550037384033203,
            2.2944445610046387,
            1.7538491487503052,
            1.6112370491027832,
            1.5694012641906738,
            1.54933762550354,
            1.5400432348251343,
            1.5195988416671753,
            1.5083009004592896,
            1.508225440979004,
            1.5015690326690674
        ]
    },
    "Consenso": {
        "val_loss": [
            5.422582626342773
        ]
    }
}