{
    "Federated": {
        "loss": [
            1.9730305671691895,
            1.3160945177078247,
            1.3288310766220093,
            1.3911415338516235,
            1.3960652351379395,
            1.4330205917358398,
            1.4759938716888428,
            1.5098954439163208,
            1.504575252532959,
            1.48259699344635,
            1.479477882385254
        ],
        "val_loss": [
            1.0211849212646484,
            1.0332868099212646,
            1.0016521215438843,
            0.9925030469894409,
            1.0104233026504517,
            1.039566993713379,
            1.056115984916687,
            1.0631037950515747,
            1.0565685033798218,
            1.0623149871826172,
            1.0480499267578125
        ]
    },
    "Consenso": {
        "val_loss": [
            9.060399055480957
        ]
    }
}