{
    "Federated": {
        "loss": [
            19.374906063079834,
            12.359376788139343,
            10.171851992607117,
            7.596926331520081,
            6.430225610733032,
            5.939043939113617
        ],
        "val_loss": [
            13.977775573730469,
            8.230115413665771,
            7.490621328353882,
            6.686442971229553,
            6.2931095361709595,
            6.0784372091293335
        ],
        "loss_consensus_local": [
            38.81442165374756,
            24.04985284805298,
            14.946154832839966,
            9.473169326782227,
            7.022322416305542,
            6.097360968589783
        ],
        "loss_consensus_global": [
            38.81442165374756,
            24.04985284805298,
            14.946154832839966,
            9.473169326782227,
            7.022322416305542,
            6.097360968589783
        ]
    },
    "No Federated (Local)": {
        "loss": [
            19.359728932380676,
            11.544944375753403,
            9.363294035196304,
            8.314576864242554,
            7.6556989550590515,
            7.152461498975754
        ],
        "val_loss": [
            14.028350591659546,
            10.922356963157654,
            9.6908358335495,
            9.02087688446045,
            8.462240099906921,
            8.06885027885437
        ]
    }
}