{
    "Federated": {
        "loss": [
            24.242454528808594,
            20.69127655029297,
            12.699135780334473,
            10.621391296386719,
            9.07067584991455,
            7.998199462890625
        ],
        "val_loss": [
            16.134065628051758,
            11.387235641479492,
            9.413056373596191,
            8.055662155151367,
            7.059577941894531,
            6.30402946472168
        ]
    },
    "Consenso": {
        "val_loss": [
            5.206887722015381
        ]
    }
}