{
    "Federated": {
        "loss": [
            0.556041419506073,
            0.5012211203575134,
            0.4022882878780365,
            0.4145340621471405,
            0.39030832052230835,
            0.38343745470046997
        ],
        "val_loss": [
            1.4744210243225098,
            1.5488545894622803,
            1.0700433254241943,
            1.1638084650039673,
            1.087700605392456,
            1.1137725114822388
        ]
    },
    "Consenso": {
        "val_loss": [
            7.948518753051758
        ]
    }
}