{
    "Federated": {
        "loss": [
            2.2152211666107178,
            1.9907618761062622,
            1.1430673599243164,
            1.0356134176254272,
            0.9989782571792603,
            0.9994771480560303
        ],
        "val_loss": [
            1.24635910987854,
            1.2204476594924927,
            1.0918991565704346,
            1.0832607746124268,
            1.108144760131836,
            1.100193738937378
        ]
    },
    "Consenso": {
        "val_loss": [
            6.983397006988525
        ]
    }
}