{
    "Federated": {
        "loss": [
            12.47511100769043,
            11.26513385772705,
            5.9299211502075195,
            4.772988319396973,
            4.01592493057251,
            3.5870349407196045
        ],
        "val_loss": [
            6.868350982666016,
            5.789167404174805,
            4.944531440734863,
            3.9285967350006104,
            3.4825916290283203,
            3.144986867904663
        ]
    },
    "Consenso": {
        "val_loss": [
            6.823575019836426
        ]
    }
}