{
    "Federated": {
        "loss": [
            2.4113681316375732,
            2.2481138706207275,
            1.3598518371582031,
            1.3115875720977783,
            1.2571938037872314,
            1.2275769710540771
        ],
        "val_loss": [
            1.2590878009796143,
            1.1201781034469604,
            1.0553933382034302,
            1.0079290866851807,
            0.9859715700149536,
            0.9865336418151855
        ]
    },
    "Consenso": {
        "val_loss": [
            8.506479263305664
        ]
    }
}