{
    "Federated": {
        "loss": [
            88.35047912597656,
            82.27007293701172,
            73.29163360595703,
            69.39472961425781,
            66.75022888183594,
            64.5293197631836
        ],
        "val_loss": [
            49.548343658447266,
            46.742515563964844,
            37.613346099853516,
            36.327919006347656,
            34.11689758300781,
            32.3674201965332
        ]
    },
    "Consenso": {
        "val_loss": [
            13.14183521270752
        ]
    }
}