{
    "Federated": {
        "loss": [
            6.494455814361572,
            5.600333213806152,
            2.9929897785186768,
            2.477513074874878,
            2.1293063163757324,
            1.8813064098358154
        ],
        "val_loss": [
            3.5396676063537598,
            3.237851858139038,
            2.857095956802368,
            2.4575462341308594,
            2.3441107273101807,
            2.0895957946777344
        ]
    },
    "Consenso": {
        "val_loss": [
            7.006889343261719
        ]
    }
}