{
    "Federated": {
        "loss": [
            23.023418426513672,
            19.88392448425293,
            12.273396492004395,
            10.637799263000488,
            9.451501846313477,
            8.538793563842773
        ],
        "val_loss": [
            14.872514724731445,
            11.211353302001953,
            10.199202537536621,
            9.225425720214844,
            8.14890193939209,
            7.444547653198242
        ]
    },
    "Consenso": {
        "val_loss": [
            7.367119312286377
        ]
    }
}