{
    "Federated": {
        "loss": [
            20.868181228637695,
            18.78409194946289,
            11.932415008544922,
            10.20429515838623,
            8.961564064025879,
            7.979272365570068
        ],
        "val_loss": [
            13.557557106018066,
            12.783066749572754,
            10.110600471496582,
            9.226828575134277,
            8.224654197692871,
            7.411391258239746
        ]
    },
    "Consenso": {
        "val_loss": [
            6.655117988586426
        ]
    }
}