{
    "Federated": {
        "loss": [
            13.97987574338913,
            12.437273152903014,
            8.333385292805877,
            7.351734080151016,
            6.686452333833657,
            6.217411110214159
        ],
        "val_loss": [
            9.506800278729083,
            8.184723156339983,
            6.903332529114742,
            6.180670054519878,
            5.668984840897953,
            5.301596671927209
        ]
    },
    "Consenso": {
        "val_loss": [
            7.286933842827292
        ]
    }
}