{
    "Federated": {
        "loss": [
            19.908920288085938,
            16.26559066772461,
            11.420073509216309,
            9.773422241210938,
            8.698166847229004,
            7.9650750160217285
        ],
        "val_loss": [
            55.654884338378906,
            44.5835075378418,
            38.56911087036133,
            33.8987922668457,
            30.530439376831055,
            28.667016983032227
        ]
    },
    "Consenso": {
        "val_loss": [
            4.812287330627441
        ]
    }
}