{
    "Federated": {
        "loss": [
            2.077587604522705,
            1.8148880004882812,
            1.1676373481750488,
            1.174026370048523,
            1.1163653135299683,
            1.1044412851333618
        ],
        "val_loss": [
            1.138968825340271,
            1.0972243547439575,
            0.9496152997016907,
            0.9463329911231995,
            0.9500502347946167,
            0.9611319303512573
        ]
    },
    "Consenso": {
        "val_loss": [
            8.560715675354004
        ]
    }
}