{
    "Federated": {
        "loss": [
            3.487617254257202,
            2.9823696613311768,
            1.4894746541976929,
            1.3290355205535889,
            1.2196249961853027,
            1.2097885608673096
        ],
        "val_loss": [
            5.991753101348877,
            5.510517120361328,
            4.3015875816345215,
            3.5526282787323,
            3.1879630088806152,
            2.9516611099243164
        ]
    },
    "Consenso": {
        "val_loss": [
            8.546384811401367
        ]
    }
}