{
    "Federated": {
        "loss": [
            14.124857902526855,
            12.011204719543457,
            6.547821521759033,
            5.034125328063965,
            4.157304763793945,
            3.6524622440338135
        ],
        "val_loss": [
            6.395406246185303,
            5.473751068115234,
            4.112705707550049,
            3.3422510623931885,
            3.108135223388672,
            2.8458406925201416
        ]
    },
    "Consenso": {
        "val_loss": [
            5.160517692565918
        ]
    }
}