{
    "Federated": {
        "loss": [
            18.744664430618286,
            11.843468368053436,
            8.086160361766815,
            6.245837092399597,
            5.404618978500366,
            4.954084545373917
        ],
        "val_loss": [
            13.48500370979309,
            8.482497096061707,
            7.090176343917847,
            6.297200798988342,
            5.8238348960876465,
            5.511762857437134
        ],
        "loss_consensus_local": [
            31.3916597366333,
            19.409392833709717,
            11.742305040359497,
            7.776344299316406,
            5.973389148712158,
            5.241100549697876
        ],
        "loss_consensus_global": [
            31.3916597366333,
            19.409392833709717,
            11.742305040359497,
            7.776344299316406,
            5.973389148712158,
            5.241100549697876
        ]
    },
    "No Federated (Local)": {
        "loss": [
            18.76930582523346,
            10.398846507072449,
            7.860254198312759,
            6.573627799749374,
            5.782609313726425,
            5.225135564804077
        ],
        "val_loss": [
            13.529157638549805,
            10.379876375198364,
            9.057195782661438,
            8.30408251285553,
            7.809807300567627,
            7.496634840965271
        ]
    }
}