{
    "Centralized Individual": {
        "loss": [
            54.140350341796875,
            42.03703689575195,
            39.18808364868164,
            37.78547286987305,
            36.566707611083984,
            35.39144515991211,
            34.25851821899414,
            33.18320083618164,
            32.180660247802734,
            31.252058029174805,
            30.39830780029297,
            29.58637809753418,
            28.830350875854492,
            28.10274887084961,
            27.41255760192871,
            26.746856689453125,
            26.114225387573242,
            25.518980026245117,
            24.919841766357422,
            24.37019920349121,
            23.84874153137207,
            23.334718704223633,
            22.85328483581543,
            22.405866622924805,
            21.9591121673584
        ],
        "val_loss": [
            39.531776428222656,
            35.149070739746094,
            34.0268669128418,
            33.137550354003906,
            32.181549072265625,
            31.27827262878418,
            30.459274291992188,
            29.646915435791016,
            28.954971313476562,
            28.249359130859375,
            27.619327545166016,
            26.99152183532715,
            26.538013458251953,
            25.935684204101562,
            25.397239685058594,
            24.936904907226562,
            24.398073196411133,
            23.978168487548828,
            23.450645446777344,
            23.2344970703125,
            22.699228286743164,
            22.44562339782715,
            21.997806549072266,
            21.608295440673828,
            21.293455123901367
        ],
        "mse": [
            3453.04736328125,
            2471.830078125,
            2180.887451171875,
            2035.1435546875,
            1933.2744140625,
            1837.501708984375,
            1747.4288330078125,
            1669.181640625,
            1584.3211669921875,
            1518.2100830078125,
            1452.8956298828125,
            1395.93212890625,
            1324.8470458984375,
            1278.6357421875,
            1230.5362548828125,
            1180.966064453125,
            1143.57958984375,
            1099.176513671875,
            1072.5198974609375,
            1020.4608764648438,
            996.2754516601562,
            958.7325439453125,
            934.8174438476562,
            912.6121826171875,
            887.2064208984375
        ],
        "mae": [
            39.531776428222656,
            35.149070739746094,
            34.0268669128418,
            33.137550354003906,
            32.181549072265625,
            31.27827262878418,
            30.459274291992188,
            29.646915435791016,
            28.954971313476562,
            28.249359130859375,
            27.619327545166016,
            26.99152183532715,
            26.538013458251953,
            25.935684204101562,
            25.397239685058594,
            24.936904907226562,
            24.398073196411133,
            23.978168487548828,
            23.450645446777344,
            23.2344970703125,
            22.699228286743164,
            22.44562339782715,
            21.997806549072266,
            21.608295440673828,
            21.293455123901367
        ],
        "accuracy": [
            0.0,
            0.0,
            0.0,
            0.0,
            0.0,
            0.0,
            0.0,
            0.0,
            0.0,
            0.0,
            0.0,
            0.0,
            0.0,
            0.0,
            0.0,
            0.0,
            0.0,
            0.0,
            0.0,
            0.0,
            0.0,
            0.0,
            0.0,
            0.0,
            0.0
        ]
    }
}