{
    "Centralized Individual": {
        "loss": [
            40.44636535644531,
            30.065202713012695,
            25.856409072875977,
            23.014404296875,
            20.7691593170166,
            18.916118621826172,
            17.35178565979004,
            16.02854347229004,
            14.916955947875977,
            13.976785659790039,
            13.166645050048828,
            12.434703826904297,
            11.760974884033203,
            11.12777328491211,
            10.522171974182129
        ],
        "val_loss": [
            29.549776077270508,
            24.939245223999023,
            22.100492477416992,
            19.85453987121582,
            17.987899780273438,
            16.480867385864258,
            15.247272491455078,
            14.236366271972656,
            13.345874786376953,
            12.625236511230469,
            11.95605754852295,
            11.401214599609375,
            10.745471954345703,
            10.224305152893066,
            9.743612289428711
        ]
    }
}