{
    "Centralized Individual": {
        "loss": [
            27.341812133789062,
            19.54490852355957,
            18.09746742248535,
            16.959543228149414,
            15.9753999710083,
            15.142770767211914,
            14.44533920288086,
            13.85990047454834,
            13.340847969055176,
            12.889644622802734,
            12.490119934082031,
            12.121853828430176,
            11.799445152282715,
            11.495551109313965,
            11.229901313781738,
            10.983135223388672,
            10.77292537689209,
            10.572916030883789,
            10.386201858520508,
            10.219730377197266,
            10.063344955444336,
            9.916465759277344,
            9.773199081420898,
            9.63929271697998,
            9.527547836303711
        ],
        "val_loss": [
            19.121196746826172,
            18.267871856689453,
            16.98526954650879,
            15.857322692871094,
            14.995438575744629,
            14.214241981506348,
            13.552363395690918,
            13.025668144226074,
            12.49592399597168,
            12.057486534118652,
            11.639357566833496,
            11.264856338500977,
            10.951459884643555,
            10.664847373962402,
            10.42850112915039,
            10.258992195129395,
            10.098505973815918,
            9.898665428161621,
            9.712366104125977,
            9.581292152404785,
            9.481376647949219,
            9.347692489624023,
            9.248985290527344,
            9.128799438476562,
            9.029576301574707
        ],
        "mse": [
            745.9545288085938,
            559.8120727539062,
            498.7440490722656,
            446.2471008300781,
            399.76470947265625,
            365.1019592285156,
            337.25897216796875,
            310.36993408203125,
            291.01031494140625,
            273.3836669921875,
            259.150634765625,
            247.40867614746094,
            235.07443237304688,
            225.9552459716797,
            216.25213623046875,
            208.69412231445312,
            202.89064025878906,
            197.04306030273438,
            191.97642517089844,
            187.64434814453125,
            183.920654296875,
            180.0343780517578,
            176.99160766601562,
            173.4325408935547,
            170.6284637451172
        ],
        "mae": [
            19.121196746826172,
            18.267871856689453,
            16.98526954650879,
            15.857322692871094,
            14.995438575744629,
            14.214241981506348,
            13.552363395690918,
            13.025668144226074,
            12.49592399597168,
            12.057486534118652,
            11.639357566833496,
            11.264856338500977,
            10.951459884643555,
            10.664847373962402,
            10.42850112915039,
            10.258992195129395,
            10.098505973815918,
            9.898665428161621,
            9.712366104125977,
            9.581292152404785,
            9.481376647949219,
            9.347692489624023,
            9.248985290527344,
            9.128799438476562,
            9.029576301574707
        ],
        "accuracy": [
            0.03531073406338692,
            0.04661016911268234,
            0.05720338970422745,
            0.06355932354927063,
            0.06355932354927063,
            0.06285310536623001,
            0.06144067645072937,
            0.05720338970422745,
            0.052966102957725525,
            0.048728812485933304,
            0.04661016911268234,
            0.0416666679084301,
            0.03742937743663788,
            0.0346045196056366,
            0.031073445454239845,
            0.026836158707737923,
            0.025423727929592133,
            0.026129944249987602,
            0.026836158707737923,
            0.026836158707737923,
            0.025423727929592133,
            0.025423727929592133,
            0.02401129901409149,
            0.027542373165488243,
            0.029661016538739204
        ]
    }
}