{
    "Centralized Individual": {
        "loss": [
            27.49268341064453,
            18.82194709777832,
            17.15406608581543,
            15.881650924682617,
            14.83784008026123,
            14.044845581054688,
            13.413457870483398,
            12.911001205444336,
            12.46664810180664,
            12.098736763000488,
            11.745701789855957,
            11.431511878967285,
            11.15523624420166,
            10.894445419311523,
            10.67236042022705,
            10.465442657470703,
            10.288910865783691,
            10.138370513916016,
            9.965011596679688,
            9.840394020080566,
            9.705071449279785,
            9.591211318969727,
            9.469377517700195,
            9.359559059143066,
            9.280229568481445,
            9.16382122039795,
            9.070733070373535,
            8.983165740966797,
            8.893526077270508,
            8.813570976257324,
            8.732007026672363,
            8.651266098022461,
            8.576069831848145,
            8.517537117004395,
            8.444639205932617,
            8.375056266784668,
            8.316911697387695,
            8.249709129333496,
            8.1984281539917,
            8.147286415100098,
            8.095356941223145,
            8.04500961303711,
            7.998286247253418,
            7.952256202697754,
            7.912134647369385,
            7.868927955627441,
            7.831428527832031,
            7.789946556091309,
            7.755030155181885,
            7.738542556762695
        ],
        "val_loss": [
            18.463191986083984,
            17.30794334411621,
            15.970514297485352,
            14.735729217529297,
            13.790057182312012,
            13.0718412399292,
            12.54317569732666,
            12.085774421691895,
            11.743820190429688,
            11.316566467285156,
            10.939580917358398,
            10.66006088256836,
            10.395835876464844,
            10.153181076049805,
            9.963736534118652,
            9.778956413269043,
            9.613893508911133,
            9.498912811279297,
            9.396618843078613,
            9.255654335021973,
            9.151724815368652,
            9.068968772888184,
            8.967829704284668,
            8.881050109863281,
            8.796111106872559,
            8.736040115356445,
            8.645923614501953,
            8.678022384643555,
            8.52430534362793,
            8.467765808105469,
            8.430142402648926,
            8.336932182312012,
            8.372978210449219,
            8.236295700073242,
            8.190954208374023,
            8.144394874572754,
            8.102532386779785,
            8.091572761535645,
            8.025341033935547,
            8.064844131469727,
            7.953369617462158,
            7.909513473510742,
            7.877185344696045,
            7.8416056632995605,
            7.822603702545166,
            7.8110480308532715,
            7.784663200378418,
            7.751680850982666,
            7.710001468658447,
            7.685676574707031
        ],
        "mse": [
            712.8417358398438,
            516.4526977539062,
            443.5396728515625,
            391.50335693359375,
            349.75347900390625,
            320.1007995605469,
            293.26861572265625,
            272.4743347167969,
            255.5751190185547,
            242.8682861328125,
            232.62684631347656,
            222.00271606445312,
            213.40338134765625,
            205.93093872070312,
            199.55369567871094,
            193.81393432617188,
            188.89047241210938,
            184.70127868652344,
            181.5589141845703,
            177.27908325195312,
            174.14784240722656,
            171.9217529296875,
            168.84786987304688,
            166.08184814453125,
            164.2745361328125,
            163.0404052734375,
            160.39064025878906,
            162.1322784423828,
            157.59169006347656,
            156.16456604003906,
            155.83177185058594,
            152.51193237304688,
            154.76104736328125,
            150.1936798095703,
            149.2860565185547,
            148.17584228515625,
            147.09593200683594,
            147.72415161132812,
            145.81362915039062,
            147.7158660888672,
            144.3706512451172,
            142.9128875732422,
            141.09153747558594,
            140.41384887695312,
            141.1614227294922,
            141.4102020263672,
            141.2012939453125,
            140.3471221923828,
            138.06842041015625,
            138.2884521484375
        ],
        "mae": [
            18.46319007873535,
            17.30794334411621,
            15.970514297485352,
            14.735729217529297,
            13.790057182312012,
            13.0718412399292,
            12.54317569732666,
            12.085773468017578,
            11.743820190429688,
            11.316566467285156,
            10.939580917358398,
            10.66006088256836,
            10.395835876464844,
            10.153181076049805,
            9.963736534118652,
            9.778956413269043,
            9.613893508911133,
            9.498912811279297,
            9.396618843078613,
            9.255654335021973,
            9.151724815368652,
            9.068968772888184,
            8.967829704284668,
            8.881050109863281,
            8.796111106872559,
            8.736040115356445,
            8.645923614501953,
            8.678022384643555,
            8.52430534362793,
            8.467765808105469,
            8.430142402648926,
            8.336932182312012,
            8.372978210449219,
            8.236295700073242,
            8.190954208374023,
            8.144394874572754,
            8.102532386779785,
            8.091572761535645,
            8.025341033935547,
            8.064844131469727,
            7.953369617462158,
            7.909513473510742,
            7.877185344696045,
            7.8416056632995605,
            7.822603702545166,
            7.8110480308532715,
            7.784663200378418,
            7.751680850982666,
            7.710001468658447,
            7.685676574707031
        ],