{
    "Centralized Individual": {
        "loss": [
            30.325159072875977,
            21.254663467407227,
            19.026214599609375,
            17.557641983032227,
            16.37049102783203,
            15.394556045532227,
            14.563788414001465,
            13.833544731140137,
            13.179250717163086,
            12.608438491821289,
            12.115124702453613,
            11.676986694335938,
            11.296607971191406,
            10.983460426330566,
            10.724089622497559,
            10.522235870361328,
            10.356489181518555,
            10.226282119750977,
            10.111547470092773,
            10.023065567016602,
            9.943471908569336,
            9.87362003326416,
            9.81809139251709,
            9.765558242797852,
            9.704513549804688,
            9.666563987731934,
            9.62752914428711,
            9.595135688781738,
            9.561365127563477,
            9.514055252075195,
            9.486063957214355,
            9.46084976196289,
            9.425983428955078,
            9.406176567077637,
            9.372775077819824,
            9.347174644470215,
            9.335994720458984,
            9.30816650390625,
            9.279923439025879,
            9.257597923278809,
            9.235113143920898,
            9.211227416992188,
            9.197229385375977,
            9.18001651763916,
            9.156830787658691,
            9.144781112670898,
            9.122220039367676,
            9.115418434143066,
            9.089642524719238,
            9.096637725830078
        ],
        "val_loss": [
            21.05718231201172,
            18.426570892333984,
            17.262746810913086,
            16.093400955200195,
            15.328875541687012,
            14.518449783325195,
            13.975048065185547,
            13.422589302062988,
            12.930181503295898,
            12.51893424987793,
            12.14463996887207,
            11.799118995666504,
            11.594902992248535,
            11.473941802978516,
            11.295852661132812,
            11.227916717529297,
            11.25232219696045,
            11.19279670715332,
            11.03256893157959,
            11.013960838317871,
            11.011138916015625,
            11.070988655090332,
            10.904858589172363,
            10.907123565673828,
            11.012521743774414,
            10.802249908447266,
            10.817984580993652,
            10.803622245788574,
            10.773358345031738,
            10.699247360229492,
            10.776111602783203,
            10.630353927612305,
            10.703400611877441,
            10.58873176574707,
            10.551799774169922,
            10.546300888061523,
            10.523880004882812,
            10.527856826782227,
            10.528697967529297,
            10.473462104797363,
            10.487034797668457,
            10.411712646484375,
            10.430723190307617,
            10.387850761413574,
            10.399694442749023,
            10.412501335144043,
            10.449334144592285,
            10.355945587158203,
            10.302021980285645,
            10.341232299804688
        ],
        "mse": [
            879.3070068359375,
            566.8291625976562,
            476.2041320800781,
            419.7666320800781,
            379.6812438964844,
            347.9364929199219,
            325.9281005859375,
            307.6531677246094,
            293.27374267578125,
            282.28021240234375,
            272.964111328125,
            264.0910949707031,
            261.0653991699219,
            261.2023620605469,
            256.1498718261719,
            256.326904296875,
            262.2674865722656,
            261.9221496582031,
            252.96633911132812,
            255.0135498046875,
            257.8072509765625,
            264.0051574707031,
            254.38853454589844,
            256.8830871582031,
            265.4396057128906,
            252.03842163085938,
            255.4758758544922,
            255.9126739501953,
            255.0823211669922,
            250.2306671142578,
            257.3497009277344,
            247.02432250976562,
            254.5361328125,
            245.79074096679688,
            242.8330841064453,
            244.85585021972656,
            243.5852508544922,
            245.8414306640625,
            246.8208465576172,
            242.9930419921875,
            245.22528076171875,
            238.20753479003906,
            242.389404296875,
            239.42236328125,
            241.4630584716797,
            243.12274169921875,
            246.2670135498047,
            240.18565368652344,
            236.1986083984375,
            240.4026336669922
        ],
        "mae": [
            21.05718231201172,
            18.426570892333984,
            17.262746810913086,
            16.093400955200195,
            15.328875541687012,
            14.518449783325195,
            13.975048065185547,
            13.422589302062988,
            12.930181503295898,
            12.51893424987793,
            12.14463996887207,
            11.799118995666504,
            11.594902992248535,
            11.473941802978516,
            11.295853614807129,
            11.227916717529297,
            11.25232219696045,
            11.192795753479004,
            11.03256893157959,
            11.013960838317871,
            11.011138916015625,
            11.070988655090332,
            10.904858589172363,
            10.907123565673828,
            11.012521743774414,
            10.802249908447266,
            10.817984580993652,
            10.803622245788574,
            10.773358345031738,
            10.699247360229492,
            10.776111602783203,
            10.630353927612305,
            10.703400611877441,
            10.58873176574707,
            10.551799774169922,
            10.546300888061523,
            10.523880004882812,
            10.527856826782227,
            10.528697967529297,
            10.473462104797363,
            10.487034797668457,
            10.411711692810059,
            10.430723190307617,
            10.387850761413574,
            10.399694442749023,
            10.412501335144043,
            10.449334144592285,
            10.355945587158203,
            10.302021980285645,
            10.341232299804688
        ],