{
    "Centralized Individual": {
        "loss": [
            30.408018112182617,
            22.15267562866211,
            20.34782600402832,
            19.116378784179688,
            18.087953567504883,
            17.2082462310791,
            16.449161529541016,
            15.778956413269043,
            15.16876220703125,
            14.618928909301758,
            14.105637550354004,
            13.624395370483398,
            13.165876388549805,
            12.736970901489258,
            12.33642578125,
            11.971776008605957,
            11.64444637298584,
            11.347271919250488,
            11.09231185913086,
            10.871450424194336,
            10.681471824645996,
            10.511432647705078,
            10.370426177978516,
            10.237549781799316,
            10.11701488494873
        ],
        "val_loss": [
            21.502010345458984,
            19.4566707611084,
            18.447599411010742,
            17.454275131225586,
            16.720853805541992,
            16.114852905273438,
            15.46729850769043,
            14.900978088378906,
            14.487456321716309,
            14.216272354125977,
            13.809167861938477,
            13.25283432006836,
            12.940977096557617,
            12.5358247756958,
            12.30309009552002,
            11.993138313293457,
            11.697457313537598,
            11.567506790161133,
            11.51132583618164,
            11.286340713500977,
            11.304561614990234,
            11.155162811279297,
            11.065657615661621,
            11.049078941345215,
            10.972588539123535
        ],
        "mse": [
            898.0610961914062,
            621.8574829101562,
            543.4774169921875,
            490.4420166015625,
            447.6247863769531,
            415.1769104003906,
            388.0809020996094,
            365.2310485839844,
            347.2029113769531,
            336.113037109375,
            322.46441650390625,
            304.2518005371094,
            295.1859436035156,
            282.12255859375,
            277.2928771972656,
            268.3638610839844,
            258.3128967285156,
            257.3488464355469,
            259.51251220703125,
            249.64007568359375,
            256.3376159667969,
            249.7638397216797,
            245.07070922851562,
            250.09730529785156,
            246.78707885742188
        ],
        "mae": [
            21.502010345458984,
            19.4566707611084,
            18.447599411010742,
            17.454275131225586,
            16.720853805541992,
            16.114852905273438,
            15.46729850769043,
            14.900978088378906,
            14.487456321716309,
            14.216272354125977,
            13.809167861938477,
            13.25283432006836,
            12.940977096557617,
            12.5358247756958,
            12.30309009552002,
            11.993138313293457,
            11.697457313537598,
            11.567506790161133,
            11.51132583618164,
            11.286340713500977,
            11.304561614990234,
            11.155162811279297,
            11.065657615661621,
            11.049078941345215,
            10.972588539123535
        ],
        "accuracy": [
            0.03742937743663788,
            0.04025423899292946,
            0.04307909682393074,
            0.04731638357043266,
            0.04661016911268234,
            0.04661016911268234,
            0.04096045345067978,
            0.04096045345067978,
            0.03884180635213852,
            0.03742937743663788,
            0.03531073406338692,
            0.0346045196056366,
            0.03601694852113724,
            0.03601694852113724,
            0.03601694852113724,
            0.03601694852113724,
            0.0346045196056366,
            0.033192090690135956,
            0.029661016538739204,
            0.031073445454239845,
            0.030367230996489525,
            0.028954802080988884,
            0.029661016538739204,
            0.028248587623238564,
            0.029661016538739204
        ]
    }
}