{
    "Centralized Individual": {
        "loss": [
            1.0334471464157104,
            0.7198770046234131,
            0.6556603908538818,
            0.6151576042175293,
            0.5903946161270142,
            0.5693164467811584,
            0.5566331148147583,
            0.5460408329963684,
            0.5343325138092041,
            0.5250563025474548,
            0.52304607629776,
            0.515375018119812,
            0.5132647752761841,
            0.5104837417602539,
            0.505194902420044,
            0.5074665546417236,
            0.5066782832145691,
            0.4997416138648987,
            0.4976083040237427,
            0.4985116124153137,
            0.49495187401771545,
            0.49674132466316223,
            0.49485835433006287,
            0.4917677044868469,
            0.4909941554069519,
            0.49041810631752014,
            0.48908647894859314,
            0.4880214035511017,
            0.4859588146209717,
            0.48712024092674255,
            0.48661574721336365,
            0.48524388670921326,
            0.4853820204734802,
            0.48330140113830566,
            0.49039727449417114,
            0.48338472843170166,
            0.4821911156177521,
            0.48309656977653503,
            0.48556432127952576,
            0.479960560798645,
            0.4822889566421509,
            0.47762060165405273,
            0.4774521291255951,
            0.4796830117702484,
            0.4781806468963623,
            0.4748455882072449,
            0.4788244068622589,
            0.481188029050827,
            0.4812297224998474,
            0.47750526666641235
        ],
        "val_loss": [
            19.416879653930664,
            17.55299949645996,
            17.220294952392578,
            16.5703125,
            16.42457389831543,
            16.220735549926758,
            15.576531410217285,
            15.56519889831543,
            15.162678718566895,
            15.023350715637207,
            14.890953063964844,
            14.962738990783691,
            14.655839920043945,
            14.484223365783691,
            14.514589309692383,
            14.525008201599121,
            14.205968856811523,
            14.078544616699219,
            13.656784057617188,
            13.786637306213379,
            13.774293899536133,
            13.458541870117188,
            13.622737884521484,
            13.442632675170898,
            13.440286636352539,
            13.612397193908691,
            13.472393035888672,
            13.445989608764648,
            13.278517723083496,
            13.313158988952637,
            13.012696266174316,
            13.177852630615234,
            12.8307466506958,
            13.217981338500977,
            12.988043785095215,
            13.094212532043457,
            12.937033653259277,
            12.771627426147461,
            12.900655746459961,
            12.98972225189209,
            12.90540599822998,
            12.724274635314941,
            12.546321868896484,
            12.671510696411133,
            12.584733009338379,
            12.62436580657959,
            12.652905464172363,
            12.235969543457031,
            12.726855278015137,
            12.555694580078125
        ],
        "mse": [
            846.1487426757812,
            696.149658203125,
            677.5104370117188,
            631.0779418945312,
            623.8846435546875,
            610.8180541992188,
            564.7916870117188,
            564.7448120117188,
            537.2017211914062,
            528.10400390625,
            519.4779663085938,
            524.5435791015625,
            503.81787109375,
            492.792236328125,
            494.9155578613281,
            495.56597900390625,
            474.6006774902344,
            466.00830078125,
            437.3428649902344,
            446.5162048339844,
            446.08404541015625,
            424.7379455566406,
            435.9997863769531,
            424.3759765625,
            424.12481689453125,
            435.1980895996094,
            426.2168884277344,
            424.5633850097656,
            413.9600524902344,
            416.13409423828125,
            397.3060607910156,
            407.6304626464844,
            385.92218017578125,
            409.37774658203125,
            395.8747863769531,
            402.0859680175781,
            392.5833740234375,
            382.23345947265625,
            390.4058837890625,
            395.53057861328125,
            390.5176696777344,
            379.5870361328125,
            368.6800842285156,
            376.48602294921875,
            371.25714111328125,
            373.5909118652344,
            375.30865478515625,
            350.2218933105469,
            379.2159729003906,
            369.36627197265625
        ],
        "mae": [
            19.416879653930664,
            17.55299949645996,
            17.220294952392578,
            16.5703125,
            16.42457389831543,
            16.220735549926758,
            15.576531410217285,
            15.56519889831543,
            15.162678718566895,
            15.023350715637207,
            14.890953063964844,
            14.962738990783691,
            14.655839920043945,
            14.484223365783691,
            14.514589309692383,
            14.525008201599121,
            14.205968856811523,
            14.078544616699219,
            13.656784057617188,
            13.786637306213379,
            13.774293899536133,
            13.458541870117188,
            13.622737884521484,
            13.442632675170898,
            13.440286636352539,
            13.612397193908691,
            13.472393035888672,
            13.445989608764648,
            13.278517723083496,
            13.313158988952637,
            13.012696266174316,
            13.177852630615234,
            12.8307466506958,
            13.217981338500977,
            12.988043785095215,
            13.094212532043457,
            12.937033653259277,
            12.771627426147461,
            12.900655746459961,
            12.989724159240723,
            12.90540599822998,
            12.724274635314941,
            12.546321868896484,
            12.671510696411133,
            12.584733009338379,
            12.62436580657959,
            12.652905464172363,
            12.235969543457031,
            12.726855278015137,
            12.555694580078125
        ],