{
    "Centralized Individual": {
        "loss": [
            1.090627670288086,
            0.6956140398979187,
            0.6330968737602234,
            0.6072128415107727,
            0.5853877663612366,
            0.5698108077049255,
            0.5587159991264343,
            0.546017587184906,
            0.5403075218200684,
            0.5310294032096863,
            0.5253637433052063,
            0.5155200362205505,
            0.5077527165412903,
            0.5025012493133545,
            0.49822449684143066,
            0.49490979313850403,
            0.4923049211502075,
            0.48805275559425354,
            0.48726463317871094,
            0.4859584867954254,
            0.48193424940109253,
            0.48192688822746277,
            0.47862890362739563,
            0.4763357937335968,
            0.47602078318595886
        ],
        "val_loss": [
            19.219993591308594,
            17.060386657714844,
            16.317415237426758,
            15.948530197143555,
            15.795762062072754,
            15.425212860107422,
            15.141725540161133,
            15.055316925048828,
            14.773045539855957,
            14.549059867858887,
            14.215250968933105,
            14.274707794189453,
            13.846272468566895,
            13.710970878601074,
            13.639627456665039,
            13.350317001342773,
            13.288009643554688,
            12.996582984924316,
            13.068624496459961,
            12.830114364624023,
            12.603559494018555,
            12.665106773376465,
            12.348882675170898,
            12.213301658630371,
            12.26181697845459
        ],
        "mse": [
            833.5805053710938,
            661.26171875,
            607.0494384765625,
            582.54736328125,
            573.3616943359375,
            549.1217041015625,
            531.1876220703125,
            527.0606689453125,
            508.2899475097656,
            494.06793212890625,
            471.6476745605469,
            476.38153076171875,
            448.24505615234375,
            439.8545227050781,
            435.6343994140625,
            417.3349304199219,
            413.85638427734375,
            395.51263427734375,
            400.5128479003906,
            385.9337158203125,
            372.3106994628906,
            376.3827209472656,
            357.3307189941406,
            349.4295654296875,
            352.95770263671875
        ],
        "mae": [
            19.219993591308594,
            17.060386657714844,
            16.317415237426758,
            15.948530197143555,
            15.795762062072754,
            15.425212860107422,
            15.141725540161133,
            15.055316925048828,
            14.773045539855957,
            14.549059867858887,
            14.215250968933105,
            14.274707794189453,
            13.846272468566895,
            13.710970878601074,
            13.639627456665039,
            13.350317001342773,
            13.288009643554688,
            12.996582984924316,
            13.068624496459961,
            12.830114364624023,
            12.603559494018555,
            12.665106773376465,
            12.348882675170898,
            12.213301658630371,
            12.26181697845459
        ],
        "accuracy": [
            0.014124293811619282,
            0.016242938116192818,
            0.012711863964796066,
            0.012711863964796066,
            0.014124293811619282,
            0.015536722727119923,
            0.014830508269369602,
            0.015536722727119923,
            0.016949152573943138,
            0.01765536703169346,
            0.01765536703169346,
            0.01836158148944378,
            0.01836158148944378,
            0.0190677959471941,
            0.0190677959471941,
            0.01836158148944378,
            0.01836158148944378,
            0.01836158148944378,
            0.01836158148944378,
            0.0190677959471941,
            0.01836158148944378,
            0.0190677959471941,
            0.0190677959471941,
            0.0190677959471941,
            0.0190677959471941
        ]
    }
}