{
    "Centralized Individual": {
        "loss": [
            0.7418044805526733,
            0.5653187036514282,
            0.5302450060844421,
            0.5064179301261902,
            0.49591439962387085,
            0.4879835844039917,
            0.483582466840744,
            0.47726893424987793,
            0.47803300619125366,
            0.4735521376132965,
            0.47395986318588257,
            0.4714631736278534,
            0.4691123962402344,
            0.46858087182044983,
            0.46856388449668884
        ],
        "val_loss": [
            16.578805923461914,
            15.009488105773926,
            14.537158012390137,
            13.722479820251465,
            13.687202453613281,
            13.345975875854492,
            12.870277404785156,
            12.854504585266113,
            12.347748756408691,
            12.105669975280762,
            12.437833786010742,
            12.522448539733887,
            12.253703117370605,
            11.973719596862793,
            12.076252937316895
        ]
    }
}