{
    "Centralized Individual": {
        "loss": [
            31.194673538208008,
            23.530197143554688,
            22.478622436523438,
            21.898679733276367,
            21.373384475708008,
            20.863943099975586,
            20.33852195739746,
            19.827638626098633,
            19.317350387573242,
            18.8316650390625,
            18.369152069091797,
            17.942964553833008,
            17.527320861816406,
            17.15482521057129,
            16.828899383544922,
            16.531814575195312,
            16.286556243896484,
            16.061811447143555,
            15.876204490661621,
            15.712403297424316,
            15.550653457641602,
            15.414403915405273,
            15.295540809631348,
            15.169846534729004,
            15.059151649475098,
            14.951292991638184,
            14.848487854003906,
            14.764674186706543,
            14.667135238647461,
            14.571839332580566,
            14.493476867675781,
            14.402667045593262,
            14.326958656311035,
            14.248887062072754,
            14.179825782775879,
            14.098834991455078,
            14.02038288116455,
            13.956432342529297,
            13.902413368225098,
            13.823753356933594,
            13.759921073913574,
            13.693602561950684,
            13.63418197631836,
            13.569737434387207,
            13.506397247314453,
            13.453855514526367,
            13.398317337036133,
            13.338309288024902,
            13.286134719848633,
            13.233283996582031
        ],
        "val_loss": [
            23.71134376525879,
            22.83848762512207,
            22.384668350219727,
            21.83494758605957,
            21.36738395690918,
            20.740245819091797,
            20.345151901245117,
            19.82076644897461,
            19.532041549682617,
            19.0451717376709,
            18.565635681152344,
            18.125261306762695,
            17.792551040649414,
            17.5335693359375,
            17.315889358520508,
            17.005496978759766,
            16.9320011138916,
            16.714637756347656,
            16.616918563842773,
            16.536846160888672,
            16.48337745666504,
            16.479928970336914,
            16.40762710571289,
            16.26410484313965,
            16.159103393554688,
            16.076313018798828,
            16.00613784790039,
            15.9393949508667,
            15.953446388244629,
            15.822700500488281,
            15.775399208068848,
            15.70472526550293,
            15.700468063354492,
            15.608882904052734,
            15.5491304397583,
            15.547382354736328,
            15.489505767822266,
            15.4901704788208,
            15.408047676086426,
            15.37571907043457,
            15.281107902526855,
            15.254956245422363,
            15.211339950561523,
            15.148045539855957,
            15.121832847595215,
            15.074533462524414,
            15.012527465820312,
            14.964728355407715,
            14.919303894042969,
            14.899201393127441
        ],
        "mse": [
            1241.33447265625,
            981.7909545898438,
            931.3673095703125,
            894.554931640625,
            857.92822265625,
            829.71044921875,
            791.695556640625,
            761.9173583984375,
            727.1832885742188,
            701.3475341796875,
            679.4412231445312,
            661.7651977539062,
            642.9371337890625,
            623.7166137695312,
            605.8070068359375,
            599.0513916015625,
            579.7643432617188,
            572.8184204101562,
            562.5510864257812,
            553.9279174804688,
            546.1937866210938,
            541.009033203125,
            536.0254516601562,
            529.6233520507812,
            524.9696044921875,
            520.2159423828125,
            516.148193359375,
            513.28466796875,
            509.09521484375,
            503.9004821777344,
            500.55389404296875,
            496.8965759277344,
            494.5307312011719,
            490.8148498535156,
            486.8621520996094,
            485.024658203125,
            481.6172180175781,
            480.76947021484375,
            476.43975830078125,
            474.3662109375,
            469.9047546386719,
            467.8015441894531,
            465.40875244140625,
            462.14459228515625,
            460.3781433105469,
            457.7522888183594,
            454.4831848144531,
            451.8456115722656,
            449.4487609863281,
            448.0475769042969
        ],
        "mae": [
            23.71134376525879,
            22.83848762512207,
            22.384668350219727,
            21.83494758605957,
            21.36738395690918,
            20.740245819091797,
            20.345151901245117,
            19.82076644897461,
            19.532041549682617,
            19.0451717376709,
            18.565635681152344,
            18.125261306762695,
            17.792551040649414,
            17.5335693359375,
            17.315889358520508,
            17.005496978759766,
            16.9320011138916,
            16.714637756347656,
            16.616918563842773,
            16.536846160888672,
            16.48337745666504,
            16.479928970336914,
            16.40762710571289,
            16.26410484313965,
            16.159103393554688,
            16.076311111450195,
            16.00613784790039,
            15.9393949508667,
            15.953446388244629,
            15.822700500488281,
            15.775399208068848,
            15.70472526550293,
            15.700468063354492,
            15.608882904052734,
            15.5491304397583,
            15.547382354736328,
            15.489505767822266,
            15.4901704788208,
            15.408047676086426,
            15.37571907043457,
            15.281107902526855,
            15.254956245422363,
            15.211339950561523,
            15.148045539855957,
            15.121832847595215,
            15.074533462524414,
            15.012527465820312,
            14.964728355407715,
            14.919303894042969,
            14.899203300476074
        ],