{
    "Centralized Individual": {
        "loss": [
            8.796882629394531,
            5.305448532104492,
            4.617809772491455,
            4.278331279754639,
            4.056126594543457,
            3.880439281463623,
            3.7393009662628174,
            3.6177616119384766,
            3.51507306098938,
            3.446495771408081,
            3.384648323059082,
            3.3345415592193604,
            3.2998979091644287,
            3.2811033725738525,
            3.2644388675689697,
            3.2406702041625977,
            3.2307238578796387,
            3.2167837619781494,
            3.2036054134368896,
            3.20452618598938,
            3.18815016746521,
            3.1737067699432373,
            3.165245532989502,
            3.154735565185547,
            3.1500213146209717
        ],
        "val_loss": [
            4.825961589813232,
            4.214962959289551,
            4.0573506355285645,
            3.9588937759399414,
            3.8156814575195312,
            3.7409281730651855,
            3.5819449424743652,
            3.5943164825439453,
            3.460012674331665,
            3.427098512649536,
            3.4073634147644043,
            3.3801825046539307,
            3.4298062324523926,
            3.408674478530884,
            3.354112148284912,
            3.404608964920044,
            3.4300763607025146,
            3.3918049335479736,
            3.368471622467041,
            3.435673475265503,
            3.3412575721740723,
            3.338639497756958,
            3.33809232711792,
            3.331851005554199,
            3.3994269371032715
        ],
        "mse": [
            41.292449951171875,
            33.03712463378906,
            31.34537696838379,
            30.67552375793457,
            29.479568481445312,
            29.240333557128906,
            27.740785598754883,
            28.590856552124023,
            27.270185470581055,
            27.282442092895508,
            27.243505477905273,
            27.09870147705078,
            27.874147415161133,
            27.697189331054688,
            26.982419967651367,
            27.60714340209961,
            27.976289749145508,
            27.61014175415039,
            27.274944305419922,
            28.087827682495117,
            26.913333892822266,
            26.904172897338867,
            27.034149169921875,
            26.901369094848633,
            27.769041061401367
        ],
        "mae": [
            4.825961589813232,
            4.214962959289551,
            4.0573506355285645,
            3.9588937759399414,
            3.8156814575195312,
            3.7409281730651855,
            3.5819449424743652,
            3.5943164825439453,
            3.460012674331665,
            3.427098512649536,
            3.4073634147644043,
            3.3801825046539307,
            3.4298062324523926,
            3.408674478530884,
            3.354112148284912,
            3.404608964920044,
            3.4300763607025146,
            3.3918049335479736,
            3.368471622467041,
            3.435673475265503,
            3.3412575721740723,
            3.338639497756958,
            3.33809232711792,
            3.331851005554199,
            3.3994269371032715
        ],
        "accuracy": [
            0.03672316297888756,
            0.04096045345067978,
            0.03601694852113724,
            0.031073445454239845,
            0.026129944249987602,
            0.02401129901409149,
            0.02401129901409149,
            0.02189265564084053,
            0.02189265564084053,
            0.031073445454239845,
            0.032485876232385635,
            0.03742937743663788,
            0.03672316297888756,
            0.0346045196056366,
            0.03601694852113724,
            0.033898305147886276,
            0.03531073406338692,
            0.03672316297888756,
            0.03742937743663788,
            0.03672316297888756,
            0.03742937743663788,
            0.03601694852113724,
            0.0381355918943882,
            0.03742937743663788,
            0.03742937743663788
        ]
    }
}