{
    "Centralized Individual": {
        "loss": [
            8.295215606689453,
            5.2591633796691895,
            4.455196857452393,
            4.037876129150391,
            3.787839412689209,
            3.5955231189727783,
            3.4499669075012207,
            3.343147039413452,
            3.261009931564331,
            3.212120532989502,
            3.170079469680786,
            3.145277261734009,
            3.130557060241699,
            3.116288661956787,
            3.0999512672424316,
            3.092621326446533,
            3.096383571624756,
            3.0791356563568115,
            3.0712196826934814,
            3.0714967250823975,
            3.0615081787109375,
            3.0592072010040283,
            3.0534560680389404,
            3.0542519092559814,
            3.045854091644287,
            3.0436439514160156,
            3.0370171070098877,
            3.0420656204223633,
            3.0370702743530273,
            3.0367348194122314,
            3.0311577320098877,
            3.0252034664154053,
            3.0233359336853027,
            3.0273590087890625,
            3.0211684703826904,
            3.0202314853668213,
            3.0275282859802246,
            3.017916440963745,
            3.029944896697998,
            3.022040843963623,
            3.017636299133301,
            3.0133321285247803,
            3.0154032707214355,
            3.0131335258483887,
            3.022587537765503,
            3.015329122543335,
            3.0200259685516357,
            3.0138185024261475,
            3.0130765438079834,
            3.0114777088165283
        ],
        "val_loss": [
            4.938897132873535,
            4.284787654876709,
            3.967855215072632,
            3.7901973724365234,
            3.7061426639556885,
            3.6875662803649902,
            3.4581563472747803,
            3.4222984313964844,
            3.3444693088531494,
            3.3824586868286133,
            3.370210647583008,
            3.4320950508117676,
            3.3197317123413086,
            3.301438808441162,
            3.369886875152588,
            3.325131893157959,
            3.313042163848877,
            3.3202481269836426,
            3.319732189178467,
            3.248983144760132,
            3.241227388381958,
            3.2455320358276367,
            3.276538848876953,
            3.2950587272644043,
            3.229459524154663,
            3.2544662952423096,
            3.230475664138794,
            3.236828088760376,
            3.339296579360962,
            3.2271273136138916,
            3.304854393005371,
            3.242039918899536,
            3.2715113162994385,
            3.2233927249908447,
            3.2268521785736084,
            3.2847511768341064,
            3.2135398387908936,
            3.2405002117156982,
            3.209240674972534,
            3.2603087425231934,
            3.246629238128662,
            3.2562451362609863,
            3.206728219985962,
            3.222102165222168,
            3.231847047805786,
            3.235546827316284,
            3.2337985038757324,
            3.2745022773742676,
            3.2218668460845947,
            3.2185938358306885
        ],
        "mse": [
            42.369911193847656,
            33.315921783447266,
            30.004165649414062,
            28.512916564941406,
            28.348365783691406,
            28.919586181640625,
            26.498096466064453,
            26.535898208618164,
            25.885873794555664,
            26.562679290771484,
            26.605709075927734,
            27.214597702026367,
            25.92548370361328,
            25.94167137145996,
            26.722043991088867,
            26.095579147338867,
            26.069507598876953,
            26.117570877075195,
            26.133468627929688,
            25.434743881225586,
            25.25855255126953,
            25.337371826171875,
            25.750778198242188,
            25.96231460571289,
            25.254426956176758,
            25.5062313079834,
            25.258373260498047,
            25.441932678222656,
            26.545583724975586,
            25.301809310913086,
            25.932228088378906,
            25.52241325378418,
            25.739051818847656,
            25.236291885375977,
            25.38631248474121,
            25.876710891723633,
            25.12561798095703,
            25.611976623535156,
            25.167251586914062,
            25.634288787841797,
            25.497663497924805,
            25.496051788330078,
            25.090349197387695,
            25.316818237304688,
            25.417226791381836,
            25.280609130859375,
            25.366527557373047,
            25.753366470336914,
            25.306577682495117,
            25.297157287597656
        ],
        "mae": [
            4.938897132873535,
            4.284788131713867,
            3.967855215072632,
            3.7901973724365234,
            3.7061426639556885,
            3.6875662803649902,
            3.4581563472747803,
            3.4222984313964844,
            3.3444693088531494,
            3.3824586868286133,
            3.370210647583008,
            3.4320950508117676,
            3.3197317123413086,
            3.301438808441162,
            3.369886875152588,
            3.325131893157959,
            3.313042163848877,
            3.3202481269836426,
            3.319732189178467,
            3.248983144760132,
            3.241227388381958,
            3.2455320358276367,
            3.276538848876953,
            3.2950587272644043,
            3.229459524154663,
            3.2544662952423096,
            3.230475664138794,
            3.236828088760376,
            3.339296579360962,
            3.2271273136138916,
            3.304854393005371,
            3.242039918899536,
            3.2715113162994385,
            3.2233927249908447,
            3.2268521785736084,
            3.2847511768341064,
            3.2135398387908936,
            3.2405002117156982,
            3.209240674972534,
            3.2603087425231934,
            3.246629238128662,
            3.2562451362609863,
            3.206728219985962,
            3.222102165222168,
            3.231847047805786,
            3.235546827316284,
            3.2337985038757324,
            3.2745022773742676,
            3.221867322921753,
            3.2185938358306885
        ],