{
    "Centralized Individual": {
        "loss": [
            7.4437761306762695,
            5.089847087860107,
            4.381651401519775,
            3.9952125549316406,
            3.7349021434783936,
            3.5358927249908447,
            3.363239288330078,
            3.2266652584075928,
            3.117027997970581,
            3.047067403793335,
            2.9828009605407715,
            2.940157175064087,
            2.909982442855835,
            2.8760054111480713,
            2.8501062393188477,
            2.830538034439087,
            2.8189313411712646,
            2.8017430305480957,
            2.7824037075042725,
            2.7744405269622803,
            2.7603869438171387,
            2.7538206577301025,
            2.7419936656951904,
            2.730438709259033,
            2.733476400375366,
            2.716923475265503,
            2.714822769165039,
            2.7161335945129395,
            2.705500602722168,
            2.693881034851074,
            2.6862952709198,
            2.6814749240875244,
            2.6809046268463135,
            2.6792752742767334,
            2.6769320964813232,
            2.669471502304077,
            2.671670913696289,
            2.6705195903778076,
            2.664370536804199,
            2.665400743484497,
            2.6647841930389404,
            2.6540048122406006,
            2.655752420425415,
            2.6542561054229736,
            2.6507863998413086,
            2.6511096954345703,
            2.644619941711426,
            2.6436548233032227,
            2.6447715759277344,
            2.6453232765197754
        ],
        "val_loss": [
            4.6924147605896,
            4.103747367858887,
            3.8510055541992188,
            3.638658046722412,
            3.4062013626098633,
            3.274373769760132,
            3.1301097869873047,
            3.0231902599334717,
            2.9367165565490723,
            2.8644931316375732,
            2.8165228366851807,
            2.7838377952575684,
            2.752634048461914,
            2.7368807792663574,
            2.7506189346313477,
            2.710991621017456,
            2.7773048877716064,
            2.695659875869751,
            2.6844279766082764,
            2.6791162490844727,
            2.7118844985961914,
            2.6658999919891357,
            2.662393093109131,
            2.6533262729644775,
            2.663367509841919,
            2.637547254562378,
            2.634125232696533,
            2.635205030441284,
            2.628063201904297,
            2.625462532043457,
            2.626990795135498,
            2.614070177078247,
            2.621291399002075,
            2.610183000564575,
            2.629396438598633,
            2.6006553173065186,
            2.6169331073760986,
            2.601802110671997,
            2.6174638271331787,
            2.59566593170166,
            2.601205348968506,
            2.607102632522583,
            2.5864133834838867,
            2.59541392326355,
            2.6097686290740967,
            2.5937893390655518,
            2.5900824069976807,
            2.589641571044922,
            2.6083104610443115,
            2.616995096206665
        ],
        "mse": [
            41.93210220336914,
            31.354808807373047,
            27.895750045776367,
            25.933012008666992,
            23.802635192871094,
            22.941049575805664,
            21.975814819335938,
            21.314626693725586,
            20.861757278442383,
            20.307891845703125,
            19.99205207824707,
            19.53122901916504,
            19.412391662597656,
            19.288957595825195,
            19.777725219726562,
            19.097440719604492,
            19.965513229370117,
            19.024581909179688,
            18.851652145385742,
            18.68532371520996,
            19.194555282592773,
            18.585817337036133,
            18.60529136657715,
            18.50650978088379,
            18.6844425201416,
            18.277870178222656,
            18.262310028076172,
            18.097488403320312,
            18.142803192138672,
            18.15085220336914,
            18.151683807373047,
            17.925926208496094,
            18.123035430908203,
            17.82524299621582,
            18.259483337402344,
            17.76505470275879,
            18.14164161682129,
            17.849735260009766,
            18.203819274902344,
            17.707014083862305,
            17.844871520996094,
            17.952051162719727,
            17.553152084350586,
            17.8310546875,
            17.939226150512695,
            17.816421508789062,
            17.78215980529785,
            17.760297775268555,
            17.863309860229492,
            18.039453506469727
        ],
        "mae": [
            4.6924147605896,
            4.103747367858887,
            3.8510055541992188,
            3.638658046722412,
            3.4062013626098633,
            3.274373769760132,
            3.1301097869873047,
            3.0231902599334717,
            2.9367165565490723,
            2.8644931316375732,
            2.8165228366851807,
            2.7838377952575684,
            2.752633571624756,
            2.7368807792663574,
            2.7506189346313477,
            2.710991621017456,
            2.7773048877716064,
            2.695659875869751,
            2.6844279766082764,
            2.6791162490844727,
            2.7118844985961914,
            2.6658999919891357,
            2.662393093109131,
            2.6533262729644775,
            2.663367509841919,
            2.637547254562378,
            2.634125232696533,
            2.635205030441284,
            2.628063201904297,
            2.625462532043457,
            2.626990795135498,
            2.614070177078247,
            2.621291399002075,
            2.610183000564575,
            2.629396438598633,
            2.6006550788879395,
            2.6169331073760986,
            2.601802110671997,
            2.6174638271331787,
            2.59566593170166,
            2.601205348968506,
            2.607102632522583,
            2.5864133834838867,
            2.59541392326355,
            2.6097686290740967,
            2.5937893390655518,
            2.5900824069976807,
            2.589641571044922,
            2.6083104610443115,
            2.616995096206665
        ],