{
    "Centralized Individual": {
        "loss": [
            7.904007911682129,
            5.140495777130127,
            4.407848834991455,
            4.026187419891357,
            3.743781566619873,
            3.5305395126342773,
            3.339357614517212,
            3.2009103298187256,
            3.0957460403442383,
            3.0307247638702393,
            2.9668772220611572,
            2.9273695945739746,
            2.9009575843811035,
            2.884523868560791,
            2.858362913131714,
            2.8411192893981934,
            2.837311029434204,
            2.8164803981781006,
            2.808126926422119,
            2.791252851486206,
            2.788814067840576,
            2.7734079360961914,
            2.7617409229278564,
            2.7591536045074463,
            2.749997854232788
        ],
        "val_loss": [
            4.8290510177612305,
            4.1177897453308105,
            3.761124849319458,
            3.5953445434570312,
            3.4753384590148926,
            3.301589250564575,
            3.069746255874634,
            2.9549856185913086,
            2.868800401687622,
            2.8191356658935547,
            2.8075919151306152,
            2.7873334884643555,
            2.8104541301727295,
            2.7383084297180176,
            2.7293541431427,
            2.7358076572418213,
            2.72473406791687,
            2.69944429397583,
            2.69395112991333,
            2.6842124462127686,
            2.679086446762085,
            2.676067590713501,
            2.6676714420318604,
            2.674811601638794,
            2.6634209156036377
        ],
        "mse": [
            43.24211502075195,
            31.791719436645508,
            27.46750831604004,
            25.489727020263672,
            24.73563575744629,
            23.480295181274414,
            21.354869842529297,
            20.664966583251953,
            20.007095336914062,
            19.723112106323242,
            20.166345596313477,
            19.4506893157959,
            20.515544891357422,
            19.399124145507812,
            19.39423942565918,
            19.698345184326172,
            19.4832820892334,
            19.00861167907715,
            19.042932510375977,
            18.964176177978516,
            18.929759979248047,
            18.923818588256836,
            18.74211883544922,
            18.939613342285156,
            18.77383041381836
        ],
        "mae": [
            4.8290510177612305,
            4.1177897453308105,
            3.761124849319458,
            3.5953445434570312,
            3.4753384590148926,
            3.301589250564575,
            3.069746255874634,
            2.9549856185913086,
            2.868800401687622,
            2.8191356658935547,
            2.8075919151306152,
            2.7873334884643555,
            2.8104541301727295,
            2.7383084297180176,
            2.7293541431427,
            2.7358076572418213,
            2.72473406791687,
            2.69944429397583,
            2.69395112991333,
            2.6842124462127686,
            2.679086446762085,
            2.676067590713501,
            2.6676714420318604,
            2.674811601638794,
            2.6634209156036377
        ],
        "accuracy": [
            0.02401129901409149,
            0.02401129901409149,
            0.02259887009859085,
            0.01977401040494442,
            0.016949152573943138,
            0.015536722727119923,
            0.015536722727119923,
            0.014830508269369602,
            0.015536722727119923,
            0.015536722727119923,
            0.014830508269369602,
            0.016242938116192818,
            0.016949152573943138,
            0.016949152573943138,
            0.01765536703169346,
            0.01765536703169346,
            0.01765536703169346,
            0.01765536703169346,
            0.01836158148944378,
            0.01977401040494442,
            0.01977401040494442,
            0.01977401040494442,
            0.01977401040494442,
            0.02118644118309021,
            0.02118644118309021
        ]
    }
}