{
    "Centralized Individual": {
        "loss": [
            1.2540395259857178,
            0.8311256766319275,
            0.744006872177124,
            0.6925576329231262,
            0.6620121598243713,
            0.6404784321784973,
            0.6230908632278442,
            0.6155930161476135,
            0.6004852056503296,
            0.591820240020752,
            0.586645781993866,
            0.5839389562606812,
            0.5769556164741516,
            0.5725800395011902,
            0.5696358680725098,
            0.5667104125022888,
            0.566457986831665,
            0.563732385635376,
            0.5631358623504639,
            0.5603122115135193,
            0.5547510385513306,
            0.5546677708625793,
            0.5533202886581421,
            0.5524505972862244,
            0.5489413738250732,
            0.5507664680480957,
            0.5469630360603333,
            0.5465147495269775,
            0.5450228452682495,
            0.5456379652023315,
            0.5412513613700867,
            0.5437370538711548,
            0.545431911945343,
            0.5417793393135071,
            0.5444440245628357,
            0.5384231209754944,
            0.5389095544815063,
            0.5386555194854736,
            0.5357287526130676,
            0.5348303318023682,
            0.5399088859558105,
            0.5391849279403687,
            0.5363108515739441,
            0.533586323261261,
            0.532626211643219,
            0.5335595607757568,
            0.53182452917099,
            0.533420741558075,
            0.5324999690055847,
            0.5349504351615906
        ],
        "val_loss": [
            16.703561782836914,
            14.668095588684082,
            14.285866737365723,
            13.778242111206055,
            13.436835289001465,
            13.233624458312988,
            12.898974418640137,
            12.806924819946289,
            12.71745491027832,
            12.734575271606445,
            12.283638954162598,
            12.403914451599121,
            12.235236167907715,
            12.311360359191895,
            11.985230445861816,
            11.78138542175293,
            11.824796676635742,
            11.871017456054688,
            11.715848922729492,
            11.667694091796875,
            11.531275749206543,
            11.603082656860352,
            11.481759071350098,
            11.50407600402832,
            11.624100685119629,
            11.346090316772461,
            11.19857406616211,
            11.144623756408691,
            11.23078727722168,
            11.129819869995117,
            11.199750900268555,
            11.19509220123291,
            11.072083473205566,
            10.991825103759766,
            10.950313568115234,
            10.881023406982422,
            10.921699523925781,
            10.94987678527832,
            10.84886360168457,
            10.86729621887207,
            10.86166763305664,
            10.702983856201172,
            10.656224250793457,
            10.72817611694336,
            10.73706340789795,
            10.648391723632812,
            10.686373710632324,
            10.59389877319336,
            10.540119171142578,
            10.474991798400879
        ],
        "mse": [
            682.2083129882812,
            519.1832885742188,
            501.53558349609375,
            468.0480651855469,
            445.6924743652344,
            434.56011962890625,
            409.6693115234375,
            406.37725830078125,
            401.8233642578125,
            404.40301513671875,
            371.70648193359375,
            383.1115417480469,
            371.5847473144531,
            377.6422119140625,
            355.349609375,
            340.8179016113281,
            345.25762939453125,
            348.77520751953125,
            338.96319580078125,
            335.9789733886719,
            326.8144836425781,
            332.21771240234375,
            324.4817199707031,
            325.43170166015625,
            333.9665832519531,
            315.75518798828125,
            306.1580810546875,
            302.6683349609375,
            308.8816833496094,
            302.2574157714844,
            307.1976623535156,
            306.96185302734375,
            299.083740234375,
            294.2924499511719,
            291.7846374511719,
            287.2540588378906,
            290.20306396484375,
            291.8937072753906,
            285.7107238769531,
            287.2015686035156,
            286.45062255859375,
            276.7036437988281,
            273.99560546875,
            278.72589111328125,
            279.13714599609375,
            273.8707580566406,
            276.3190612792969,
            270.76092529296875,
            267.4817810058594,
            263.1855773925781
        ],
        "mae": [
            16.703561782836914,
            14.668095588684082,
            14.285866737365723,
            13.778242111206055,
            13.436835289001465,
            13.233624458312988,
            12.898974418640137,
            12.806924819946289,
            12.71745491027832,
            12.734575271606445,
            12.283638954162598,
            12.403914451599121,
            12.235236167907715,
            12.311360359191895,
            11.985230445861816,
            11.78138542175293,
            11.824796676635742,
            11.871017456054688,
            11.715848922729492,
            11.667694091796875,
            11.531275749206543,
            11.603082656860352,
            11.481759071350098,
            11.50407600402832,
            11.624100685119629,
            11.346090316772461,
            11.19857406616211,
            11.144623756408691,
            11.23078727722168,
            11.129819869995117,
            11.199750900268555,
            11.19509220123291,
            11.072083473205566,
            10.991825103759766,
            10.950313568115234,
            10.881023406982422,
            10.921699523925781,
            10.94987678527832,
            10.84886360168457,
            10.86729621887207,
            10.86166763305664,
            10.702983856201172,
            10.656224250793457,
            10.72817611694336,
            10.73706340789795,
            10.648391723632812,
            10.686373710632324,
            10.59389877319336,
            10.540120124816895,
            10.474991798400879
        ],