{
    "Centralized Individual": {
        "loss": [
            0.0,
            0.0,
            0.0,
            0.0,
            0.0,
            0.0,
            0.0,
            0.0,
            0.0,
            0.0,
            0.0,
            0.0,
            0.0,
            0.0,
            0.0,
            0.0,
            0.0,
            0.0,
            0.0,
            0.0,
            0.0,
            0.0,
            0.0,
            0.0,
            0.0
        ],
        "val_loss": [
            1.6636652946472168,
            1.6636652946472168,
            1.6636652946472168,
            1.6636652946472168,
            1.6636652946472168,
            1.6636652946472168,
            1.6636652946472168,
            1.6636652946472168,
            1.6636652946472168,
            1.6636652946472168,
            1.6636652946472168,
            1.6636652946472168,
            1.6636652946472168,
            1.6636652946472168,
            1.6636652946472168,
            1.6636652946472168,
            1.6636652946472168,
            1.6636652946472168,
            1.6636652946472168,
            1.6636652946472168,
            1.6636652946472168,
            1.6636652946472168,
            1.6636652946472168,
            1.6636652946472168,
            1.6636652946472168
        ],
        "mse": [
            18.189434051513672,
            18.189434051513672,
            18.189434051513672,
            18.189434051513672,
            18.189434051513672,
            18.189434051513672,
            18.189434051513672,
            18.189434051513672,
            18.189434051513672,
            18.189434051513672,
            18.189434051513672,
            18.189434051513672,
            18.189434051513672,
            18.189434051513672,
            18.189434051513672,
            18.189434051513672,
            18.189434051513672,
            18.189434051513672,
            18.189434051513672,
            18.189434051513672,
            18.189434051513672,
            18.189434051513672,
            18.189434051513672,
            18.189434051513672,
            18.189434051513672
        ],
        "mae": [
            1.6636652946472168,
            1.6636652946472168,
            1.6636652946472168,
            1.6636652946472168,
            1.6636652946472168,
            1.6636652946472168,
            1.6636652946472168,
            1.6636652946472168,
            1.6636652946472168,
            1.6636652946472168,
            1.6636652946472168,
            1.6636652946472168,
            1.6636652946472168,
            1.6636652946472168,
            1.6636652946472168,
            1.6636652946472168,
            1.6636652946472168,
            1.6636652946472168,
            1.6636652946472168,
            1.6636652946472168,
            1.6636652946472168,
            1.6636652946472168,
            1.6636652946472168,
            1.6636652946472168,
            1.6636652946472168
        ],
        "accuracy": [
            0.5162429213523865,
            0.5162429213523865,
            0.5162429213523865,
            0.5162429213523865,
            0.5162429213523865,
            0.5162429213523865,
            0.5162429213523865,
            0.5162429213523865,
            0.5162429213523865,
            0.5162429213523865,
            0.5162429213523865,
            0.5162429213523865,
            0.5162429213523865,
            0.5162429213523865,
            0.5162429213523865,
            0.5162429213523865,
            0.5162429213523865,
            0.5162429213523865,
            0.5162429213523865,
            0.5162429213523865,
            0.5162429213523865,
            0.5162429213523865,
            0.5162429213523865,
            0.5162429213523865,
            0.5162429213523865
        ]
    }
}