{
    "Centralized Individual": {
        "loss": [
            0.0,
            0.0,
            0.0,
            0.0,
            0.0,
            0.0,
            0.0,
            0.0,
            0.0,
            0.0,
            0.0,
            0.0,
            0.0,
            0.0,
            0.0,
            0.0,
            0.0,
            0.0,
            0.0,
            0.0,
            0.0,
            0.0,
            0.0,
            0.0,
            0.0,
            0.0,
            0.0,
            0.0,
            0.0,
            0.0,
            0.0,
            0.0,
            0.0,
            0.0,
            0.0,
            0.0,
            0.0,
            0.0,
            0.0,
            0.0,
            0.0,
            0.0,
            0.0,
            0.0,
            0.0,
            0.0,
            0.0,
            0.0,
            0.0,
            0.0
        ],
        "val_loss": [
            1.7477290630340576,
            1.7477290630340576,
            1.7477290630340576,
            1.7477290630340576,
            1.7477290630340576,
            1.7477290630340576,
            1.7477290630340576,
            1.7477290630340576,
            1.7477290630340576,
            1.7477290630340576,
            1.7477290630340576,
            1.7477290630340576,
            1.7477290630340576,
            1.7477290630340576,
            1.7477290630340576,
            1.7477290630340576,
            1.7477290630340576,
            1.7477290630340576,
            1.7477290630340576,
            1.7477290630340576,
            1.7477290630340576,
            1.7477290630340576,
            1.7477290630340576,
            1.7477290630340576,
            1.7477290630340576,
            1.7477290630340576,
            1.7477290630340576,
            1.7477290630340576,
            1.7477290630340576,
            1.7477290630340576,
            1.7477290630340576,
            1.7477290630340576,
            1.7477290630340576,
            1.7477290630340576,
            1.7477290630340576,
            1.7477290630340576,
            1.7477290630340576,
            1.7477290630340576,
            1.7477290630340576,
            1.7477290630340576,
            1.7477290630340576,
            1.7477290630340576,
            1.7477290630340576,
            1.7477290630340576,
            1.7477290630340576,
            1.7477290630340576,
            1.7477290630340576,
            1.7477290630340576,
            1.7477290630340576,
            1.7477290630340576
        ],
        "mse": [
            20.177701950073242,
            20.177701950073242,
            20.177701950073242,
            20.177701950073242,
            20.177701950073242,
            20.177701950073242,
            20.177701950073242,
            20.177701950073242,
            20.177701950073242,
            20.177701950073242,
            20.177701950073242,
            20.177701950073242,
            20.177701950073242,
            20.177701950073242,
            20.177701950073242,
            20.177701950073242,
            20.177701950073242,
            20.177701950073242,
            20.177701950073242,
            20.177701950073242,
            20.177701950073242,
            20.177701950073242,
            20.177701950073242,
            20.177701950073242,
            20.177701950073242,
            20.177701950073242,
            20.177701950073242,
            20.177701950073242,
            20.177701950073242,
            20.177701950073242,
            20.177701950073242,
            20.177701950073242,
            20.177701950073242,
            20.177701950073242,
            20.177701950073242,
            20.177701950073242,
            20.177701950073242,
            20.177701950073242,
            20.177701950073242,
            20.177701950073242,
            20.177701950073242,
            20.177701950073242,
            20.177701950073242,
            20.177701950073242,
            20.177701950073242,
            20.177701950073242,
            20.177701950073242,
            20.177701950073242,
            20.177701950073242,
            20.177701950073242
        ],
        "mae": [
            1.7477290630340576,
            1.7477290630340576,
            1.7477290630340576,
            1.7477290630340576,
            1.7477290630340576,
            1.7477290630340576,
            1.7477290630340576,
            1.7477290630340576,
            1.7477290630340576,
            1.7477290630340576,
            1.7477290630340576,
            1.7477290630340576,
            1.7477290630340576,
            1.7477290630340576,
            1.7477290630340576,
            1.7477290630340576,
            1.7477290630340576,
            1.7477290630340576,
            1.7477290630340576,
            1.7477290630340576,
            1.7477290630340576,
            1.7477290630340576,
            1.7477290630340576,
            1.7477290630340576,
            1.7477290630340576,
            1.7477290630340576,
            1.7477290630340576,
            1.7477290630340576,
            1.7477290630340576,
            1.7477290630340576,
            1.7477290630340576,
            1.7477290630340576,
            1.7477290630340576,
            1.7477290630340576,
            1.7477290630340576,
            1.7477290630340576,
            1.7477290630340576,
            1.7477290630340576,
            1.7477290630340576,
            1.7477290630340576,
            1.7477290630340576,
            1.7477290630340576,
            1.7477290630340576,
            1.7477290630340576,
            1.7477290630340576,
            1.7477290630340576,
            1.7477290630340576,
            1.7477290630340576,
            1.7477290630340576,
            1.7477290630340576
        ],
        "accuracy": [
            0.5162429213523865,
            0.5162429213523865,
            0.5162429213523865,
            0.5162429213523865,
            0.5162429213523865,
            0.5162429213523865,
            0.5162429213523865,
            0.5162429213523865,
            0.5162429213523865,
            0.5162429213523865,
            0.5162429213523865,
            0.5162429213523865,
            0.5162429213523865,
            0.5162429213523865,
            0.5162429213523865,
            0.5162429213523865,
            0.5162429213523865,
            0.5162429213523865,
            0.5162429213523865,
            0.5162429213523865,
            0.5162429213523865,
            0.5162429213523865,
            0.5162429213523865,
            0.5162429213523865,
            0.5162429213523865,
            0.5162429213523865,
            0.5162429213523865,
            0.5162429213523865,
            0.5162429213523865,
            0.5162429213523865,
            0.5162429213523865,
            0.5162429213523865,
            0.5162429213523865,
            0.5162429213523865,
            0.5162429213523865,
            0.5162429213523865,
            0.5162429213523865,
            0.5162429213523865,
            0.5162429213523865,
            0.5162429213523865,
            0.5162429213523865,
            0.5162429213523865,
            0.5162429213523865,
            0.5162429213523865,
            0.5162429213523865,
            0.5162429213523865,
            0.5162429213523865,
            0.5162429213523865,
            0.5162429213523865,
            0.5162429213523865
        ]
    }
}