{
    "Centralized Individual": {
        "loss": [
            5.756114959716797,
            3.5175209045410156,
            2.862637758255005,
            2.592414617538452,
            2.4452672004699707,
            2.347341775894165,
            2.2805795669555664,
            2.236494302749634,
            2.219865560531616,
            2.194451332092285,
            2.180147409439087,
            2.1658763885498047,
            2.1593165397644043,
            2.1573216915130615,
            2.142113447189331,
            2.137477159500122,
            2.1300580501556396,
            2.1281142234802246,
            2.1230735778808594,
            2.117349863052368,
            2.114316940307617,
            2.1154258251190186,
            2.1011972427368164,
            2.09844970703125,
            2.1019339561462402
        ],
        "val_loss": [
            3.9264957904815674,
            3.3173069953918457,
            3.029284715652466,
            2.936462163925171,
            2.840134620666504,
            2.7176496982574463,
            2.6632328033447266,
            2.612689256668091,
            2.5910744667053223,
            2.5806756019592285,
            2.532442808151245,
            2.5146663188934326,
            2.526407480239868,
            2.4935760498046875,
            2.4929003715515137,
            2.5050957202911377,
            2.4724316596984863,
            2.515157699584961,
            2.485614061355591,
            2.495203971862793,
            2.4850237369537354,
            2.5101795196533203,
            2.465726137161255,
            2.478980541229248,
            2.498079299926758
        ],
        "mse": [
            24.742910385131836,
            18.87648582458496,
            17.18016815185547,
            17.54286766052246,
            17.077470779418945,
            16.138235092163086,
            15.88238525390625,
            15.523459434509277,
            15.415270805358887,
            15.352705955505371,
            14.997221946716309,
            14.75285530090332,
            14.948034286499023,
            14.637385368347168,
            14.6945161819458,
            14.811164855957031,
            14.444783210754395,
            14.880200386047363,
            14.504844665527344,
            14.690009117126465,
            14.585497856140137,
            14.755121231079102,
            14.425292015075684,
            14.550216674804688,
            14.606781959533691
        ],
        "mae": [
            3.9264957904815674,
            3.3173069953918457,
            3.029284715652466,
            2.936462163925171,
            2.840134620666504,
            2.7176496982574463,
            2.6632328033447266,
            2.612689256668091,
            2.5910744667053223,
            2.5806756019592285,
            2.532442808151245,
            2.5146663188934326,
            2.526407480239868,
            2.4935760498046875,
            2.4929003715515137,
            2.5050957202911377,
            2.4724316596984863,
            2.515157699584961,
            2.485614061355591,
            2.495203971862793,
            2.4850237369537354,
            2.5101795196533203,
            2.465726137161255,
            2.478980541229248,
            2.498079299926758
        ],
        "accuracy": [
            0.0007062146905809641,
            0.0007062146905809641,
            0.0007062146905809641,
            0.0007062146905809641,
            0.0007062146905809641,
            0.0007062146905809641,
            0.0007062146905809641,
            0.0007062146905809641,
            0.0007062146905809641,
            0.0007062146905809641,
            0.0007062146905809641,
            0.0007062146905809641,
            0.0007062146905809641,
            0.0007062146905809641,
            0.0007062146905809641,
            0.0007062146905809641,
            0.0007062146905809641,
            0.0007062146905809641,
            0.0007062146905809641,
            0.0007062146905809641,
            0.0007062146905809641,
            0.0007062146905809641,
            0.0007062146905809641,
            0.0007062146905809641,
            0.0007062146905809641
        ]
    }
}