{
    "Centralized Individual": {
        "loss": [
            42.08168029785156,
            32.38166427612305,
            30.601537704467773,
            29.1857852935791,
            27.82854461669922,
            26.511863708496094,
            25.273710250854492,
            24.166656494140625,
            23.149734497070312,
            22.215900421142578,
            21.359283447265625,
            20.57062339782715,
            19.819856643676758,
            19.131494522094727,
            18.44140625,
            17.820138931274414,
            17.253253936767578,
            16.686864852905273,
            16.155675888061523,
            15.660449028015137,
            15.19304370880127,
            14.760896682739258,
            14.354141235351562,
            13.983617782592773,
            13.62354564666748
        ],
        "val_loss": [
            27.344036102294922,
            26.383176803588867,
            25.344554901123047,
            24.163043975830078,
            23.02423667907715,
            21.759960174560547,
            20.71660041809082,
            19.949260711669922,
            19.25259780883789,
            18.64563751220703,
            17.928335189819336,
            17.44974708557129,
            16.91715431213379,
            16.46014976501465,
            15.980487823486328,
            15.51925277709961,
            15.273721694946289,
            14.813035011291504,
            14.480712890625,
            14.131369590759277,
            13.775739669799805,
            13.61213207244873,
            13.269543647766113,
            13.04567813873291,
            12.960320472717285
        ],
        "mse": [
            1673.34814453125,
            1318.180908203125,
            1202.1077880859375,
            1103.588134765625,
            1014.8049926757812,
            943.0263061523438,
            874.432373046875,
            804.9638061523438,
            745.7553100585938,
            692.698974609375,
            653.5526733398438,
            609.3303833007812,
            573.4923706054688,
            539.0097045898438,
            509.3851623535156,
            483.83404541015625,
            454.12359619140625,
            433.4093017578125,
            412.2731628417969,
            393.77056884765625,
            377.600341796875,
            359.8875732421875,
            346.6876220703125,
            333.6983947753906,
            321.56939697265625
        ],
        "mae": [
            27.344036102294922,
            26.383176803588867,
            25.344554901123047,
            24.163043975830078,
            23.02423667907715,
            21.759960174560547,
            20.71660041809082,
            19.949260711669922,
            19.25259780883789,
            18.64563751220703,
            17.928335189819336,
            17.44974708557129,
            16.91715431213379,
            16.46014976501465,
            15.980487823486328,
            15.51925277709961,
            15.273721694946289,
            14.813035011291504,
            14.480713844299316,
            14.131369590759277,
            13.775739669799805,
            13.61213207244873,
            13.269543647766113,
            13.04567813873291,
            12.960320472717285
        ],
        "accuracy": [
            0.005649717524647713,
            0.007062146905809641,
            0.010593220591545105,
            0.00988700520247221,
            0.011299435049295425,
            0.010593220591545105,
            0.00918079074472189,
            0.008474576286971569,
            0.007768361363559961,
            0.007062146905809641,
            0.007062146905809641,
            0.007062146905809641,
            0.007062146905809641,
            0.007062146905809641,
            0.006355931982398033,
            0.005649717524647713,
            0.005649717524647713,
            0.0042372881434857845,
            0.0042372881434857845,
            0.0035310734529048204,
            0.0035310734529048204,
            0.0035310734529048204,
            0.0042372881434857845,
            0.0035310734529048204,
            0.0028248587623238564
        ]
    }
}