{
    "Centralized Individual": {
        "loss": [
            41.528480529785156,
            29.8077392578125,
            27.197477340698242,
            25.267486572265625,
            23.619733810424805,
            22.213191986083984,
            21.026578903198242,
            19.993562698364258,
            19.054668426513672,
            18.229894638061523,
            17.474353790283203,
            16.789094924926758,
            16.160099029541016,
            15.573887825012207,
            15.059911727905273,
            14.596967697143555,
            14.197931289672852,
            13.817395210266113,
            13.491009712219238,
            13.195696830749512,
            12.933229446411133,
            12.714025497436523,
            12.527764320373535,
            12.350053787231445,
            12.210674285888672,
            12.073941230773926,
            11.959474563598633,
            11.855189323425293,
            11.752821922302246,
            11.684979438781738,
            11.602365493774414,
            11.53878116607666,
            11.462854385375977,
            11.401043891906738,
            11.336931228637695,
            11.288675308227539,
            11.24630069732666,
            11.184978485107422,
            11.14486312866211,
            11.102115631103516,
            11.054827690124512,
            11.013564109802246,
            10.978870391845703,
            10.937156677246094,
            10.898274421691895,
            10.862979888916016,
            10.862655639648438,
            10.79358959197998,
            10.761686325073242,
            10.734485626220703
        ],
        "val_loss": [
            25.478139877319336,
            23.464399337768555,
            21.981510162353516,
            20.39163589477539,
            19.139202117919922,
            18.319618225097656,
            17.6473445892334,
            16.995771408081055,
            16.360275268554688,
            15.75111198425293,
            15.321609497070312,
            14.692414283752441,
            14.332640647888184,
            13.918240547180176,
            13.539743423461914,
            13.168636322021484,
            13.04914665222168,
            13.002021789550781,
            12.594254493713379,
            12.506999015808105,
            12.303316116333008,
            12.285533905029297,
            12.045527458190918,
            12.11844253540039,
            11.939685821533203,
            11.849754333496094,
            11.832937240600586,
            11.81207275390625,
            11.780232429504395,
            11.647915840148926,
            11.625833511352539,
            11.578174591064453,
            11.538227081298828,
            11.553156852722168,
            11.475960731506348,
            11.467486381530762,
            11.467720031738281,
            11.439966201782227,
            11.310832977294922,
            11.431891441345215,
            11.389389038085938,
            11.392857551574707,
            11.343907356262207,
            11.21286678314209,
            11.207971572875977,
            11.226578712463379,
            11.173568725585938,
            11.177578926086426,
            11.170150756835938,
            11.160015106201172
        ],
        "mse": [
            1544.346923828125,
            1116.91064453125,
            966.8495483398438,
            865.3172607421875,
            779.8145141601562,
            699.14599609375,
            635.6400756835938,
            585.4002685546875,
            544.8963623046875,
            510.5314636230469,
            477.403076171875,
            453.9723815917969,
            427.2186279296875,
            406.2738342285156,
            388.8243713378906,
            376.8677062988281,
            357.31463623046875,
            345.7583312988281,
            335.1174011230469,
            325.86883544921875,
            318.292724609375,
            312.57720947265625,
            306.3704833984375,
            302.888916015625,
            297.79339599609375,
            293.8674011230469,
            291.0754699707031,
            288.7790222167969,
            286.652099609375,
            283.0378112792969,
            281.2950134277344,
            279.2247619628906,
            277.2462158203125,
            276.8477478027344,
            274.1182861328125,
            273.1711730957031,
            272.5528259277344,
            271.1649475097656,
            267.7643127441406,
            270.1912841796875,
            268.5830383300781,
            268.3835144042969,
            266.3671569824219,
            262.4993896484375,
            261.85662841796875,
            261.5889892578125,
            259.7185974121094,
            259.8231201171875,
            259.2358703613281,
            258.86004638671875
        ],
        "mae": [
            25.478139877319336,
            23.464399337768555,
            21.981510162353516,
            20.391637802124023,
            19.139202117919922,
            18.319618225097656,
            17.6473445892334,
            16.995769500732422,
            16.360275268554688,
            15.75111198425293,
            15.321609497070312,
            14.692414283752441,
            14.332640647888184,
            13.918240547180176,
            13.539743423461914,
            13.168636322021484,
            13.04914665222168,
            13.002021789550781,
            12.594254493713379,
            12.506999015808105,
            12.303316116333008,
            12.285533905029297,
            12.045527458190918,
            12.11844253540039,
            11.939685821533203,
            11.849754333496094,
            11.832937240600586,
            11.81207275390625,
            11.780232429504395,
            11.647915840148926,
            11.625833511352539,
            11.578174591064453,
            11.538227081298828,
            11.553156852722168,
            11.475960731506348,
            11.467486381530762,
            11.467720031738281,
            11.439966201782227,
            11.310832977294922,
            11.431891441345215,
            11.389389038085938,
            11.392857551574707,
            11.343907356262207,
            11.21286678314209,
            11.207971572875977,
            11.226578712463379,
            11.173568725585938,
            11.177578926086426,
            11.170150756835938,
            11.160015106201172
        ],