{
    "Centralized Individual": {
        "loss": [
            10.38417911529541,
            6.995691776275635,
            5.892648696899414,
            5.1695237159729,
            4.704634189605713,
            4.3732452392578125,
            4.119947910308838,
            3.923304557800293,
            3.7531533241271973,
            3.6193301677703857,
            3.5084357261657715,
            3.425140380859375,
            3.3521738052368164,
            3.3054261207580566,
            3.258457660675049,
            3.2247090339660645,
            3.2027690410614014,
            3.183551549911499,
            3.1719095706939697,
            3.1588187217712402,
            3.15030574798584,
            3.1426799297332764,
            3.1340620517730713,
            3.1262083053588867,
            3.1191792488098145
        ],
        "val_loss": [
            7.535613536834717,
            6.227639198303223,
            5.583618640899658,
            5.08938455581665,
            4.831117630004883,
            4.574832439422607,
            4.364752769470215,
            4.227956295013428,
            4.073047637939453,
            3.987874984741211,
            3.906817674636841,
            3.771176338195801,
            3.7282986640930176,
            3.6778411865234375,
            3.667933940887451,
            3.625155448913574,
            3.649142265319824,
            3.6257193088531494,
            3.585832357406616,
            3.5534398555755615,
            3.5613296031951904,
            3.5251543521881104,
            3.5272998809814453,
            3.538870334625244,
            3.5244791507720947
        ],
        "mse": [
            84.87818908691406,
            61.65749740600586,
            49.60873031616211,
            42.8762092590332,
            39.783592224121094,
            37.15962600708008,
            35.12314224243164,
            34.03451156616211,
            32.59050750732422,
            32.090179443359375,
            31.5963077545166,
            29.832107543945312,
            29.857694625854492,
            29.471660614013672,
            29.615581512451172,
            29.179088592529297,
            29.65608787536621,
            29.434118270874023,
            28.973670959472656,
            28.55669593811035,
            28.831220626831055,
            28.29515266418457,
            28.37801742553711,
            28.52707862854004,
            28.37923240661621
        ],
        "mae": [
            7.535613536834717,
            6.227639198303223,
            5.583618640899658,
            5.08938455581665,
            4.831117630004883,
            4.574832439422607,
            4.364752769470215,
            4.227956295013428,
            4.073047637939453,
            3.987874984741211,
            3.906817674636841,
            3.7711758613586426,
            3.7282986640930176,
            3.6778411865234375,
            3.667933940887451,
            3.625155448913574,
            3.649142265319824,
            3.6257193088531494,
            3.585832357406616,
            3.5534398555755615,
            3.5613296031951904,
            3.5251543521881104,
            3.5272998809814453,
            3.538870334625244,
            3.5244791507720947
        ],
        "accuracy": [
            0.0,
            0.0,
            0.0,
            0.0,
            0.0,
            0.0,
            0.0,
            0.0,
            0.0,
            0.0,
            0.0,
            0.0,
            0.0,
            0.0,
            0.0,
            0.0,
            0.0,
            0.0,
            0.0,
            0.0,
            0.0,
            0.0,
            0.0,
            0.0,
            0.0
        ]
    }
}