{
    "Centralized Individual": {
        "loss": [
            10.258227348327637,
            6.0226664543151855,
            5.023568153381348,
            4.460405349731445,
            4.106200218200684,
            3.8769278526306152,
            3.7061831951141357,
            3.584947109222412,
            3.4868111610412598,
            3.4077043533325195,
            3.3431825637817383,
            3.293816328048706,
            3.26920223236084,
            3.247211456298828,
            3.215196132659912,
            3.209535598754883,
            3.2041845321655273,
            3.203141927719116,
            3.189885377883911,
            3.173419952392578,
            3.168226480484009,
            3.1661324501037598,
            3.1582553386688232,
            3.1551361083984375,
            3.15279221534729,
            3.148637294769287,
            3.1437160968780518,
            3.1400716304779053,
            3.1415390968322754,
            3.1362812519073486,
            3.1305437088012695,
            3.128777503967285,
            3.1291868686676025,
            3.1153624057769775,
            3.1158735752105713,
            3.1107215881347656,
            3.109431266784668,
            3.107971668243408,
            3.104097366333008,
            3.098836898803711,
            3.1072537899017334,
            3.0994462966918945,
            3.10482120513916,
            3.0994577407836914,
            3.1022727489471436,
            3.093569040298462,
            3.0865888595581055,
            3.094407081604004,
            3.0924174785614014,
            3.0869455337524414
        ],
        "val_loss": [
            6.622237205505371,
            5.550809860229492,
            4.965507507324219,
            4.608706474304199,
            4.395835876464844,
            4.2052321434021,
            4.084637641906738,
            3.9957072734832764,
            3.8882012367248535,
            3.8098530769348145,
            3.8143858909606934,
            3.6980066299438477,
            3.6536331176757812,
            3.6634721755981445,
            3.6742630004882812,
            3.6156837940216064,
            3.5868406295776367,
            3.5684452056884766,
            3.5753140449523926,
            3.580860137939453,
            3.572484254837036,
            3.5417301654815674,
            3.540572166442871,
            3.554373264312744,
            3.536691188812256,
            3.562279224395752,
            3.5228161811828613,
            3.5349361896514893,
            3.5096070766448975,
            3.512615203857422,
            3.5065810680389404,
            3.533341407775879,
            3.4973771572113037,
            3.522732734680176,
            3.4879446029663086,
            3.551137924194336,
            3.5303728580474854,
            3.4838101863861084,
            3.488351821899414,
            3.486567497253418,
            3.4757680892944336,
            3.5302133560180664,
            3.4697000980377197,
            3.4754834175109863,
            3.566254138946533,
            3.4719042778015137,
            3.4840476512908936,
            3.542145013809204,
            3.460045337677002,
            3.4676778316497803
        ],
        "mse": [
            68.2338638305664,
            49.29060363769531,
            41.235877990722656,
            37.482357025146484,
            35.68815612792969,
            33.67701721191406,
            32.5997314453125,
            31.925968170166016,
            30.765562057495117,
            30.083498001098633,
            30.6429500579834,
            29.152084350585938,
            28.70793342590332,
            29.23982810974121,
            29.57300567626953,
            28.7000789642334,
            28.490541458129883,
            28.068946838378906,
            28.438873291015625,
            28.636451721191406,
            28.56069564819336,
            28.113882064819336,
            28.187204360961914,
            28.4144229888916,
            28.202484130859375,
            28.49829864501953,
            28.006799697875977,
            28.26831817626953,
            27.750877380371094,
            27.73800277709961,
            27.829620361328125,
            28.435806274414062,
            27.676095962524414,
            28.093467712402344,
            27.642070770263672,
            28.452192306518555,
            28.394853591918945,
            27.513559341430664,
            27.739994049072266,
            27.778701782226562,
            27.665119171142578,
            28.269853591918945,
            27.480518341064453,
            27.792146682739258,
            28.515348434448242,
            27.735897064208984,
            27.565406799316406,
            28.210630416870117,
            27.540668487548828,
            27.36627960205078
        ],
        "mae": [
            6.622237205505371,
            5.55081033706665,
            4.965507507324219,
            4.608706474304199,
            4.395835876464844,
            4.2052321434021,
            4.084637641906738,
            3.9957072734832764,
            3.8882012367248535,
            3.8098530769348145,
            3.8143858909606934,
            3.6980066299438477,
            3.6536331176757812,
            3.6634721755981445,
            3.6742630004882812,
            3.6156837940216064,
            3.586840867996216,
            3.5684452056884766,
            3.5753140449523926,
            3.580860137939453,
            3.572484254837036,
            3.5417301654815674,
            3.540572166442871,
            3.554373264312744,
            3.536691188812256,
            3.562279224395752,
            3.5228161811828613,
            3.5349361896514893,
            3.5096070766448975,
            3.512615203857422,
            3.5065810680389404,
            3.533341407775879,
            3.4973771572113037,
            3.522732734680176,
            3.4879446029663086,
            3.551137924194336,
            3.5303728580474854,
            3.4838101863861084,
            3.488351821899414,
            3.486567497253418,
            3.4757680892944336,
            3.5302133560180664,
            3.4697000980377197,
            3.4754834175109863,
            3.566254138946533,
            3.4719042778015137,
            3.4840476512908936,
            3.542145013809204,
            3.460045337677002,
            3.4676778316497803
        ],
        "accuracy": [
            0.0,
            0.0,
            0.0,
            0.0,
            0.0,
            0.0,
            0.0,
            0.0,
            0.0,
            0.0,
            0.0,
            0.0,
            0.0,
            0.0,
            0.0,
            0.0,
            0.0,
            0.0,
            0.0,
            0.0,
            0.0,
            0.0,
            0.0,
            0.0,
            0.0,
            0.0,
            0.0,
            0.0,
            0.0,
            0.0,
            0.0,
            0.0,
            0.0,
            0.0,
            0.0,
            0.0,
            0.0,
            0.0,
            0.0,
            0.0,
            0.0,
            0.0,
            0.0,
            0.0,
            0.0,
            0.0,
            0.0,
            0.0,
            0.0,
            0.0
        ]
    }
}