{
    "Centralized Individual": {
        "loss": [
            16.886655807495117,
            12.116266250610352,
            11.226221084594727,
            10.37673568725586,
            9.618515014648438,
            8.96163558959961,
            8.425732612609863,
            7.962297439575195,
            7.5612006187438965,
            7.199256896972656,
            6.883127212524414,
            6.606767177581787,
            6.373667240142822,
            6.171341896057129,
            5.984838008880615,
            5.835999488830566,
            5.706908702850342,
            5.601584434509277,
            5.505727767944336,
            5.422089099884033,
            5.345355987548828,
            5.279519557952881,
            5.220351696014404,
            5.173019886016846,
            5.1288862228393555
        ],
        "val_loss": [
            10.35365104675293,
            10.241135597229004,
            9.562241554260254,
            9.204240798950195,
            8.689297676086426,
            8.26545238494873,
            8.216686248779297,
            7.934312343597412,
            7.7567458152771,
            7.594179153442383,
            7.401222229003906,
            7.2655816078186035,
            7.1966471672058105,
            7.144224166870117,
            6.841886520385742,
            6.845250606536865,
            6.766726493835449,
            6.660757064819336,
            6.4688920974731445,
            6.5674848556518555,
            6.4584641456604,
            6.521927833557129,
            6.348580360412598,
            6.282605171203613,
            6.30523157119751
        ],
        "mse": [
            167.81739807128906,
            163.5132293701172,
            144.9110870361328,
            136.222900390625,
            124.0259780883789,
            114.87677764892578,
            115.13479614257812,
            109.40162658691406,
            106.40673828125,
            103.67634582519531,
            100.17906188964844,
            98.15666961669922,
            97.58430480957031,
            97.3127212524414,
            90.73108673095703,
            91.6323471069336,
            90.46226501464844,
            88.62523651123047,
            84.68438720703125,
            87.5824203491211,
            85.48954772949219,
            87.0480728149414,
            83.71904754638672,
            82.60514831542969,
            83.43537902832031
        ],
        "mae": [
            10.35365104675293,
            10.241135597229004,
            9.562241554260254,
            9.204240798950195,
            8.689297676086426,
            8.26545238494873,
            8.216686248779297,
            7.934312343597412,
            7.7567458152771,
            7.594179153442383,
            7.401222229003906,
            7.2655816078186035,
            7.196647644042969,
            7.144223690032959,
            6.841886520385742,
            6.845250606536865,
            6.766726493835449,
            6.660757064819336,
            6.4688920974731445,
            6.567485809326172,
            6.4584641456604,
            6.5219292640686035,
            6.348580360412598,
            6.282605171203613,
            6.30523157119751
        ],
        "accuracy": [
            0.014124293811619282,
            0.016242938116192818,
            0.016242938116192818,
            0.016242938116192818,
            0.016242938116192818,
            0.015536722727119923,
            0.014830508269369602,
            0.015536722727119923,
            0.016242938116192818,
            0.016242938116192818,
            0.016242938116192818,
            0.016242938116192818,
            0.016242938116192818,
            0.016949152573943138,
            0.016949152573943138,
            0.016242938116192818,
            0.016242938116192818,
            0.016949152573943138,
            0.01836158148944378,
            0.01836158148944378,
            0.01836158148944378,
            0.01765536703169346,
            0.01836158148944378,
            0.01836158148944378,
            0.01765536703169346
        ]
    }
}