{
    "Centralized Individual": {
        "loss": [
            25.005159378051758,
            17.74411392211914,
            16.657302856445312,
            15.8130464553833,
            15.052411079406738,
            14.385007858276367,
            13.778061866760254,
            13.208765029907227,
            12.685447692871094,
            12.180689811706543,
            11.702110290527344,
            11.25185489654541,
            10.83116626739502,
            10.435087203979492,
            10.067172050476074,
            9.735560417175293,
            9.416550636291504,
            9.129719734191895,
            8.890432357788086,
            8.650796890258789,
            8.4490966796875,
            8.27315616607666,
            8.106151580810547,
            7.975592136383057,
            7.840212821960449,
            7.7212700843811035,
            7.611858367919922,
            7.50973653793335,
            7.424488067626953,
            7.359724521636963,
            7.265193462371826,
            7.190474510192871,
            7.124740123748779,
            7.060272216796875,
            7.005471229553223,
            6.951472282409668,
            6.904661178588867,
            6.859375953674316,
            6.815544128417969,
            6.766322135925293,
            6.7294392585754395,
            6.699629783630371,
            6.672501087188721,
            6.6322340965271,
            6.601866722106934,
            6.565615653991699,
            6.5408430099487305,
            6.529890537261963,
            6.517836093902588,
            6.464730739593506
        ],
        "val_loss": [
            14.267322540283203,
            14.229578018188477,
            13.886316299438477,
            13.384039878845215,
            12.794292449951172,
            12.349992752075195,
            12.032748222351074,
            11.645459175109863,
            11.554007530212402,
            10.996650695800781,
            11.038433074951172,
            10.589067459106445,
            10.473220825195312,
            10.64357852935791,
            10.198064804077148,
            9.878965377807617,
            9.747477531433105,
            9.460505485534668,
            9.474929809570312,
            9.520740509033203,
            9.228219985961914,
            9.304479598999023,
            9.168889999389648,
            9.107133865356445,
            9.0275239944458,
            9.031988143920898,
            9.10477352142334,
            8.98728084564209,
            8.85725212097168,
            8.633720397949219,
            8.558271408081055,
            8.730056762695312,
            8.446220397949219,
            8.587867736816406,
            8.34307861328125,
            8.417389869689941,
            8.404019355773926,
            8.458439826965332,
            8.20645523071289,
            8.23051929473877,
            8.388846397399902,
            8.131396293640137,
            8.200715065002441,
            8.133516311645508,
            8.048995971679688,
            7.957910060882568,
            7.860653400421143,
            7.928293704986572,
            8.092453002929688,
            7.935015678405762
        ],
        "mse": [
            321.5916442871094,
            303.02227783203125,
            290.1613464355469,
            271.5080261230469,
            249.80250549316406,
            234.3559112548828,
            224.19590759277344,
            211.91738891601562,
            211.8428497314453,
            193.9280548095703,
            199.327880859375,
            185.792724609375,
            185.45742797851562,
            195.79844665527344,
            182.34312438964844,
            173.85736083984375,
            172.00526428222656,
            163.8292236328125,
            166.76806640625,
            170.4388885498047,
            161.23602294921875,
            165.4711151123047,
            161.86358642578125,
            160.72698974609375,
            158.87745666503906,
            160.0063934326172,
            163.49884033203125,
            159.95616149902344,
            156.1757354736328,
            149.08001708984375,
            147.09742736816406,
            153.79208374023438,
            144.51588439941406,
            150.07135009765625,
            142.10057067871094,
            145.18556213378906,
            145.31153869628906,
            147.2512969970703,
            139.4470977783203,
            140.60638427734375,
            145.68136596679688,
            137.97833251953125,
            140.3894805908203,
            138.53652954101562,
            136.1752166748047,
            133.5345916748047,
            130.0832061767578,
            132.95208740234375,
            138.0020751953125,
            133.61441040039062
        ],
        "mae": [
            14.267322540283203,
            14.229578018188477,
            13.886317253112793,
            13.384039878845215,
            12.794292449951172,
            12.349992752075195,
            12.032748222351074,
            11.645459175109863,
            11.554007530212402,
            10.996650695800781,
            11.038433074951172,
            10.589067459106445,
            10.473220825195312,
            10.64357852935791,
            10.198064804077148,
            9.878965377807617,
            9.747477531433105,
            9.460505485534668,
            9.474929809570312,
            9.520740509033203,
            9.228219985961914,
            9.304479598999023,
            9.168889999389648,
            9.107133865356445,
            9.0275239944458,
            9.031988143920898,
            9.10477352142334,
            8.987281799316406,
            8.85725212097168,
            8.633720397949219,
            8.558271408081055,
            8.730056762695312,
            8.446220397949219,
            8.587867736816406,
            8.34307861328125,
            8.417389869689941,
            8.404019355773926,
            8.458439826965332,
            8.20645523071289,
            8.23051929473877,
            8.388846397399902,
            8.131396293640137,
            8.200715065002441,
            8.133516311645508,
            8.048995971679688,
            7.957910060882568,
            7.860653400421143,
            7.928293704986572,
            8.092453002929688,
            7.935015678405762
        ],
        "accuracy": [
            0.0,
            0.0,
            0.0,
            0.0,
            0.0,
            0.0,
            0.0,
            0.0,
            0.0,
            0.0,
            0.0,
            0.0,
            0.0,
            0.0,
            0.0,
            0.0,
            0.0,
            0.0,
            0.0,
            0.0,
            0.0,
            0.0,
            0.0,
            0.0,
            0.0,
            0.0,
            0.0,
            0.0,
            0.0,
            0.0,
            0.0,
            0.0,
            0.0,
            0.0,
            0.0,
            0.0,
            0.0,
            0.0,
            0.0,
            0.0,
            0.0,
            0.0,
            0.0,
            0.0,
            0.0,
            0.0,
            0.0,
            0.0,
            0.0,
            0.0
        ]
    }
}