{
    "Centralized Individual": {
        "loss": [
            29.358760833740234,
            20.499595642089844,
            18.559572219848633,
            17.061304092407227,
            15.867585182189941,
            14.980565071105957,
            14.337998390197754,
            13.871005058288574,
            13.498651504516602,
            13.203442573547363,
            12.943208694458008,
            12.712252616882324,
            12.500706672668457,
            12.301373481750488,
            12.113140106201172,
            11.948141098022461,
            11.786033630371094,
            11.635222434997559,
            11.486976623535156,
            11.34731674194336,
            11.2139253616333,
            11.087198257446289,
            10.962774276733398,
            10.847135543823242,
            10.727867126464844,
            10.62642765045166,
            10.511504173278809,
            10.414530754089355,
            10.315876960754395,
            10.212151527404785,
            10.116262435913086,
            10.033615112304688,
            9.936299324035645,
            9.855968475341797,
            9.766847610473633,
            9.693622589111328,
            9.614097595214844,
            9.546688079833984,
            9.459273338317871,
            9.419605255126953,
            9.323454856872559,
            9.265275955200195,
            9.209705352783203,
            9.142881393432617,
            9.08708667755127,
            9.038309097290039,
            8.99059009552002,
            8.931183815002441,
            8.883194923400879,
            8.835037231445312
        ],
        "val_loss": [
            21.210403442382812,
            19.616302490234375,
            18.275432586669922,
            17.091915130615234,
            16.285173416137695,
            15.795082092285156,
            15.408305168151855,
            15.146081924438477,
            14.949193954467773,
            14.78658676147461,
            14.60293197631836,
            14.3888578414917,
            14.226912498474121,
            14.120039939880371,
            13.917263984680176,
            13.811306953430176,
            13.656309127807617,
            13.44349479675293,
            13.365208625793457,
            13.297999382019043,
            13.054709434509277,
            12.988340377807617,
            12.826298713684082,
            12.735176086425781,
            12.60617733001709,
            12.495744705200195,
            12.364184379577637,
            12.262292861938477,
            12.151830673217773,
            12.058769226074219,
            11.972513198852539,
            11.863940238952637,
            11.779462814331055,
            11.683695793151855,
            11.593454360961914,
            11.514740943908691,
            11.478480339050293,
            11.338265419006348,
            11.275294303894043,
            11.207003593444824,
            11.103100776672363,
            11.106841087341309,
            10.98183822631836,
            10.911264419555664,
            10.831183433532715,
            10.792011260986328,
            10.712854385375977,
            10.679211616516113,
            10.645435333251953,
            10.569348335266113
        ],
        "mse": [
            774.1487426757812,
            573.33349609375,
            502.245361328125,
            452.8362121582031,
            416.9031677246094,
            391.3445129394531,
            374.87152099609375,
            362.45947265625,
            353.3741760253906,
            346.9809875488281,
            340.55877685546875,
            332.70477294921875,
            327.18218994140625,
            324.8671569824219,
            317.1092529296875,
            314.81494140625,
            309.7554626464844,
            300.8143310546875,
            300.673583984375,
            300.77581787109375,
            289.10711669921875,
            289.2327880859375,
            282.3802795410156,
            280.61993408203125,
            275.5511474609375,
            271.9891357421875,
            265.5460205078125,
            264.1523742675781,
            258.9236755371094,
            258.2066345214844,
            257.1278991699219,
            253.07901000976562,
            250.30299377441406,
            247.28334045410156,
            245.70654296875,
            243.99600219726562,
            244.79429626464844,
            236.60369873046875,
            236.73146057128906,
            235.5367889404297,
            229.41712951660156,
            234.06680297851562,
            228.49713134765625,
            226.3735809326172,
            223.26190185546875,
            223.09971618652344,
            219.70896911621094,
            220.10975646972656,
            219.8125,
            216.77928161621094
        ],
        "mae": [
            21.210403442382812,
            19.616302490234375,
            18.275432586669922,
            17.091915130615234,
            16.285173416137695,
            15.795082092285156,
            15.408305168151855,
            15.146081924438477,
            14.949193954467773,
            14.78658676147461,
            14.60293197631836,
            14.3888578414917,
            14.226912498474121,
            14.120039939880371,
            13.917263984680176,
            13.811306953430176,
            13.656309127807617,
            13.44349479675293,
            13.365208625793457,
            13.297999382019043,
            13.054709434509277,
            12.988340377807617,
            12.826298713684082,
            12.735176086425781,
            12.60617733001709,
            12.495744705200195,
            12.364184379577637,
            12.262292861938477,
            12.151830673217773,
            12.058769226074219,
            11.972513198852539,
            11.863940238952637,
            11.779462814331055,
            11.683695793151855,
            11.593454360961914,
            11.514740943908691,
            11.478480339050293,
            11.338265419006348,
            11.275294303894043,
            11.207003593444824,
            11.103100776672363,
            11.106841087341309,
            10.98183822631836,
            10.911264419555664,
            10.831183433532715,
            10.792011260986328,
            10.712854385375977,
            10.679211616516113,
            10.645435333251953,
            10.569348335266113
        ],