{
    "Centralized Individual": {
        "loss": [
            6.530673503875732,
            3.6669466495513916,
            3.2826294898986816,
            3.0870168209075928,
            2.9614858627319336,
            2.849720001220703,
            2.7722535133361816,
            2.718806028366089,
            2.6818795204162598,
            2.650714635848999,
            2.6361865997314453,
            2.620450496673584,
            2.6142356395721436,
            2.600191354751587,
            2.588620185852051,
            2.586498498916626,
            2.582885503768921,
            2.575045108795166,
            2.5716311931610107,
            2.577314853668213,
            2.5634093284606934,
            2.566143751144409,
            2.5605428218841553,
            2.554640293121338,
            2.548382043838501,
            2.5448124408721924,
            2.54343318939209,
            2.546205520629883,
            2.542861223220825,
            2.5382933616638184,
            2.541989803314209,
            2.5347564220428467,
            2.5352187156677246,
            2.535949230194092,
            2.5382986068725586,
            2.547574758529663,
            2.535273551940918,
            2.5293822288513184,
            2.525202989578247,
            2.5256569385528564,
            2.522972583770752,
            2.5330111980438232,
            2.5242702960968018,
            2.5238242149353027,
            2.519855499267578,
            2.531364679336548,
            2.528939723968506,
            2.521937847137451,
            2.5209691524505615,
            2.5161211490631104
        ],
        "val_loss": [
            4.207509517669678,
            3.713569164276123,
            3.520967483520508,
            3.4091787338256836,
            3.2745020389556885,
            3.154677629470825,
            3.089690923690796,
            3.0286431312561035,
            3.01035213470459,
            2.991792678833008,
            2.9884989261627197,
            2.962822675704956,
            2.9586527347564697,
            2.9421989917755127,
            2.9789366722106934,
            2.9305148124694824,
            2.9415297508239746,
            2.924722909927368,
            2.9161672592163086,
            2.9199228286743164,
            2.9111318588256836,
            2.93733549118042,
            2.910048723220825,
            2.9065492153167725,
            2.9139459133148193,
            2.920699119567871,
            2.9020936489105225,
            2.9052133560180664,
            2.894770622253418,
            2.904533863067627,
            2.890826463699341,
            2.8987884521484375,
            2.8864381313323975,
            2.8846418857574463,
            2.884071111679077,
            2.9068849086761475,
            2.880720615386963,
            2.8984668254852295,
            2.896160840988159,
            2.9251246452331543,
            2.8919572830200195,
            2.8851969242095947,
            2.8780336380004883,
            2.898292303085327,
            2.886800765991211,
            2.915529489517212,
            2.9184484481811523,
            2.874516487121582,
            2.8799808025360107,
            2.8661949634552
        ],
        "mse": [
            28.221820831298828,
            23.479713439941406,
            21.630651473999023,
            21.693248748779297,
            20.497600555419922,
            19.317827224731445,
            18.995817184448242,
            18.32150650024414,
            18.56818962097168,
            18.506908416748047,
            18.635826110839844,
            18.294326782226562,
            17.936485290527344,
            18.084701538085938,
            18.657611846923828,
            17.838350296020508,
            18.272138595581055,
            17.966341018676758,
            17.73537254333496,
            17.880706787109375,
            17.610139846801758,
            18.233192443847656,
            17.829524993896484,
            17.7930850982666,
            17.932748794555664,
            18.05028533935547,
            17.784414291381836,
            17.84295654296875,
            17.678686141967773,
            17.891618728637695,
            17.646638870239258,
            17.83079719543457,
            17.49111557006836,
            17.571760177612305,
            17.543270111083984,
            17.851486206054688,
            17.508047103881836,
            17.821640014648438,
            17.79935073852539,
            18.1789493560791,
            17.790334701538086,
            17.626089096069336,
            17.49692153930664,
            17.905790328979492,
            17.74026107788086,
            18.11716079711914,
            18.065156936645508,
            17.574764251708984,
            17.6821346282959,
            17.3701114654541
        ],
        "mae": [
            4.207509517669678,
            3.713569164276123,
            3.520967483520508,
            3.4091787338256836,
            3.2745020389556885,
            3.154677629470825,
            3.089690923690796,
            3.0286431312561035,
            3.01035213470459,
            2.991792678833008,
            2.9884989261627197,
            2.962822675704956,
            2.9586527347564697,
            2.9421989917755127,
            2.9789366722106934,
            2.930514335632324,
            2.9415297508239746,
            2.924722909927368,
            2.9161672592163086,
            2.9199228286743164,
            2.9111318588256836,
            2.93733549118042,
            2.910048723220825,
            2.9065492153167725,
            2.9139459133148193,
            2.920699119567871,
            2.9020936489105225,
            2.9052133560180664,
            2.894770622253418,
            2.904533863067627,
            2.890826463699341,
            2.8987884521484375,
            2.8864381313323975,
            2.8846418857574463,
            2.884071111679077,
            2.9068849086761475,
            2.880720615386963,
            2.8984668254852295,
            2.896160840988159,
            2.9251246452331543,
            2.8919572830200195,
            2.8851969242095947,
            2.8780336380004883,
            2.898292303085327,
            2.886800765991211,
            2.915529489517212,
            2.9184484481811523,
            2.874516487121582,
            2.8799808025360107,
            2.8661949634552
        ],