{
    "Centralized Individual": {
        "loss": [
            34.091087341308594,
            27.102317810058594,
            25.893007278442383,
            24.80376625061035,
            23.74264144897461,
            22.77062225341797,
            21.926671981811523,
            21.2103214263916,
            20.572317123413086,
            20.007339477539062,
            19.489612579345703,
            19.016298294067383,
            18.595684051513672,
            18.209781646728516,
            17.867389678955078,
            17.551801681518555,
            17.255802154541016,
            17.005779266357422,
            16.75335693359375,
            16.52883529663086,
            16.31048011779785,
            16.119632720947266,
            15.91823959350586,
            15.728604316711426,
            15.553430557250977,
            15.375277519226074,
            15.213715553283691,
            15.043492317199707,
            14.879188537597656,
            14.739112854003906,
            14.575425148010254,
            14.44373607635498,
            14.27319622039795,
            14.15967845916748,
            14.027509689331055,
            13.898441314697266,
            13.757919311523438,
            13.649806022644043,
            13.517284393310547,
            13.392780303955078,
            13.303747177124023,
            13.185346603393555,
            13.08203125,
            12.981058120727539,
            12.886209487915039,
            12.78691577911377,
            12.697698593139648,
            12.631684303283691,
            12.526814460754395,
            12.45952320098877
        ],
        "val_loss": [
            18.475906372070312,
            19.470476150512695,
            18.665075302124023,
            17.88663673400879,
            16.82022476196289,
            16.880632400512695,
            15.967565536499023,
            15.732433319091797,
            15.4399995803833,
            15.464221954345703,
            15.078828811645508,
            14.537498474121094,
            14.764156341552734,
            14.555274963378906,
            14.027535438537598,
            13.893928527832031,
            13.578248977661133,
            13.775964736938477,
            13.744773864746094,
            13.5936861038208,
            13.549402236938477,
            13.312423706054688,
            13.294974327087402,
            13.089722633361816,
            12.968024253845215,
            12.653688430786133,
            12.907928466796875,
            12.638760566711426,
            12.365918159484863,
            12.6500883102417,
            12.291106224060059,
            12.266190528869629,
            12.935199737548828,
            12.050749778747559,
            12.219237327575684,
            11.859272003173828,
            12.2839937210083,
            11.67681884765625,
            11.638402938842773,
            11.93868350982666,
            11.548421859741211,
            11.524397850036621,
            11.388123512268066,
            11.305103302001953,
            11.230688095092773,
            11.106287002563477,
            11.058342933654785,
            11.175182342529297,
            11.247559547424316,
            11.275875091552734
        ],
        "mse": [
            817.4625854492188,
            721.9619750976562,
            673.8324584960938,
            628.5770263671875,
            587.94091796875,
            555.497314453125,
            523.915283203125,
            499.8771057128906,
            478.8557434082031,
            464.0882263183594,
            445.9521179199219,
            427.3870849609375,
            421.421875,
            410.0546875,
            393.0926513671875,
            384.39105224609375,
            372.5716247558594,
            371.6382751464844,
            367.137451171875,
            359.98504638671875,
            355.8991394042969,
            347.0975646972656,
            344.3152160644531,
            336.7294006347656,
            331.4931945800781,
            321.2164306640625,
            326.7106018066406,
            317.5845031738281,
            308.2588806152344,
            315.5550231933594,
            303.6576232910156,
            301.93914794921875,
            323.11505126953125,
            293.7382507324219,
            298.4637756347656,
            286.51519775390625,
            299.9277038574219,
            279.8277587890625,
            278.2195739746094,
            287.94927978515625,
            274.759521484375,
            273.7394104003906,
            269.238037109375,
            266.4637756347656,
            263.91583251953125,
            259.6131591796875,
            257.9805603027344,
            262.34747314453125,
            264.8729553222656,
            266.0195617675781
        ],
        "mae": [
            18.475906372070312,
            19.470476150512695,
            18.665075302124023,
            17.88663673400879,
            16.82022476196289,
            16.880632400512695,
            15.967565536499023,
            15.732433319091797,
            15.4399995803833,
            15.464221954345703,
            15.078828811645508,
            14.537498474121094,
            14.764156341552734,
            14.555274963378906,
            14.027535438537598,
            13.893928527832031,
            13.578248977661133,
            13.775964736938477,
            13.744773864746094,
            13.5936861038208,
            13.549402236938477,
            13.312423706054688,
            13.294974327087402,
            13.089722633361816,
            12.968024253845215,
            12.653688430786133,
            12.907928466796875,
            12.638760566711426,
            12.365918159484863,
            12.6500883102417,
            12.291106224060059,
            12.266190528869629,
            12.935199737548828,
            12.050749778747559,
            12.219237327575684,
            11.859272003173828,
            12.2839937210083,
            11.67681884765625,
            11.638402938842773,
            11.93868350982666,
            11.548421859741211,
            11.524397850036621,
            11.388123512268066,
            11.305103302001953,
            11.230688095092773,
            11.106287002563477,
            11.058342933654785,
            11.175182342529297,
            11.247559547424316,
            11.275875091552734
        ],
        "accuracy": [
            0.0,
            0.0,
            0.0007062146905809641,
            0.0007062146905809641,
            0.0007062146905809641,
            0.0007062146905809641,
            0.0007062146905809641,
            0.0007062146905809641,
            0.0007062146905809641,
            0.0007062146905809641,
            0.0007062146905809641,
            0.0007062146905809641,
            0.0007062146905809641,
            0.0007062146905809641,
            0.0007062146905809641,
            0.0007062146905809641,
            0.0007062146905809641,
            0.0007062146905809641,
            0.0007062146905809641,
            0.0007062146905809641,
            0.0007062146905809641,
            0.0007062146905809641,
            0.0,
            0.0,
            0.0,
            0.0,
            0.0,
            0.0,
            0.0,
            0.0,
            0.0,
            0.0,
            0.0,
            0.0007062146905809641,
            0.0007062146905809641,
            0.0007062146905809641,
            0.0007062146905809641,
            0.0007062146905809641,
            0.0007062146905809641,
            0.0007062146905809641,
            0.0007062146905809641,
            0.0007062146905809641,
            0.0007062146905809641,
            0.0007062146905809641,
            0.0007062146905809641,
            0.0007062146905809641,
            0.0007062146905809641,
            0.0007062146905809641,
            0.0007062146905809641,
            0.0007062146905809641
        ]
    }
}