{
    "Centralized Individual": {
        "loss": [
            15.042901039123535,
            10.710460662841797,
            9.22122859954834,
            8.327693939208984,
            7.74057149887085,
            7.316715240478516,
            6.995561599731445,
            6.741392135620117,
            6.5516180992126465,
            6.403680324554443,
            6.279348373413086,
            6.18079137802124,
            6.098266124725342,
            6.030404567718506,
            5.967510223388672,
            5.914544582366943,
            5.858453273773193,
            5.805694103240967,
            5.76548957824707,
            5.719305038452148,
            5.678999423980713,
            5.6407670974731445,
            5.608593940734863,
            5.577112197875977,
            5.547766208648682,
            5.518418788909912,
            5.492002964019775,
            5.458508491516113,
            5.444331169128418,
            5.4121222496032715,
            5.393599987030029,
            5.372192859649658,
            5.352304458618164,
            5.330290794372559,
            5.322575569152832,
            5.299054145812988,
            5.28388786315918,
            5.268885135650635,
            5.254899978637695,
            5.2485480308532715,
            5.227838516235352,
            5.214681148529053,
            5.21464729309082,
            5.19255256652832,
            5.193663597106934,
            5.178368091583252,
            5.160451889038086,
            5.162096977233887,
            5.14168119430542,
            5.136865139007568
        ],
        "val_loss": [
            9.097900390625,
            7.955684185028076,
            7.310854434967041,
            6.954960823059082,
            6.700775146484375,
            6.491849422454834,
            6.275403022766113,
            6.095346450805664,
            5.9939866065979,
            5.882826805114746,
            5.747201919555664,
            5.708797454833984,
            5.5894694328308105,
            5.5336995124816895,
            5.486616611480713,
            5.448546409606934,
            5.438776016235352,
            5.385514736175537,
            5.330315589904785,
            5.3031907081604,
            5.266398906707764,
            5.243805885314941,
            5.198249816894531,
            5.177172660827637,
            5.157730579376221,
            5.1746907234191895,
            5.131157875061035,
            5.117275238037109,
            5.100146770477295,
            5.070730686187744,
            5.0811662673950195,
            5.034420490264893,
            5.004702091217041,
            5.060336589813232,
            4.997539043426514,
            4.973942279815674,
            4.9797682762146,
            4.964251518249512,
            4.972207069396973,
            4.960667133331299,
            4.936313629150391,
            5.09404993057251,
            4.908897399902344,
            4.965786457061768,
            4.901810646057129,
            4.9129438400268555,
            4.88712739944458,
            4.888794422149658,
            4.886195182800293,
            4.901511192321777
        ],
        "mse": [
            186.06275939941406,
            138.9539794921875,
            115.20970153808594,
            102.27445220947266,
            94.11042022705078,
            88.75074005126953,
            84.4395980834961,
            81.26541900634766,
            79.68284606933594,
            78.01597595214844,
            75.6402587890625,
            75.6136474609375,
            73.396484375,
            72.43041229248047,
            71.61400604248047,
            71.54888153076172,
            71.96630096435547,
            70.97045135498047,
            69.77005004882812,
            69.14834594726562,
            68.82350158691406,
            67.85530090332031,
            67.44483947753906,
            67.06974792480469,
            66.81819915771484,
            67.86914825439453,
            66.8721923828125,
            65.48763275146484,
            66.4556655883789,
            65.88984680175781,
            66.12605285644531,
            65.21232604980469,
            64.25662994384766,
            66.2845230102539,
            64.76605224609375,
            64.09712219238281,
            64.5129165649414,
            64.11837005615234,
            64.49632263183594,
            64.24637603759766,
            63.6348876953125,
            66.96495056152344,
            62.9706916809082,
            64.70744323730469,
            62.9852409362793,
            63.40592575073242,
            62.62848663330078,
            62.719207763671875,
            62.78001022338867,
            62.491825103759766
        ],
        "mae": [
            9.097900390625,
            7.955684185028076,
            7.310854434967041,
            6.954960823059082,
            6.700775146484375,
            6.491849422454834,
            6.275403022766113,
            6.095346450805664,
            5.9939866065979,
            5.882826805114746,
            5.747201919555664,
            5.708797454833984,
            5.5894694328308105,
            5.5336995124816895,
            5.486616611480713,
            5.448546409606934,
            5.438776016235352,
            5.385514736175537,
            5.330315589904785,
            5.3031907081604,
            5.266398906707764,
            5.243805885314941,
            5.198249816894531,
            5.177172660827637,
            5.157730579376221,
            5.1746907234191895,
            5.131157875061035,
            5.117275238037109,
            5.100146770477295,
            5.070730686187744,
            5.0811662673950195,
            5.034420490264893,
            5.004702091217041,
            5.060336589813232,
            4.997539043426514,
            4.973942279815674,
            4.9797682762146,
            4.964251518249512,
            4.972207069396973,
            4.960667133331299,
            4.936313629150391,
            5.09404993057251,
            4.908897399902344,
            4.965786457061768,
            4.901810646057129,
            4.9129438400268555,
            4.88712739944458,
            4.888794422149658,
            4.886195182800293,
            4.901511192321777
        ],