{
    "Centralized Individual": {
        "loss": [
            36.021846771240234,
            27.23157501220703,
            25.582172393798828,
            24.290552139282227,
            23.083942413330078,
            21.996627807617188,
            21.011276245117188,
            20.093551635742188,
            19.237497329711914,
            18.440959930419922,
            17.698312759399414,
            17.012062072753906,
            16.370161056518555,
            15.804544448852539,
            15.272594451904297,
            14.800421714782715,
            14.38683795928955,
            13.999126434326172,
            13.65966796875,
            13.351888656616211,
            13.070674896240234,
            12.819683074951172,
            12.596626281738281,
            12.389172554016113,
            12.218160629272461
        ],
        "val_loss": [
            18.426755905151367,
            18.985763549804688,
            18.64176368713379,
            17.78770637512207,
            17.050525665283203,
            16.22298812866211,
            15.872440338134766,
            15.044995307922363,
            14.666325569152832,
            14.122289657592773,
            13.83653450012207,
            13.296131134033203,
            13.228392601013184,
            12.757132530212402,
            12.363997459411621,
            12.607044219970703,
            11.783191680908203,
            11.707918167114258,
            11.387398719787598,
            11.429616928100586,
            11.144495964050293,
            11.010743141174316,
            11.044307708740234,
            10.94432258605957,
            10.885242462158203
        ],
        "mse": [
            858.7163696289062,
            711.81689453125,
            653.09814453125,
            599.7489013671875,
            553.3219604492188,
            512.2178955078125,
            478.4073486328125,
            444.7698059082031,
            417.3177185058594,
            391.44769287109375,
            370.4860534667969,
            349.084228515625,
            335.55999755859375,
            318.2395324707031,
            303.68243408203125,
            302.2692565917969,
            281.49267578125,
            275.6612243652344,
            266.0791320800781,
            264.32891845703125,
            256.0977783203125,
            251.50750732421875,
            251.56369018554688,
            248.52789306640625,
            246.83673095703125
        ],
        "mae": [
            18.426755905151367,
            18.985763549804688,
            18.64176368713379,
            17.78770637512207,
            17.050525665283203,
            16.22298812866211,
            15.872440338134766,
            15.044995307922363,
            14.666327476501465,
            14.122289657592773,
            13.83653450012207,
            13.296131134033203,
            13.228392601013184,
            12.757132530212402,
            12.363997459411621,
            12.607044219970703,
            11.783191680908203,
            11.707918167114258,
            11.387398719787598,
            11.429616928100586,
            11.144495964050293,
            11.010743141174316,
            11.044307708740234,
            10.94432258605957,
            10.885242462158203
        ],
        "accuracy": [
            0.0007062146905809641,
            0.0007062146905809641,
            0.0007062146905809641,
            0.0007062146905809641,
            0.0007062146905809641,
            0.0007062146905809641,
            0.0007062146905809641,
            0.0007062146905809641,
            0.0007062146905809641,
            0.0007062146905809641,
            0.0007062146905809641,
            0.0007062146905809641,
            0.0007062146905809641,
            0.0007062146905809641,
            0.0007062146905809641,
            0.0007062146905809641,
            0.0007062146905809641,
            0.0007062146905809641,
            0.0007062146905809641,
            0.0007062146905809641,
            0.0007062146905809641,
            0.0,
            0.0,
            0.0,
            0.0
        ]
    }
}