{
    "Centralized Individual": {
        "loss": [
            31.576602935791016,
            24.6342716217041,
            23.09050750732422,
            21.747055053710938,
            20.545560836791992,
            19.498350143432617,
            18.58148956298828,
            17.768104553222656,
            17.026580810546875,
            16.365148544311523,
            15.73412799835205,
            15.147202491760254,
            14.594043731689453,
            14.08304214477539,
            13.61590576171875,
            13.185503005981445,
            12.795435905456543,
            12.44155502319336,
            12.136556625366211,
            11.858500480651855,
            11.615001678466797,
            11.402745246887207,
            11.203324317932129,
            11.033267974853516,
            10.890851020812988
        ],
        "val_loss": [
            17.88528823852539,
            18.01650047302246,
            17.146970748901367,
            16.16267204284668,
            15.360444068908691,
            14.754908561706543,
            14.57972240447998,
            13.959615707397461,
            13.87342643737793,
            13.279223442077637,
            12.836788177490234,
            12.730072975158691,
            12.391521453857422,
            12.155378341674805,
            11.867648124694824,
            11.633343696594238,
            11.362288475036621,
            11.30140495300293,
            11.089384078979492,
            10.986665725708008,
            10.777464866638184,
            10.726085662841797,
            10.591805458068848,
            10.51576042175293,
            10.597542762756348
        ],
        "mse": [
            642.6685791015625,
            549.2733154296875,
            496.065185546875,
            449.7061767578125,
            411.77294921875,
            381.5187072753906,
            359.7960510253906,
            337.05694580078125,
            324.5350036621094,
            305.4424743652344,
            290.4031066894531,
            283.3653564453125,
            272.7267761230469,
            265.6537170410156,
            257.9256591796875,
            251.8468017578125,
            244.7509307861328,
            244.65650939941406,
            239.3074188232422,
            237.58409118652344,
            231.82679748535156,
            231.48292541503906,
            227.52549743652344,
            225.72195434570312,
            230.62879943847656
        ],
        "mae": [
            17.88528823852539,
            18.01650047302246,
            17.146970748901367,
            16.16267204284668,
            15.360444068908691,
            14.754908561706543,
            14.57972240447998,
            13.959615707397461,
            13.87342643737793,
            13.279223442077637,
            12.836788177490234,
            12.730072975158691,
            12.391521453857422,
            12.155378341674805,
            11.867648124694824,
            11.633343696594238,
            11.362288475036621,
            11.30140495300293,
            11.089384078979492,
            10.986664772033691,
            10.777464866638184,
            10.726085662841797,
            10.591806411743164,
            10.51576042175293,
            10.597542762756348
        ],
        "accuracy": [
            0.0,
            0.0,
            0.0,
            0.0,
            0.0,
            0.0,
            0.0,
            0.0,
            0.0,
            0.0,
            0.0,
            0.0,
            0.0,
            0.0,
            0.0,
            0.0,
            0.0,
            0.0,
            0.0,
            0.0,
            0.0,
            0.0,
            0.0,
            0.0,
            0.0
        ]
    }
}