{
    "Centralized Individual": {
        "loss": [
            30.911039352416992,
            23.899368286132812,
            22.414846420288086,
            21.25214385986328,
            20.2407283782959,
            19.38926887512207,
            18.65265464782715,
            17.99060821533203,
            17.391189575195312,
            16.832290649414062,
            16.31676483154297,
            15.82763957977295,
            15.381829261779785,
            14.949277877807617,
            14.561529159545898,
            14.196510314941406,
            13.873711585998535,
            13.555672645568848,
            13.258727073669434,
            13.006263732910156,
            12.753471374511719,
            12.531389236450195,
            12.322551727294922,
            12.14406681060791,
            11.975378036499023,
            11.806249618530273,
            11.657121658325195,
            11.511157989501953,
            11.379528999328613,
            11.264869689941406,
            11.137126922607422,
            11.028087615966797,
            10.930574417114258,
            10.823561668395996,
            10.73897647857666,
            10.639196395874023,
            10.550783157348633,
            10.464963912963867,
            10.388875961303711,
            10.312881469726562,
            10.233776092529297,
            10.16201114654541,
            10.09090805053711,
            10.023238182067871,
            9.962495803833008,
            9.894449234008789,
            9.839451789855957,
            9.770304679870605,
            9.719042778015137,
            9.668282508850098
        ],
        "val_loss": [
            17.187129974365234,
            17.27609634399414,
            16.682918548583984,
            16.16420555114746,
            15.416983604431152,
            15.1166410446167,
            14.672113418579102,
            14.285261154174805,
            13.871451377868652,
            13.709563255310059,
            13.363127708435059,
            13.339937210083008,
            13.014408111572266,
            12.856099128723145,
            12.555989265441895,
            12.336437225341797,
            12.058348655700684,
            12.03072452545166,
            11.762451171875,
            11.659806251525879,
            11.340738296508789,
            11.413346290588379,
            11.1249418258667,
            11.152153015136719,
            11.351000785827637,
            11.072317123413086,
            11.20586109161377,
            11.00098991394043,
            11.043954849243164,
            10.726917266845703,
            10.94398021697998,
            10.896081924438477,
            10.719847679138184,
            10.663837432861328,
            10.690495491027832,
            10.620028495788574,
            10.57432746887207,
            10.392770767211914,
            10.54367446899414,
            10.541086196899414,
            10.300339698791504,
            10.283004760742188,
            10.240457534790039,
            10.170735359191895,
            10.217388153076172,
            10.076138496398926,
            10.196073532104492,
            10.184765815734863,
            9.993685722351074,
            9.907641410827637
        ],
        "mse": [
            614.7401733398438,
            521.5032958984375,
            476.5066223144531,
            440.8979187011719,
            409.47637939453125,
            387.6284484863281,
            367.45794677734375,
            350.2094421386719,
            334.19879150390625,
            324.1053771972656,
            311.45953369140625,
            307.5385437011719,
            296.7267150878906,
            291.1566162109375,
            281.587158203125,
            274.74578857421875,
            265.91522216796875,
            265.9570617675781,
            257.7541809082031,
            255.4613494873047,
            245.1604461669922,
            249.04736328125,
            239.31414794921875,
            241.31324768066406,
            250.55064392089844,
            240.32456970214844,
            247.0543975830078,
            239.66525268554688,
            242.54989624023438,
            230.4687957763672,
            240.63414001464844,
            239.7178955078125,
            233.47976684570312,
            232.24766540527344,
            234.5692596435547,
            232.70237731933594,
            231.8302459716797,
            224.27976989746094,
            232.52601623535156,
            233.36106872558594,
            223.1909637451172,
            223.43807983398438,
            222.4462127685547,
            219.93807983398438,
            223.04425048828125,
            217.0918731689453,
            223.58717346191406,
            223.87411499023438,
            215.64849853515625,
            211.12864685058594
        ],
        "mae": [
            17.187129974365234,
            17.27609634399414,
            16.682918548583984,
            16.16420555114746,
            15.416983604431152,
            15.1166410446167,
            14.672113418579102,
            14.285261154174805,
            13.871451377868652,
            13.709563255310059,
            13.363127708435059,
            13.339937210083008,
            13.014408111572266,
            12.856099128723145,
            12.555989265441895,
            12.336437225341797,
            12.058348655700684,
            12.03072452545166,
            11.762451171875,
            11.659806251525879,
            11.340738296508789,
            11.413346290588379,
            11.1249418258667,
            11.152153015136719,
            11.351000785827637,
            11.072317123413086,
            11.20586109161377,
            11.00098991394043,
            11.043954849243164,
            10.726917266845703,
            10.94398021697998,
            10.896081924438477,
            10.719847679138184,
            10.663837432861328,
            10.690494537353516,
            10.620028495788574,
            10.57432746887207,
            10.392770767211914,
            10.54367446899414,
            10.541086196899414,
            10.300339698791504,
            10.283004760742188,
            10.240457534790039,
            10.170735359191895,
            10.217388153076172,
            10.076138496398926,
            10.196073532104492,
            10.184765815734863,
            9.993685722351074,
            9.907641410827637
        ],
        "accuracy": [
            0.0,
            0.0,
            0.0,
            0.0,
            0.0,
            0.0,
            0.0,
            0.0,
            0.0,
            0.0,
            0.0,
            0.0,
            0.0,
            0.0,
            0.0,
            0.0,
            0.0,
            0.0,
            0.0,
            0.0,
            0.0,
            0.0,
            0.0,
            0.0,
            0.0,
            0.0,
            0.0,
            0.0,
            0.0,
            0.0,
            0.0,
            0.0,
            0.0,
            0.0,
            0.0,
            0.0,
            0.0,
            0.0,
            0.0,
            0.0,
            0.0,
            0.0,
            0.0,
            0.0,
            0.0,
            0.0,
            0.0,
            0.0,
            0.0,
            0.0
        ]
    }
}