{
    "Centralized Individual": {
        "loss": [
            4.2017598152160645,
            2.7817559242248535,
            2.478670120239258,
            2.285222053527832,
            2.1389341354370117,
            2.0085105895996094,
            1.895479679107666,
            1.7905669212341309,
            1.7163580656051636,
            1.6525757312774658,
            1.6073728799819946,
            1.5733977556228638,
            1.5352346897125244,
            1.5109390020370483,
            1.4843157529830933,
            1.4670255184173584,
            1.4481052160263062,
            1.4411063194274902,
            1.4277803897857666,
            1.4202463626861572,
            1.4087557792663574,
            1.4001438617706299,
            1.3974575996398926,
            1.3850672245025635,
            1.3774067163467407
        ],
        "val_loss": [
            26.96377944946289,
            24.4571475982666,
            23.32672882080078,
            22.699567794799805,
            22.00845718383789,
            21.05931854248047,
            20.5386905670166,
            19.961523056030273,
            19.550952911376953,
            19.313373565673828,
            18.854862213134766,
            18.62498664855957,
            18.43779182434082,
            18.1846981048584,
            17.982168197631836,
            17.872690200805664,
            17.644607543945312,
            17.656402587890625,
            17.482086181640625,
            17.325271606445312,
            17.224027633666992,
            17.272066116333008,
            17.17012596130371,
            17.09986686706543,
            16.962371826171875
        ],
        "mse": [
            1661.2867431640625,
            1339.2415771484375,
            1209.463623046875,
            1165.3865966796875,
            1104.781005859375,
            992.27392578125,
            957.7669677734375,
            898.9560546875,
            865.5812377929688,
            858.5514526367188,
            798.9782104492188,
            784.3626708984375,
            774.2236938476562,
            747.7335815429688,
            729.114501953125,
            723.7152709960938,
            696.4052124023438,
            710.548583984375,
            692.3935546875,
            675.9024658203125,
            667.7398071289062,
            681.9514770507812,
            673.3538818359375,
            668.9552612304688,
            654.8312377929688
        ],
        "mae": [
            26.96377944946289,
            24.4571475982666,
            23.32672882080078,
            22.699567794799805,
            22.00845718383789,
            21.05931854248047,
            20.5386905670166,
            19.961523056030273,
            19.550952911376953,
            19.313373565673828,
            18.854862213134766,
            18.62498664855957,
            18.43779182434082,
            18.1846981048584,
            17.982168197631836,
            17.872690200805664,
            17.644607543945312,
            17.656402587890625,
            17.482086181640625,
            17.325271606445312,
            17.224027633666992,
            17.272066116333008,
            17.17012596130371,
            17.09986686706543,
            16.962371826171875
        ],
        "accuracy": [
            0.03954802080988884,
            0.04661016911268234,
            0.04802259802818298,
            0.04802259802818298,
            0.04802259802818298,
            0.04802259802818298,
            0.04802259802818298,
            0.04449152573943138,
            0.04449152573943138,
            0.04025423899292946,
            0.03531073406338692,
            0.0346045196056366,
            0.03531073406338692,
            0.03531073406338692,
            0.03531073406338692,
            0.033898305147886276,
            0.032485876232385635,
            0.033898305147886276,
            0.03601694852113724,
            0.03742937743663788,
            0.0346045196056366,
            0.04237288236618042,
            0.03531073406338692,
            0.0416666679084301,
            0.04025423899292946
        ]
    }
}