{
    "Centralized Individual": {
        "loss": [
            4.190478324890137,
            2.968696117401123,
            2.7205214500427246,
            2.506757974624634,
            2.335655927658081,
            2.1798038482666016,
            2.0595152378082275,
            1.9482808113098145,
            1.8549615144729614,
            1.7787549495697021,
            1.7131978273391724,
            1.6691029071807861,
            1.6119141578674316,
            1.5684325695037842,
            1.5251290798187256,
            1.4887481927871704,
            1.4498037099838257,
            1.4239696264266968,
            1.3944437503814697,
            1.370123267173767,
            1.3472821712493896,
            1.3310506343841553,
            1.3142098188400269,
            1.293661117553711,
            1.2810618877410889,
            1.2687805891036987,
            1.2557228803634644,
            1.2491943836212158,
            1.23623788356781,
            1.2353724241256714,
            1.2192929983139038,
            1.2228807210922241,
            1.2123711109161377,
            1.2078779935836792,
            1.2038921117782593,
            1.1939613819122314,
            1.1938637495040894,
            1.1886025667190552,
            1.186270833015442,
            1.1844385862350464,
            1.1804344654083252,
            1.1746851205825806,
            1.1743465662002563,
            1.1707100868225098,
            1.1697582006454468,
            1.1705137491226196,
            1.1647319793701172,
            1.180641531944275,
            1.162468671798706,
            1.1602768898010254
        ],
        "val_loss": [
            27.619943618774414,
            25.378801345825195,
            24.202661514282227,
            23.1693172454834,
            22.279003143310547,
            21.506572723388672,
            20.444652557373047,
            20.1004695892334,
            19.191070556640625,
            18.63579559326172,
            18.13353729248047,
            18.0321102142334,
            17.31496810913086,
            16.902891159057617,
            16.57130241394043,
            16.273679733276367,
            16.152080535888672,
            15.79101848602295,
            15.677891731262207,
            15.326367378234863,
            15.136844635009766,
            14.9092378616333,
            14.823051452636719,
            14.693717956542969,
            14.505714416503906,
            14.417825698852539,
            14.315441131591797,
            14.114871978759766,
            13.940938949584961,
            13.903346061706543,
            14.039238929748535,
            13.82525634765625,
            13.680488586425781,
            13.61072826385498,
            13.551432609558105,
            13.479742050170898,
            13.48630428314209,
            13.416411399841309,
            13.297608375549316,
            13.324021339416504,
            13.307229995727539,
            13.210953712463379,
            13.207199096679688,
            13.071521759033203,
            13.109044075012207,
            13.101723670959473,
            12.928146362304688,
            13.063472747802734,
            13.016095161437988,
            13.157322883605957
        ],
        "mse": [
            1710.19580078125,
            1415.50048828125,
            1295.4737548828125,
            1197.12451171875,
            1116.067626953125,
            1047.4229736328125,
            919.6685791015625,
            917.8798828125,
            811.3483276367188,
            759.8348999023438,
            713.1022338867188,
            728.7754516601562,
            645.6102294921875,
            607.5942993164062,
            582.7495727539062,
            561.40380859375,
            566.4796142578125,
            534.0033569335938,
            533.80224609375,
            501.2079772949219,
            489.7655029296875,
            471.19677734375,
            472.8394775390625,
            466.5827941894531,
            452.66455078125,
            450.0279541015625,
            445.32177734375,
            428.9507751464844,
            413.46685791015625,
            415.0300598144531,
            432.5960388183594,
            415.6518859863281,
            404.2411804199219,
            400.3990173339844,
            396.6730651855469,
            392.2499084472656,
            394.44183349609375,
            389.61968994140625,
            379.5158996582031,
            383.9168395996094,
            383.9857482910156,
            376.3138732910156,
            376.7960510253906,
            364.58453369140625,
            369.7022705078125,
            370.3739318847656,
            355.1833801269531,
            368.6033935546875,
            365.09857177734375,
            377.0443115234375
        ],
        "mae": [
            27.619943618774414,
            25.378801345825195,
            24.202661514282227,
            23.1693172454834,
            22.279003143310547,
            21.506572723388672,
            20.444652557373047,
            20.1004695892334,
            19.191070556640625,
            18.63579559326172,
            18.13353729248047,
            18.0321102142334,
            17.31496810913086,
            16.902891159057617,
            16.57130241394043,
            16.273679733276367,
            16.152080535888672,
            15.79101848602295,
            15.677891731262207,
            15.326367378234863,
            15.136844635009766,
            14.9092378616333,
            14.823051452636719,
            14.693717956542969,
            14.505714416503906,
            14.417825698852539,
            14.315441131591797,
            14.114871978759766,
            13.940938949584961,
            13.903346061706543,
            14.039238929748535,
            13.82525634765625,
            13.680488586425781,
            13.61072826385498,
            13.551432609558105,
            13.479742050170898,
            13.48630428314209,
            13.416411399841309,
            13.297608375549316,
            13.324021339416504,
            13.307229995727539,
            13.210953712463379,
            13.207199096679688,
            13.071521759033203,
            13.109044075012207,
            13.101723670959473,
            12.928146362304688,
            13.063472747802734,
            13.016095161437988,
            13.157322883605957
        ],