{
    "Centralized Individual": {
        "loss": [
            3.02514386177063,
            1.8965778350830078,
            1.716435194015503,
            1.6220060586929321,
            1.5618901252746582,
            1.5234571695327759,
            1.5037821531295776,
            1.48252534866333,
            1.467602252960205,
            1.4633736610412598,
            1.449945330619812,
            1.4484041929244995,
            1.4476643800735474,
            1.4389233589172363,
            1.441137671470642,
            1.440680980682373,
            1.43752920627594,
            1.4338459968566895,
            1.4343891143798828,
            1.4344590902328491,
            1.4325003623962402,
            1.4352757930755615,
            1.4303935766220093,
            1.4292223453521729,
            1.430079460144043
        ],
        "val_loss": [
            1.9500752687454224,
            1.8469258546829224,
            1.7206991910934448,
            1.6919622421264648,
            1.6583807468414307,
            1.6157540082931519,
            1.6559289693832397,
            1.5881664752960205,
            1.5836513042449951,
            1.5477215051651,
            1.5479665994644165,
            1.6191078424453735,
            1.5381114482879639,
            1.5324891805648804,
            1.5425481796264648,
            1.5363017320632935,
            1.536118984222412,
            1.5452111959457397,
            1.5210084915161133,
            1.544289469718933,
            1.5545306205749512,
            1.518176555633545,
            1.5214345455169678,
            1.519079327583313,
            1.5750149488449097
        ],
        "mse": [
            7.065135955810547,
            6.857335567474365,
            6.3894124031066895,
            6.451776027679443,
            6.373575687408447,
            6.177857875823975,
            6.546988010406494,
            6.1304497718811035,
            6.144637584686279,
            5.8930983543396,
            5.916696548461914,
            6.267402172088623,
            5.84127950668335,
            5.782678604125977,
            5.8657965660095215,
            5.844641208648682,
            5.851712703704834,
            5.8797736167907715,
            5.719200134277344,
            5.891117572784424,
            5.946480751037598,
            5.722937107086182,
            5.709829807281494,
            5.741694927215576,
            5.986526966094971
        ],
        "mae": [
            1.9500752687454224,
            1.8469258546829224,
            1.7206991910934448,
            1.6919622421264648,
            1.6583807468414307,
            1.6157540082931519,
            1.6559289693832397,
            1.5881664752960205,
            1.5836513042449951,
            1.5477215051651,
            1.5479665994644165,
            1.6191078424453735,
            1.5381114482879639,
            1.5324891805648804,
            1.5425481796264648,
            1.5363017320632935,
            1.536118984222412,
            1.5452111959457397,
            1.5210084915161133,
            1.544289469718933,
            1.5545306205749512,
            1.518176555633545,
            1.5214345455169678,
            1.519079327583313,
            1.5750149488449097
        ],
        "accuracy": [
            0.0042372881434857845,
            0.0042372881434857845,
            0.0042372881434857845,
            0.0042372881434857845,
            0.0042372881434857845,
            0.0042372881434857845,
            0.0042372881434857845,
            0.0042372881434857845,
            0.0042372881434857845,
            0.0042372881434857845,
            0.0042372881434857845,
            0.004943502601236105,
            0.0042372881434857845,
            0.004943502601236105,
            0.0042372881434857845,
            0.0042372881434857845,
            0.0042372881434857845,
            0.0042372881434857845,
            0.0042372881434857845,
            0.0042372881434857845,
            0.0042372881434857845,
            0.0042372881434857845,
            0.0042372881434857845,
            0.0035310734529048204,
            0.0042372881434857845
        ]
    }
}