{
    "Centralized Individual": {
        "loss": [
            3.0009310245513916,
            1.8213821649551392,
            1.6784229278564453,
            1.5977611541748047,
            1.538200855255127,
            1.5019782781600952,
            1.478590965270996,
            1.462530493736267,
            1.456639289855957,
            1.4503110647201538,
            1.4472873210906982,
            1.4451360702514648,
            1.443598985671997,
            1.4367444515228271,
            1.4394655227661133,
            1.441719889640808,
            1.4382156133651733,
            1.4354084730148315,
            1.4332689046859741,
            1.4333864450454712,
            1.4329767227172852,
            1.4287097454071045,
            1.426429033279419,
            1.4284474849700928,
            1.4260250329971313,
            1.4288395643234253,
            1.427846908569336,
            1.431239366531372,
            1.4264304637908936,
            1.4338279962539673,
            1.4254987239837646,
            1.4246596097946167,
            1.428096055984497,
            1.4234658479690552,
            1.4261064529418945,
            1.42379629611969,
            1.4244110584259033,
            1.423948049545288,
            1.4251668453216553,
            1.4268006086349487,
            1.4257954359054565,
            1.4223687648773193,
            1.4307074546813965,
            1.4336745738983154,
            1.4271575212478638,
            1.4245834350585938,
            1.4283909797668457,
            1.4277546405792236,
            1.4266445636749268,
            1.41962468624115
        ],
        "val_loss": [
            1.9740757942199707,
            1.799050211906433,
            1.7363146543502808,
            1.7044016122817993,
            1.6186269521713257,
            1.602059006690979,
            1.561943769454956,
            1.5594197511672974,
            1.5541504621505737,
            1.5311954021453857,
            1.5348371267318726,
            1.5524934530258179,
            1.5340574979782104,
            1.521883487701416,
            1.5219100713729858,
            1.5375902652740479,
            1.5206867456436157,
            1.527504563331604,
            1.533774733543396,
            1.5341380834579468,
            1.523423194885254,
            1.5215623378753662,
            1.5389785766601562,
            1.5209869146347046,
            1.5229098796844482,
            1.531525731086731,
            1.5577468872070312,
            1.5184141397476196,
            1.5173429250717163,
            1.5186374187469482,
            1.531966209411621,
            1.5151965618133545,
            1.5346598625183105,
            1.5308598279953003,
            1.5372954607009888,
            1.5289078950881958,
            1.5178972482681274,
            1.5138797760009766,
            1.51192307472229,
            1.5116920471191406,
            1.5262728929519653,
            1.5278927087783813,
            1.586107850074768,
            1.5074498653411865,
            1.537520408630371,
            1.5259407758712769,
            1.5210938453674316,
            1.5249452590942383,
            1.5112237930297852,
            1.5176371335983276
        ],
        "mse": [
            7.246088981628418,
            6.583896160125732,
            6.474484443664551,
            6.473936080932617,
            6.055778503417969,
            6.062835216522217,
            5.83195686340332,
            5.850341796875,
            5.843607425689697,
            5.687045574188232,
            5.700277805328369,
            5.86297082901001,
            5.760498046875,
            5.6291022300720215,
            5.6735124588012695,
            5.77253532409668,
            5.652703285217285,
            5.633024215698242,
            5.700655460357666,
            5.714300155639648,
            5.697002410888672,
            5.666324138641357,
            5.793501377105713,
            5.685365676879883,
            5.654302597045898,
            5.741183757781982,
            5.845574378967285,
            5.630342483520508,
            5.658084392547607,
            5.648098945617676,
            5.734978199005127,
            5.572831630706787,
            5.730362892150879,
            5.754275798797607,
            5.758872032165527,
            5.700689315795898,
            5.632806301116943,
            5.571593761444092,
            5.61965799331665,
            5.583038806915283,
            5.673799514770508,
            5.726674556732178,
            5.926729679107666,
            5.578178882598877,
            5.715557098388672,
            5.658824443817139,
            5.643941879272461,
            5.678827285766602,
            5.577057838439941,
            5.654848098754883
        ],
        "mae": [
            1.9740757942199707,
            1.799050211906433,
            1.7363146543502808,
            1.7044016122817993,
            1.6186269521713257,
            1.602059006690979,
            1.561943769454956,
            1.5594197511672974,
            1.5541504621505737,
            1.5311954021453857,
            1.5348371267318726,
            1.5524934530258179,
            1.5340574979782104,
            1.521883487701416,
            1.5219100713729858,
            1.5375902652740479,
            1.5206867456436157,
            1.527504563331604,
            1.533774733543396,
            1.5341380834579468,
            1.5234230756759644,
            1.5215623378753662,
            1.5389785766601562,
            1.5209869146347046,
            1.5229098796844482,
            1.531525731086731,
            1.5577468872070312,
            1.5184141397476196,
            1.5173429250717163,
            1.5186374187469482,
            1.531966209411621,
            1.5151965618133545,
            1.5346598625183105,
            1.5308598279953003,
            1.5372954607009888,
            1.5289078950881958,
            1.5178972482681274,
            1.5138797760009766,
            1.51192307472229,
            1.5116920471191406,
            1.5262728929519653,
            1.5278927087783813,
            1.586107850074768,
            1.5074498653411865,
            1.537520408630371,
            1.5259407758712769,
            1.5210938453674316,
            1.5249452590942383,
            1.5112237930297852,
            1.5176371335983276
        ],