{
    "Centralized Individual": {
        "loss": [
            5.879882335662842,
            4.236825942993164,
            3.8483803272247314,
            3.5434489250183105,
            3.3021559715270996,
            3.1060550212860107,
            2.9468953609466553,
            2.8106415271759033,
            2.7004659175872803,
            2.62219500541687,
            2.5425829887390137,
            2.489673614501953,
            2.4445278644561768,
            2.417982578277588,
            2.3881733417510986,
            2.3613734245300293,
            2.334552764892578,
            2.325481653213501,
            2.3020403385162354,
            2.2931785583496094,
            2.286679267883301,
            2.2676777839660645,
            2.261368751525879,
            2.2483251094818115,
            2.2455687522888184,
            2.239994525909424,
            2.2360177040100098,
            2.2230746746063232,
            2.222853660583496,
            2.2248809337615967,
            2.217149496078491,
            2.214810371398926,
            2.2056050300598145,
            2.213916301727295,
            2.2052671909332275,
            2.195185422897339,
            2.193974256515503,
            2.1890780925750732,
            2.1865196228027344,
            2.1828269958496094,
            2.177149772644043,
            2.17779278755188,
            2.173220634460449,
            2.1810057163238525,
            2.1701877117156982,
            2.167559862136841,
            2.1682732105255127,
            2.168060541152954,
            2.156859874725342,
            2.1570558547973633
        ],
        "val_loss": [
            10.744887351989746,
            9.867598533630371,
            9.261959075927734,
            8.846117973327637,
            8.49859619140625,
            8.168646812438965,
            7.910559177398682,
            7.71414852142334,
            7.467101097106934,
            7.297492027282715,
            7.174554347991943,
            7.059385299682617,
            6.9879069328308105,
            6.92915153503418,
            6.850714206695557,
            6.8111772537231445,
            6.812673091888428,
            6.735641002655029,
            6.6884636878967285,
            6.662607192993164,
            6.642241477966309,
            6.62639856338501,
            6.617694854736328,
            6.5942583084106445,
            6.579627990722656,
            6.56748628616333,
            6.5706634521484375,
            6.56080961227417,
            6.538405895233154,
            6.549907684326172,
            6.533096790313721,
            6.538024425506592,
            6.510444164276123,
            6.522944927215576,
            6.504389762878418,
            6.4965291023254395,
            6.494826793670654,
            6.500247478485107,
            6.484424114227295,
            6.48129415512085,
            6.481545448303223,
            6.479257106781006,
            6.472856044769287,
            6.469260215759277,
            6.471772193908691,
            6.463477611541748,
            6.46876859664917,
            6.455870628356934,
            6.45485258102417,
            6.4602251052856445
        ],
        "mse": [
            203.26992797851562,
            177.732421875,
            156.02374267578125,
            141.4468994140625,
            129.85780334472656,
            122.84496307373047,
            115.66954803466797,
            111.01416778564453,
            107.23345184326172,
            104.68665313720703,
            102.8463134765625,
            101.4427490234375,
            100.66824340820312,
            100.21497344970703,
            99.32295227050781,
            98.93930053710938,
            100.87295532226562,
            99.60491943359375,
            98.6070327758789,
            98.4411849975586,
            98.25901794433594,
            98.35282897949219,
            99.20033264160156,
            97.9867935180664,
            98.0859146118164,
            98.23027801513672,
            97.63610076904297,
            99.27069091796875,
            98.53898620605469,
            99.48209381103516,
            98.74774932861328,
            99.59117889404297,
            98.04015350341797,
            97.62208557128906,
            97.61382293701172,
            97.94706726074219,
            98.27593994140625,
            98.61746215820312,
            97.72653198242188,
            97.82030487060547,
            97.36216735839844,
            98.53386688232422,
            97.44467163085938,
            97.55950927734375,
            98.57877349853516,
            97.1479263305664,
            98.68721008300781,
            97.36075592041016,
            97.79411315917969,
            98.91934967041016
        ],
        "mae": [
            10.744887351989746,
            9.867598533630371,
            9.261959075927734,
            8.846117973327637,
            8.49859619140625,
            8.168646812438965,
            7.910559177398682,
            7.71414852142334,
            7.467101097106934,
            7.297492027282715,
            7.174554347991943,
            7.059385299682617,
            6.9879069328308105,
            6.92915153503418,
            6.850714206695557,
            6.8111772537231445,
            6.812673091888428,
            6.735641002655029,
            6.6884636878967285,
            6.662607192993164,
            6.642241477966309,
            6.62639856338501,
            6.617694854736328,
            6.5942583084106445,
            6.579627990722656,
            6.56748628616333,
            6.5706634521484375,
            6.56080961227417,
            6.538405895233154,
            6.549907684326172,
            6.533096790313721,
            6.538024425506592,
            6.510444164276123,
            6.522944927215576,
            6.504389762878418,
            6.4965291023254395,
            6.494826793670654,
            6.500247478485107,
            6.484424114227295,
            6.48129415512085,
            6.481545448303223,
            6.479257106781006,
            6.472856044769287,
            6.469260215759277,
            6.471772193908691,
            6.463477611541748,
            6.46876859664917,
            6.455870628356934,
            6.45485258102417,
            6.4602251052856445
        ],
        "accuracy": [
            0.0,
            0.0,
            0.0,
            0.0,
            0.0,
            0.0,
            0.0,
            0.0,
            0.0,
            0.0,
            0.0,
            0.0,
            0.0,
            0.0,
            0.0,
            0.0,
            0.0,
            0.0,
            0.0,
            0.0,
            0.0,
            0.0,
            0.0,
            0.0,
            0.0,
            0.0,
            0.0,
            0.0,
            0.0,
            0.0,
            0.0,
            0.0,
            0.0,
            0.0,
            0.0,
            0.0,
            0.0,
            0.0,
            0.0,
            0.0,
            0.0,
            0.0,
            0.0,
            0.0,
            0.0,
            0.0,
            0.0,
            0.0,
            0.0,
            0.0
        ]
    }
}