{
    "Centralized Individual": {
        "loss": [
            6.027853488922119,
            4.091227054595947,
            3.725088357925415,
            3.4967126846313477,
            3.329430103302002,
            3.181471347808838,
            3.048407554626465,
            2.934490442276001,
            2.8321709632873535,
            2.7565155029296875,
            2.682624578475952,
            2.6234867572784424,
            2.5708744525909424,
            2.5296671390533447,
            2.4794578552246094,
            2.446424722671509,
            2.411911964416504,
            2.388231039047241,
            2.3607962131500244,
            2.333723306655884,
            2.316213846206665,
            2.295464515686035,
            2.273533821105957,
            2.2771406173706055,
            2.2574262619018555
        ],
        "val_loss": [
            10.492222785949707,
            9.67875862121582,
            9.28131103515625,
            8.987136840820312,
            8.719354629516602,
            8.453653335571289,
            8.243646621704102,
            8.045392036437988,
            7.803933620452881,
            7.639538764953613,
            7.492681503295898,
            7.375278472900391,
            7.28265905380249,
            7.188961982727051,
            7.089532852172852,
            7.022834777832031,
            6.975556373596191,
            6.912254810333252,
            6.858418941497803,
            6.822691917419434,
            6.79549503326416,
            6.756519317626953,
            6.8344221115112305,
            6.727662563323975,
            6.671791076660156
        ],
        "mse": [
            198.71142578125,
            169.99034118652344,
            153.1000213623047,
            142.37557983398438,
            134.18820190429688,
            128.32562255859375,
            121.59646606445312,
            116.97882080078125,
            113.1175765991211,
            109.6347885131836,
            106.94993591308594,
            105.07169342041016,
            103.75202178955078,
            102.45582580566406,
            100.81951904296875,
            100.15917205810547,
            100.50128936767578,
            99.5452880859375,
            99.18836212158203,
            98.4593276977539,
            99.88040924072266,
            99.67269897460938,
            103.35868072509766,
            100.2711181640625,
            98.17670440673828
        ],
        "mae": [
            10.492222785949707,
            9.67875862121582,
            9.28131103515625,
            8.987136840820312,
            8.719354629516602,
            8.453653335571289,
            8.243646621704102,
            8.045392990112305,
            7.803933620452881,
            7.639538764953613,
            7.492681503295898,
            7.375278472900391,
            7.28265905380249,
            7.188961982727051,
            7.089532852172852,
            7.022834777832031,
            6.975556373596191,
            6.912254810333252,
            6.858418941497803,
            6.822691917419434,
            6.79549503326416,
            6.756519317626953,
            6.8344221115112305,
            6.727662563323975,
            6.67179012298584
        ],
        "accuracy": [
            0.0,
            0.0,
            0.0,
            0.0,
            0.0,
            0.0,
            0.0,
            0.0,
            0.0,
            0.0,
            0.0,
            0.0,
            0.0,
            0.0,
            0.0,
            0.0,
            0.0,
            0.0,
            0.0,
            0.0,
            0.0,
            0.0,
            0.0,
            0.0,
            0.0
        ]
    }
}