{
    "Centralized Individual": {
        "loss": [
            12.645560264587402,
            8.288143157958984,
            6.5861101150512695,
            5.622899055480957,
            5.089914321899414,
            4.748955249786377,
            4.5242533683776855,
            4.369897365570068,
            4.267612934112549,
            4.193500518798828,
            4.134892463684082,
            4.098736763000488,
            4.0593647956848145,
            4.034725666046143,
            4.011540412902832,
            3.9887092113494873,
            3.9770166873931885,
            3.9680261611938477,
            3.952338695526123,
            3.9466915130615234,
            3.9311530590057373,
            3.921469211578369,
            3.9184417724609375,
            3.9043047428131104,
            3.894052267074585,
            3.885254144668579,
            3.880722999572754,
            3.8728370666503906,
            3.8724429607391357,
            3.865288734436035,
            3.8603575229644775,
            3.859170436859131,
            3.8546361923217773,
            3.8399155139923096,
            3.835606336593628,
            3.833106517791748,
            3.826186418533325,
            3.8191659450531006,
            3.8168509006500244,
            3.8180415630340576,
            3.8089165687561035,
            3.8087100982666016,
            3.804457902908325,
            3.8044769763946533,
            3.7976553440093994,
            3.7944350242614746,
            3.7887377738952637,
            3.795869827270508,
            3.7853503227233887,
            3.7833688259124756
        ],
        "val_loss": [
            7.633974552154541,
            6.158649921417236,
            5.455634117126465,
            5.191990852355957,
            4.998286724090576,
            4.708513259887695,
            4.609591960906982,
            4.425086975097656,
            4.420692443847656,
            4.3056745529174805,
            4.231512546539307,
            4.2033371925354,
            4.186553001403809,
            4.19748067855835,
            4.11282205581665,
            4.102237701416016,
            4.084652900695801,
            4.06875467300415,
            4.071781158447266,
            4.060335636138916,
            4.046170234680176,
            4.04573917388916,
            4.064801216125488,
            4.04575252532959,
            4.008154392242432,
            4.043519973754883,
            4.03476619720459,
            4.038978099822998,
            3.984323024749756,
            4.004004955291748,
            4.00160551071167,
            3.968883752822876,
            3.9974443912506104,
            3.982640504837036,
            3.96268367767334,
            3.9690544605255127,
            3.9511022567749023,
            3.956026077270508,
            3.9733986854553223,
            3.945866346359253,
            3.937973737716675,
            3.939368963241577,
            3.936044216156006,
            3.9479355812072754,
            3.9210143089294434,
            3.934931755065918,
            3.9223742485046387,
            3.928668975830078,
            3.9086952209472656,
            3.9186601638793945
        ],
        "mse": [
            97.65555572509766,
            65.94645690917969,
            51.71271896362305,
            47.09186935424805,
            45.08009719848633,
            41.54486846923828,
            40.83340072631836,
            38.6784553527832,
            39.04046630859375,
            37.6895751953125,
            36.833656311035156,
            36.65979766845703,
            36.56673049926758,
            36.69807434082031,
            35.599117279052734,
            35.54777526855469,
            35.3509407043457,
            35.15024948120117,
            35.27777862548828,
            35.1718635559082,
            35.03065872192383,
            35.02177810668945,
            35.31922149658203,
            35.00577163696289,
            34.55331802368164,
            35.15795135498047,
            35.08482360839844,
            35.042415618896484,
            34.27669143676758,
            34.51850128173828,
            34.64242935180664,
            34.06182098388672,
            34.569210052490234,
            34.259979248046875,
            34.129150390625,
            34.17507553100586,
            33.96596145629883,
            34.09363555908203,
            34.5095100402832,
            33.9092903137207,
            33.82649612426758,
            33.930728912353516,
            33.904964447021484,
            34.0539665222168,
            33.56142807006836,
            33.76110076904297,
            33.7088508605957,
            33.78261184692383,
            33.410011291503906,
            33.63606643676758
        ],
        "mae": [
            7.633974552154541,
            6.158649921417236,
            5.455634117126465,
            5.191990852355957,
            4.998286724090576,
            4.708513259887695,
            4.609591960906982,
            4.425086975097656,
            4.420692443847656,
            4.3056745529174805,
            4.231512546539307,
            4.2033371925354,
            4.186553001403809,
            4.19748067855835,
            4.11282205581665,
            4.102237701416016,
            4.084652900695801,
            4.06875467300415,
            4.071781158447266,
            4.060335636138916,
            4.046170234680176,
            4.04573917388916,
            4.064801216125488,
            4.04575252532959,
            4.008154392242432,
            4.043519973754883,
            4.03476619720459,
            4.038978099822998,
            3.984323024749756,
            4.004004955291748,
            4.00160551071167,
            3.968883752822876,
            3.9974443912506104,
            3.982640504837036,
            3.96268367767334,
            3.9690544605255127,
            3.9511022567749023,
            3.956026077270508,
            3.9733986854553223,
            3.945866346359253,
            3.937973737716675,
            3.939368963241577,
            3.936044216156006,
            3.9479355812072754,
            3.9210143089294434,
            3.934931755065918,
            3.9223742485046387,
            3.928668975830078,
            3.9086952209472656,
            3.9186601638793945
        ],
        "accuracy": [
            0.0,
            0.0,
            0.0,
            0.0,
            0.0,
            0.0,
            0.0,
            0.0,
            0.0,
            0.0,
            0.0,
            0.0,
            0.0,
            0.0,
            0.0,
            0.0,
            0.0,
            0.0,
            0.0,
            0.0,
            0.0,
            0.0,
            0.0,
            0.0,
            0.0,
            0.0,
            0.0,
            0.0,
            0.0,
            0.0,
            0.0,
            0.0,
            0.0,
            0.0,
            0.0,
            0.0,
            0.0,
            0.0,
            0.0,
            0.0,
            0.0,
            0.0,
            0.0,
            0.0,
            0.0,
            0.0,
            0.0,
            0.0,
            0.0,
            0.0
        ]
    }
}