{
    "Centralized Individual": {
        "loss": [
            12.196250915527344,
            8.178573608398438,
            6.705862522125244,
            5.90191125869751,
            5.372433185577393,
            5.002257823944092,
            4.751403331756592,
            4.5831074714660645,
            4.456410884857178,
            4.38538122177124,
            4.3352179527282715,
            4.2935099601745605,
            4.260794162750244,
            4.236361503601074,
            4.221345901489258,
            4.200504302978516,
            4.184511661529541,
            4.168205261230469,
            4.1527838706970215,
            4.139575481414795,
            4.125366687774658,
            4.1122236251831055,
            4.106112957000732,
            4.093417167663574,
            4.077871322631836
        ],
        "val_loss": [
            7.635336875915527,
            6.315954685211182,
            5.767675399780273,
            5.522444725036621,
            5.099551677703857,
            4.884734630584717,
            4.710309028625488,
            4.567378520965576,
            4.494497776031494,
            4.420098304748535,
            4.372561454772949,
            4.335892677307129,
            4.273897647857666,
            4.262677192687988,
            4.272172451019287,
            4.228494167327881,
            4.237446308135986,
            4.20747709274292,
            4.222168445587158,
            4.228036403656006,
            4.181825637817383,
            4.175557613372803,
            4.224963665008545,
            4.155480861663818,
            4.164144039154053
        ],
        "mse": [
            98.65396881103516,
            67.69283294677734,
            56.074073791503906,
            52.142723083496094,
            46.916351318359375,
            44.523582458496094,
            42.66974639892578,
            41.13090896606445,
            40.51247024536133,
            39.6642951965332,
            39.12367630004883,
            38.66912078857422,
            37.87205505371094,
            37.8176383972168,
            38.138885498046875,
            37.37195587158203,
            37.65901565551758,
            37.125999450683594,
            37.35382843017578,
            37.452030181884766,
            36.7840690612793,
            36.74787521362305,
            37.436134338378906,
            36.37028121948242,
            36.546993255615234
        ],
        "mae": [
            7.635336875915527,
            6.315954685211182,
            5.767675399780273,
            5.522444725036621,
            5.099551677703857,
            4.884734630584717,
            4.710309028625488,
            4.567378520965576,
            4.494497776031494,
            4.420098304748535,
            4.372561454772949,
            4.335892677307129,
            4.273897647857666,
            4.262677192687988,
            4.272172451019287,
            4.228494167327881,
            4.237446308135986,
            4.20747709274292,
            4.222168445587158,
            4.228036403656006,
            4.181825637817383,
            4.175557613372803,
            4.224963665008545,
            4.155480861663818,
            4.164144039154053
        ],
        "accuracy": [
            0.0,
            0.0,
            0.0,
            0.0,
            0.0,
            0.0,
            0.0,
            0.0,
            0.0,
            0.0,
            0.0,
            0.0,
            0.0,
            0.0,
            0.0,
            0.0,
            0.0,
            0.0,
            0.0,
            0.0,
            0.0,
            0.0,
            0.0,
            0.0,
            0.0
        ]
    }
}