{
    "Centralized Individual": {
        "loss": [
            52.718292236328125,
            41.68104934692383,
            39.09103012084961,
            37.88862991333008,
            36.81373596191406,
            35.73890686035156,
            34.725685119628906,
            33.763526916503906,
            32.857635498046875,
            32.00498962402344,
            31.214763641357422,
            30.47408676147461,
            29.770610809326172,
            29.09254264831543,
            28.480484008789062,
            27.893781661987305,
            27.36301612854004,
            26.86392593383789,
            26.397666931152344,
            25.967418670654297,
            25.586441040039062,
            25.1886043548584,
            24.835874557495117,
            24.50237274169922,
            24.184419631958008
        ],
        "val_loss": [
            36.27656173706055,
            34.27218246459961,
            33.97695541381836,
            33.347373962402344,
            32.4163932800293,
            31.280275344848633,
            30.45185089111328,
            29.605655670166016,
            28.71665382385254,
            28.182697296142578,
            27.42863655090332,
            27.01338005065918,
            26.59099769592285,
            26.08697509765625,
            25.439050674438477,
            25.127300262451172,
            24.61808967590332,
            24.35793685913086,
            24.01030158996582,
            23.918062210083008,
            23.64911651611328,
            23.16510009765625,
            22.999738693237305,
            22.8941650390625,
            22.609148025512695
        ],
        "mse": [
            2777.8486328125,
            2000.348388671875,
            1793.91259765625,
            1693.6878662109375,
            1609.2030029296875,
            1535.0648193359375,
            1459.74609375,
            1393.557861328125,
            1335.404541015625,
            1276.869384765625,
            1228.5609130859375,
            1181.2039794921875,
            1139.4000244140625,
            1101.9573974609375,
            1066.4168701171875,
            1035.4755859375,
            1005.213623046875,
            979.66748046875,
            954.8081665039062,
            937.1705322265625,
            916.66748046875,
            890.8125610351562,
            874.5126953125,
            861.3860473632812,
            842.9657592773438
        ],
        "mae": [
            36.27656173706055,
            34.27218246459961,
            33.97695541381836,
            33.347373962402344,
            32.4163932800293,
            31.280275344848633,
            30.45185089111328,
            29.605655670166016,
            28.71665382385254,
            28.182697296142578,
            27.42863655090332,
            27.01338005065918,
            26.59099769592285,
            26.08697509765625,
            25.439050674438477,
            25.127300262451172,
            24.61808967590332,
            24.35793685913086,
            24.01030158996582,
            23.918062210083008,
            23.64911651611328,
            23.16510009765625,
            22.999738693237305,
            22.8941650390625,
            22.609148025512695
        ],
        "accuracy": [
            0.0007062146905809641,
            0.0007062146905809641,
            0.0007062146905809641,
            0.0007062146905809641,
            0.0007062146905809641,
            0.0007062146905809641,
            0.0007062146905809641,
            0.0007062146905809641,
            0.0007062146905809641,
            0.0,
            0.0,
            0.0,
            0.0,
            0.0,
            0.0,
            0.0,
            0.0,
            0.0,
            0.0,
            0.0,
            0.0,
            0.0,
            0.0,
            0.0,
            0.0
        ]
    }
}