{
    "Centralized Individual": {
        "loss": [
            53.920719146728516,
            41.373695373535156,
            37.934661865234375,
            36.1507453918457,
            34.604705810546875,
            33.077613830566406,
            31.565959930419922,
            30.103235244750977,
            28.725605010986328,
            27.452850341796875,
            26.293790817260742,
            25.24128532409668,
            24.279640197753906,
            23.398624420166016,
            22.64927101135254,
            21.94100570678711,
            21.276248931884766,
            20.672456741333008,
            20.12462043762207,
            19.576595306396484,
            19.089046478271484,
            18.634614944458008,
            18.210689544677734,
            17.824932098388672,
            17.457107543945312,
            17.137266159057617,
            16.800819396972656,
            16.507570266723633,
            16.234542846679688,
            15.981717109680176,
            15.743575096130371,
            15.525077819824219,
            15.325918197631836,
            15.145822525024414,
            14.973089218139648,
            14.818962097167969,
            14.668963432312012,
            14.541735649108887,
            14.425782203674316,
            14.318098068237305,
            14.215411186218262,
            14.119161605834961,
            14.034046173095703,
            13.960648536682129,
            13.897122383117676,
            13.84445858001709,
            13.75980281829834,
            13.702103614807129,
            13.650748252868652,
            13.597668647766113
        ],
        "val_loss": [
            36.46867752075195,
            33.394615173339844,
            32.574100494384766,
            31.678010940551758,
            30.204313278198242,
            28.80961799621582,
            27.290794372558594,
            25.939346313476562,
            24.848575592041016,
            23.805940628051758,
            22.695903778076172,
            21.996475219726562,
            21.5205135345459,
            21.337779998779297,
            20.297231674194336,
            19.891433715820312,
            19.22063636779785,
            18.956188201904297,
            18.674449920654297,
            18.379751205444336,
            17.658763885498047,
            17.478343963623047,
            17.322418212890625,
            16.86285400390625,
            16.993412017822266,
            16.455049514770508,
            16.10857582092285,
            16.1281795501709,
            15.709615707397461,
            15.826759338378906,
            15.815007209777832,
            15.603218078613281,
            15.265791893005371,
            15.1232271194458,
            15.151069641113281,
            14.841033935546875,
            14.82021427154541,
            14.73771858215332,
            14.78488826751709,
            14.471277236938477,
            14.414163589477539,
            14.292974472045898,
            14.258899688720703,
            14.235450744628906,
            14.275935173034668,
            14.010347366333008,
            13.957244873046875,
            13.87047290802002,
            14.026939392089844,
            13.806068420410156
        ],
        "mse": [
            2855.28466796875,
            1937.4951171875,
            1669.511962890625,
            1525.685546875,
            1409.5428466796875,
            1298.46240234375,
            1198.8570556640625,
            1105.6717529296875,
            1018.5853881835938,
            943.5929565429688,
            880.1270141601562,
            819.072021484375,
            768.0440673828125,
            730.7337646484375,
            686.678955078125,
            654.7154541015625,
            622.4801025390625,
            598.9485473632812,
            578.9193115234375,
            561.5829467773438,
            533.3345947265625,
            521.1058959960938,
            512.4234008789062,
            493.655029296875,
            498.8250427246094,
            476.4418640136719,
            461.5838317871094,
            465.2938232421875,
            446.5267028808594,
            456.8564147949219,
            460.4605712890625,
            453.1554260253906,
            437.8165588378906,
            433.5980224609375,
            440.3302917480469,
            424.37274169921875,
            427.5244140625,
            426.51226806640625,
            434.25830078125,
            415.8016052246094,
            415.6972961425781,
            410.1669006347656,
            411.26318359375,
            413.0829772949219,
            419.9154357910156,
            401.1111755371094,
            399.7121276855469,
            393.57012939453125,
            412.96075439453125,
            393.90447998046875
        ],
        "mae": [
            36.46867752075195,
            33.394615173339844,
            32.574100494384766,
            31.678010940551758,
            30.204313278198242,
            28.80961799621582,
            27.290794372558594,
            25.939346313476562,
            24.848575592041016,
            23.805940628051758,
            22.695903778076172,
            21.996475219726562,
            21.5205135345459,
            21.337779998779297,
            20.297231674194336,
            19.891433715820312,
            19.22063636779785,
            18.956188201904297,
            18.674449920654297,
            18.379751205444336,
            17.658763885498047,
            17.478343963623047,
            17.322418212890625,
            16.86285400390625,
            16.993412017822266,
            16.455049514770508,
            16.10857582092285,
            16.1281795501709,
            15.709615707397461,
            15.826759338378906,
            15.815007209777832,
            15.603218078613281,
            15.265791893005371,
            15.1232271194458,
            15.151069641113281,
            14.841033935546875,
            14.82021427154541,
            14.73771858215332,
            14.78488826751709,
            14.471277236938477,
            14.414163589477539,
            14.292974472045898,
            14.258899688720703,
            14.235450744628906,
            14.275935173034668,
            14.010347366333008,
            13.957244873046875,
            13.87047290802002,
            14.026939392089844,
            13.806068420410156
        ],
        "accuracy": [
            0.0007062146905809641,
            0.0007062146905809641,
            0.0007062146905809641,
            0.0007062146905809641,
            0.0007062146905809641,
            0.0007062146905809641,
            0.0007062146905809641,
            0.0,
            0.0,
            0.0,
            0.0,
            0.0,
            0.0,
            0.0,
            0.0,
            0.0,
            0.0,
            0.0,
            0.0,
            0.0,
            0.0,
            0.0,
            0.0,
            0.0,
            0.0,
            0.0,
            0.0,
            0.0,
            0.0,
            0.0,
            0.0,
            0.0,
            0.0,
            0.0,
            0.0007062146905809641,
            0.0007062146905809641,
            0.0007062146905809641,
            0.0007062146905809641,
            0.0007062146905809641,
            0.0007062146905809641,
            0.0007062146905809641,
            0.0007062146905809641,
            0.0007062146905809641,
            0.0007062146905809641,
            0.0007062146905809641,
            0.0007062146905809641,
            0.0007062146905809641,
            0.0007062146905809641,
            0.0007062146905809641,
            0.0007062146905809641
        ]
    }
}