{
    "Centralized Individual": {
        "loss": [
            38.74109649658203,
            26.312362670898438,
            24.193084716796875,
            23.369808197021484,
            22.595733642578125,
            21.841571807861328,
            21.114892959594727,
            20.425739288330078,
            19.780242919921875,
            19.18577003479004,
            18.61656379699707,
            18.0975284576416,
            17.587202072143555,
            17.113433837890625,
            16.661537170410156,
            16.249189376831055,
            15.847652435302734,
            15.465023040771484,
            15.114875793457031,
            14.786853790283203,
            14.491070747375488,
            14.223164558410645,
            13.982536315917969,
            13.756755828857422,
            13.561607360839844
        ],
        "val_loss": [
            25.89006805419922,
            23.08831024169922,
            22.81215476989746,
            22.236286163330078,
            21.54290771484375,
            20.913471221923828,
            20.4615421295166,
            19.878408432006836,
            19.488012313842773,
            18.9998722076416,
            18.6080265045166,
            18.1557559967041,
            17.788475036621094,
            17.374998092651367,
            16.984067916870117,
            17.015758514404297,
            16.40761947631836,
            16.184072494506836,
            15.864205360412598,
            15.637120246887207,
            15.462696075439453,
            15.183297157287598,
            15.228957176208496,
            14.93969440460205,
            14.974296569824219
        ],
        "mse": [
            1176.184814453125,
            803.3783569335938,
            769.2879638671875,
            733.7738647460938,
            692.97802734375,
            656.1458129882812,
            629.438720703125,
            597.0439453125,
            575.760009765625,
            550.4044189453125,
            531.3294677734375,
            509.8548583984375,
            493.6964111328125,
            475.3828430175781,
            459.1990661621094,
            468.4093322753906,
            439.49444580078125,
            433.692626953125,
            421.71124267578125,
            414.6264953613281,
            410.0129699707031,
            397.0938720703125,
            405.29754638671875,
            390.7179870605469,
            396.9892272949219
        ],
        "mae": [
            25.89006805419922,
            23.08831024169922,
            22.81215476989746,
            22.236286163330078,
            21.54290771484375,
            20.913471221923828,
            20.4615421295166,
            19.878408432006836,
            19.488012313842773,
            18.9998722076416,
            18.6080265045166,
            18.1557559967041,
            17.788475036621094,
            17.374998092651367,
            16.984067916870117,
            17.015758514404297,
            16.40761947631836,
            16.184072494506836,
            15.864205360412598,
            15.637120246887207,
            15.462696075439453,
            15.183297157287598,
            15.228955268859863,
            14.93969440460205,
            14.974296569824219
        ],
        "accuracy": [
            0.0,
            0.0,
            0.0,
            0.0,
            0.0,
            0.0,
            0.0,
            0.0,
            0.0,
            0.0,
            0.0,
            0.0,
            0.0,
            0.0,
            0.0,
            0.0,
            0.0,
            0.0,
            0.0,
            0.0,
            0.0,
            0.0,
            0.0,
            0.0,
            0.0
        ]
    }
}