{
    "Centralized Individual": {
        "loss": [
            38.61262512207031,
            26.418743133544922,
            24.455291748046875,
            23.689220428466797,
            23.014497756958008,
            22.366025924682617,
            21.782373428344727,
            21.240983963012695,
            20.715890884399414,
            20.197446823120117,
            19.7200984954834,
            19.24933624267578,
            18.80927848815918,
            18.380970001220703,
            17.97842788696289,
            17.59378433227539,
            17.206911087036133,
            16.875425338745117,
            16.553224563598633,
            16.25341033935547,
            15.986144065856934,
            15.729418754577637,
            15.493572235107422,
            15.277003288269043,
            15.074657440185547,
            14.894170761108398,
            14.725835800170898,
            14.548230171203613,
            14.385400772094727,
            14.236227035522461,
            14.089531898498535,
            13.927918434143066,
            13.800247192382812,
            13.667181015014648,
            13.537773132324219,
            13.412851333618164,
            13.284740447998047,
            13.172293663024902,
            13.062514305114746,
            12.939130783081055,
            12.83175277709961,
            12.724443435668945,
            12.639705657958984,
            12.525697708129883,
            12.425871849060059,
            12.338397026062012,
            12.242510795593262,
            12.161188125610352,
            12.076102256774902,
            12.010221481323242
        ],
        "val_loss": [
            25.875770568847656,
            23.272375106811523,
            23.01302719116211,
            22.527544021606445,
            22.009723663330078,
            21.36916732788086,
            21.03165626525879,
            20.60379409790039,
            20.302335739135742,
            19.866363525390625,
            19.50728988647461,
            18.9542179107666,
            18.9947509765625,
            18.462852478027344,
            18.132774353027344,
            17.892824172973633,
            17.47292137145996,
            17.20793342590332,
            17.11818504333496,
            17.011579513549805,
            16.795053482055664,
            16.525991439819336,
            16.438241958618164,
            16.243589401245117,
            16.014381408691406,
            16.066389083862305,
            15.950637817382812,
            15.801349639892578,
            15.654549598693848,
            15.588422775268555,
            15.52402114868164,
            15.592674255371094,
            15.28404426574707,
            15.169584274291992,
            15.191535949707031,
            14.970291137695312,
            15.005949974060059,
            14.734834671020508,
            14.77020263671875,
            14.601921081542969,
            14.523767471313477,
            14.490116119384766,
            14.331802368164062,
            14.385942459106445,
            14.131192207336426,
            14.26608943939209,
            14.04222297668457,
            13.998139381408691,
            14.053633689880371,
            13.91580581665039
        ],
        "mse": [
            1169.7252197265625,
            816.064453125,
            785.4017333984375,
            755.933349609375,
            726.2422485351562,
            689.6476440429688,
            669.21630859375,
            644.94384765625,
            628.5620727539062,
            604.9768676757812,
            586.4572143554688,
            559.0133056640625,
            564.5602416992188,
            537.3849487304688,
            523.0509033203125,
            514.4197998046875,
            494.8729553222656,
            484.2144775390625,
            484.8766784667969,
            484.55657958984375,
            475.72979736328125,
            462.4712219238281,
            461.6559753417969,
            452.82928466796875,
            440.52362060546875,
            448.6194763183594,
            444.2173767089844,
            436.9377136230469,
            429.8664855957031,
            428.1743469238281,
            426.5979919433594,
            434.0896301269531,
            415.3187561035156,
            409.8304138183594,
            414.096923828125,
            400.8529357910156,
            406.330810546875,
            389.1388244628906,
            394.3908996582031,
            385.1093444824219,
            382.1803894042969,
            382.2255859375,
            373.18524169921875,
            379.42218017578125,
            363.3612365722656,
            375.5190734863281,
            362.34881591796875,
            361.47308349609375,
            367.39923095703125,
            359.92242431640625
        ],
        "mae": [
            25.875770568847656,
            23.272375106811523,
            23.01302719116211,
            22.527544021606445,
            22.009723663330078,
            21.36916732788086,
            21.03165626525879,
            20.60379409790039,
            20.302335739135742,
            19.866363525390625,
            19.50728988647461,
            18.9542179107666,
            18.9947509765625,
            18.462852478027344,
            18.132774353027344,
            17.892824172973633,
            17.47292137145996,
            17.20793342590332,
            17.11818504333496,
            17.011579513549805,
            16.795053482055664,
            16.525991439819336,
            16.438241958618164,
            16.243589401245117,
            16.014381408691406,
            16.066389083862305,
            15.950637817382812,
            15.801349639892578,
            15.654549598693848,
            15.588422775268555,
            15.52402114868164,
            15.592674255371094,
            15.28404426574707,
            15.169584274291992,
            15.191535949707031,
            14.970291137695312,
            15.005949020385742,
            14.734834671020508,
            14.77020263671875,
            14.601921081542969,
            14.523767471313477,
            14.490116119384766,
            14.331802368164062,
            14.385942459106445,
            14.131192207336426,
            14.26608943939209,
            14.04222297668457,
            13.998139381408691,
            14.053633689880371,
            13.91580581665039
        ],
        "accuracy": [
            0.0,
            0.0,
            0.0,
            0.0,
            0.0,
            0.0,
            0.0,
            0.0,
            0.0,
            0.0,
            0.0,
            0.0,
            0.0,
            0.0,
            0.0,
            0.0,
            0.0,
            0.0,
            0.0,
            0.0,
            0.0,
            0.0,
            0.0,
            0.0,
            0.0,
            0.0,
            0.0,
            0.0,
            0.0,
            0.0,
            0.0,
            0.0,
            0.0,
            0.0,
            0.0,
            0.0,
            0.0,
            0.0,
            0.0,
            0.0,
            0.0,
            0.0,
            0.0,
            0.0,
            0.0,
            0.0,
            0.0,
            0.0,
            0.0,
            0.0
        ]
    }
}