{
    "Centralized Individual": {
        "loss": [
            13.105855941772461,
            8.717199325561523,
            7.719149589538574,
            7.025965690612793,
            6.518073558807373,
            6.129295349121094,
            5.823916912078857,
            5.579206943511963,
            5.373845100402832,
            5.2089924812316895,
            5.07118034362793,
            4.963805198669434,
            4.878046035766602,
            4.8080034255981445,
            4.7483415603637695,
            4.698293685913086,
            4.650171279907227,
            4.623310089111328,
            4.5883917808532715,
            4.5612006187438965,
            4.543867588043213,
            4.518720626831055,
            4.499453544616699,
            4.478623390197754,
            4.461918354034424
        ],
        "val_loss": [
            8.219139099121094,
            7.408266067504883,
            6.959755897521973,
            6.653036117553711,
            6.368392467498779,
            6.091574192047119,
            5.812038421630859,
            5.7222490310668945,
            5.570228576660156,
            5.409865379333496,
            5.2709245681762695,
            5.223878860473633,
            5.161008834838867,
            5.126503944396973,
            5.066095352172852,
            5.0419816970825195,
            5.058459281921387,
            5.023540019989014,
            4.987251281738281,
            5.000142574310303,
            5.025187015533447,
            4.9527716636657715,
            4.952455043792725,
            4.961521148681641,
            5.019686698913574
        ],
        "mse": [
            122.32978057861328,
            101.1207504272461,
            89.92626953125,
            83.55622863769531,
            78.73074340820312,
            74.57075500488281,
            70.46843719482422,
            70.0019760131836,
            68.2293701171875,
            66.30296325683594,
            64.23043823242188,
            64.35228729248047,
            63.808467864990234,
            63.91249084472656,
            62.94388198852539,
            62.95271682739258,
            63.92978286743164,
            63.35580062866211,
            62.74158477783203,
            63.3153076171875,
            64.24891662597656,
            62.483436584472656,
            62.89810562133789,
            63.1458625793457,
            64.41429901123047
        ],
        "mae": [
            8.219139099121094,
            7.408266067504883,
            6.959755897521973,
            6.653036117553711,
            6.368392467498779,
            6.091574192047119,
            5.812038421630859,
            5.7222490310668945,
            5.570228576660156,
            5.409865379333496,
            5.2709245681762695,
            5.223878860473633,
            5.161008834838867,
            5.126503944396973,
            5.066095352172852,
            5.0419816970825195,
            5.058459281921387,
            5.023540019989014,
            4.987251281738281,
            5.000142574310303,
            5.025187015533447,
            4.9527716636657715,
            4.952455043792725,
            4.961521148681641,
            5.019686698913574
        ],
        "accuracy": [
            0.0007062146905809641,
            0.0007062146905809641,
            0.0007062146905809641,
            0.0007062146905809641,
            0.0007062146905809641,
            0.0007062146905809641,
            0.0007062146905809641,
            0.0007062146905809641,
            0.0007062146905809641,
            0.0007062146905809641,
            0.0007062146905809641,
            0.0007062146905809641,
            0.0007062146905809641,
            0.0007062146905809641,
            0.0007062146905809641,
            0.0007062146905809641,
            0.0007062146905809641,
            0.0007062146905809641,
            0.0007062146905809641,
            0.0007062146905809641,
            0.0007062146905809641,
            0.0007062146905809641,
            0.0007062146905809641,
            0.0007062146905809641,
            0.0007062146905809641
        ]
    }
}