{
    "Centralized Individual": {
        "loss": [
            36.48960876464844,
            25.379135131835938,
            23.280609130859375,
            21.90107536315918,
            20.604005813598633,
            19.39543342590332,
            18.30409049987793,
            17.34471893310547,
            16.511409759521484,
            15.790188789367676,
            15.138237953186035,
            14.543312072753906,
            14.001660346984863,
            13.49233627319336,
            13.0125093460083,
            12.55756664276123,
            12.147082328796387,
            11.72989559173584,
            11.369053840637207,
            11.025341987609863,
            10.71365737915039,
            10.447266578674316,
            10.17757797241211,
            9.950424194335938,
            9.728045463562012,
            9.546213150024414,
            9.38634204864502,
            9.2352294921875,
            9.09781551361084,
            8.975069046020508,
            8.856151580810547,
            8.757499694824219,
            8.657032012939453,
            8.572278022766113,
            8.494574546813965,
            8.42594051361084,
            8.355354309082031,
            8.287670135498047,
            8.230232238769531,
            8.181408882141113,
            8.131762504577637,
            8.077258110046387,
            8.033946990966797,
            7.998144149780273,
            7.955981731414795,
            7.9153571128845215,
            7.878116607666016,
            7.844869136810303,
            7.817263603210449,
            7.784702301025391
        ],
        "val_loss": [
            24.50560760498047,
            24.743579864501953,
            23.998424530029297,
            22.59958839416504,
            21.130273818969727,
            20.013214111328125,
            18.926782608032227,
            18.373567581176758,
            17.30088233947754,
            16.642784118652344,
            16.08877944946289,
            15.806241989135742,
            15.268521308898926,
            14.729318618774414,
            14.35910701751709,
            14.131770133972168,
            13.699336051940918,
            13.089526176452637,
            12.918088912963867,
            12.760578155517578,
            12.45068359375,
            12.03508186340332,
            11.861456871032715,
            11.675061225891113,
            11.743921279907227,
            11.387038230895996,
            11.254053115844727,
            11.134615898132324,
            11.095232963562012,
            10.924882888793945,
            10.909208297729492,
            10.840934753417969,
            10.684660911560059,
            10.615320205688477,
            10.518380165100098,
            10.509458541870117,
            10.4097261428833,
            10.327096939086914,
            10.30705451965332,
            10.218411445617676,
            10.162310600280762,
            10.124211311340332,
            10.068639755249023,
            10.026371002197266,
            9.98375129699707,
            9.939613342285156,
            9.904031753540039,
            9.862281799316406,
            9.824877738952637,
            9.794113159179688
        ],
        "mse": [
            1250.2730712890625,
            971.6292114257812,
            884.1241455078125,
            802.0465087890625,
            727.9793701171875,
            665.0975341796875,
            611.858642578125,
            568.5632934570312,
            529.1051635742188,
            496.9479675292969,
            468.7080383300781,
            443.5926513671875,
            420.60888671875,
            399.5813903808594,
            380.5390319824219,
            364.35211181640625,
            348.1041259765625,
            333.218505859375,
            320.0393371582031,
            309.6346130371094,
            298.4726257324219,
            287.8424072265625,
            279.4620666503906,
            271.8988037109375,
            268.18939208984375,
            259.3834228515625,
            254.01959228515625,
            249.2955322265625,
            245.82200622558594,
            241.06614685058594,
            238.6295166015625,
            235.8060760498047,
            231.42959594726562,
            228.74179077148438,
            225.7670135498047,
            224.32550048828125,
            221.35464477539062,
            218.93121337890625,
            217.65768432617188,
            215.14993286132812,
            213.3834991455078,
            211.783935546875,
            210.08770751953125,
            209.0358428955078,
            207.2166748046875,
            205.96685791015625,
            204.7281494140625,
            203.52134704589844,
            202.25088500976562,
            201.4119415283203
        ],
        "mae": [
            24.50560760498047,
            24.743579864501953,
            23.998424530029297,
            22.59958839416504,
            21.130273818969727,
            20.013214111328125,
            18.926782608032227,
            18.373567581176758,
            17.30088233947754,
            16.642784118652344,
            16.08877944946289,
            15.806241989135742,
            15.268521308898926,
            14.729318618774414,
            14.35910701751709,
            14.131770133972168,
            13.699336051940918,
            13.089526176452637,
            12.918088912963867,
            12.760578155517578,
            12.45068359375,
            12.03508186340332,
            11.861456871032715,
            11.675061225891113,
            11.743921279907227,
            11.387038230895996,
            11.254053115844727,
            11.134615898132324,
            11.095232963562012,
            10.924882888793945,
            10.909208297729492,
            10.840934753417969,
            10.684660911560059,
            10.615320205688477,
            10.518380165100098,
            10.509458541870117,
            10.4097261428833,
            10.327096939086914,
            10.30705451965332,
            10.218411445617676,
            10.162310600280762,
            10.124211311340332,
            10.068639755249023,
            10.026371002197266,
            9.98375129699707,
            9.939613342285156,
            9.904031753540039,
            9.862281799316406,
            9.824877738952637,
            9.794113159179688
        ],
        "accuracy": [
            0.0,
            0.0,
            0.0,
            0.0,
            0.0,
            0.0,
            0.0,
            0.0,
            0.0,
            0.0,
            0.0,
            0.0,
            0.0,
            0.0,
            0.0,
            0.0,
            0.0,
            0.0,
            0.0,
            0.0,
            0.0,
            0.0,
            0.0,
            0.0,
            0.0,
            0.0,
            0.0,
            0.0,
            0.0,
            0.0,
            0.0,
            0.0,
            0.0,
            0.0,
            0.0,
            0.0,
            0.0,
            0.0,
            0.0,
            0.0,
            0.0,
            0.0,
            0.0,
            0.0,
            0.0,
            0.0,
            0.0,
            0.0,
            0.0,
            0.0
        ]
    }
}