{
    "Centralized Individual": {
        "loss": [
            6.141160011291504,
            4.027458667755127,
            3.4997973442077637,
            3.1303341388702393,
            2.892418146133423,
            2.7338554859161377,
            2.607470750808716,
            2.5108273029327393,
            2.428131103515625,
            2.35772442817688,
            2.290687084197998,
            2.2311925888061523,
            2.1758251190185547,
            2.1431703567504883,
            2.0962817668914795,
            2.0723540782928467,
            2.038088798522949,
            2.0142698287963867,
            1.9948062896728516,
            1.9795650243759155,
            1.965510368347168,
            1.963348150253296,
            1.9384167194366455,
            1.9291014671325684,
            1.9226689338684082,
            1.9131710529327393,
            1.9038136005401611,
            1.9032748937606812,
            1.8888307809829712,
            1.8832155466079712,
            1.8762401342391968,
            1.8699361085891724,
            1.8695755004882812,
            1.8680530786514282,
            1.8617379665374756,
            1.8593336343765259,
            1.8533787727355957,
            1.8525843620300293,
            1.850181221961975,
            1.8472930192947388,
            1.8379955291748047,
            1.8403741121292114,
            1.838765025138855,
            1.8326002359390259,
            1.8315716981887817,
            1.8299578428268433,
            1.823517084121704,
            1.82455313205719,
            1.8183945417404175,
            1.8207231760025024
        ],
        "val_loss": [
            7.603155136108398,
            6.460520267486572,
            6.004889488220215,
            5.694069862365723,
            5.436164379119873,
            5.268249988555908,
            5.274028778076172,
            5.262027263641357,
            4.9492998123168945,
            4.77108907699585,
            4.785470008850098,
            4.64804220199585,
            4.635106563568115,
            4.520076751708984,
            4.380452632904053,
            4.383604049682617,
            4.321016788482666,
            4.382164001464844,
            4.3605804443359375,
            4.212051868438721,
            4.220989227294922,
            4.263564109802246,
            4.238065242767334,
            4.13417387008667,
            4.266597747802734,
            4.181692600250244,
            4.208405017852783,
            4.101375579833984,
            4.149630546569824,
            4.084935188293457,
            4.0985636711120605,
            4.12027645111084,
            4.09646463394165,
            4.1138482093811035,
            4.114628314971924,
            4.133576393127441,
            4.134904384613037,
            4.067758560180664,
            4.056761741638184,
            4.071070194244385,
            4.093716621398926,
            4.085102081298828,
            4.080466270446777,
            4.045236587524414,
            4.038964748382568,
            4.055417060852051,
            4.070097923278809,
            4.072798252105713,
            4.125857353210449,
            4.092898368835449
        ],
        "mse": [
            88.73499298095703,
            68.40367889404297,
            59.9669075012207,
            55.258453369140625,
            51.528724670410156,
            49.25053024291992,
            50.04735565185547,
            50.85554504394531,
            45.85151672363281,
            43.344661712646484,
            44.70661163330078,
            42.91973876953125,
            43.43840026855469,
            41.96531295776367,
            39.74472427368164,
            40.5833854675293,
            39.75966262817383,
            41.28506088256836,
            41.1932258605957,
            38.51816940307617,
            38.92485046386719,
            39.91386413574219,
            39.57660675048828,
            37.61322021484375,
            40.22785186767578,
            38.60428237915039,
            39.2748908996582,
            37.30406188964844,
            38.34864807128906,
            37.11134719848633,
            37.3785400390625,
            37.84715270996094,
            37.464271545410156,
            37.84526062011719,
            37.82527160644531,
            38.197269439697266,
            38.3006591796875,
            37.1442985534668,
            36.885215759277344,
            37.220890045166016,
            37.629512786865234,
            37.534420013427734,
            37.365299224853516,
            36.76255798339844,
            36.61581039428711,
            37.046173095703125,
            37.19898223876953,
            37.25056076049805,
            38.11809158325195,
            37.600311279296875
        ],
        "mae": [
            7.603155136108398,
            6.460520267486572,
            6.004889488220215,
            5.694069862365723,
            5.436164379119873,
            5.268249988555908,
            5.274028778076172,
            5.262027263641357,
            4.949298858642578,
            4.77108907699585,
            4.785470008850098,
            4.64804220199585,
            4.635106563568115,
            4.520076751708984,
            4.380452632904053,
            4.383604049682617,
            4.321016788482666,
            4.382164001464844,
            4.3605804443359375,
            4.212051868438721,
            4.220989227294922,
            4.263564109802246,
            4.238065242767334,
            4.13417387008667,
            4.266597747802734,
            4.181692600250244,
            4.208405017852783,
            4.101375579833984,
            4.149630546569824,
            4.084935188293457,
            4.0985636711120605,
            4.12027645111084,
            4.096465587615967,
            4.1138482093811035,
            4.114628314971924,
            4.133576393127441,
            4.134904384613037,
            4.067758560180664,
            4.056761741638184,
            4.071070194244385,
            4.093716621398926,
            4.085102081298828,
            4.080466270446777,
            4.045236587524414,
            4.038964748382568,
            4.055417060852051,
            4.070097923278809,
            4.072798252105713,
            4.125857353210449,
            4.092898368835449
        ],