{
    "Centralized Individual": {
        "loss": [
            5.940406799316406,
            3.6742143630981445,
            3.055182456970215,
            2.6840975284576416,
            2.4761359691619873,
            2.328742265701294,
            2.2286856174468994,
            2.147171974182129,
            2.079056739807129,
            2.0263333320617676,
            1.9846456050872803,
            1.9563543796539307,
            1.9257352352142334,
            1.9000084400177002,
            1.8792146444320679,
            1.8699517250061035,
            1.8584421873092651,
            1.8490132093429565,
            1.8354239463806152,
            1.8398585319519043,
            1.82925283908844,
            1.8189697265625,
            1.8171895742416382,
            1.8076329231262207,
            1.8072258234024048
        ],
        "val_loss": [
            7.1834588050842285,
            5.923099040985107,
            5.350340843200684,
            5.1020708084106445,
            5.15618896484375,
            5.00082540512085,
            4.778179168701172,
            4.6741251945495605,
            4.576390266418457,
            4.429943084716797,
            4.443375587463379,
            4.306801795959473,
            4.3606719970703125,
            4.198209762573242,
            4.239489555358887,
            4.196176528930664,
            4.155148506164551,
            4.151209354400635,
            4.077789306640625,
            4.0897369384765625,
            4.122829437255859,
            4.049246311187744,
            4.024946689605713,
            4.032744884490967,
            4.055474281311035
        ],
        "mse": [
            80.44551849365234,
            58.5329475402832,
            49.73370361328125,
            46.34348678588867,
            48.29497146606445,
            46.63899612426758,
            43.43281173706055,
            42.51176834106445,
            41.632659912109375,
            39.43144607543945,
            40.67580032348633,
            38.52576446533203,
            40.05527877807617,
            37.32545471191406,
            38.558921813964844,
            38.13763427734375,
            37.55771255493164,
            37.680686950683594,
            36.51024627685547,
            36.93642044067383,
            37.73044204711914,
            36.568389892578125,
            36.1661491394043,
            36.4891242980957,
            37.03077697753906
        ],
        "mae": [
            7.1834588050842285,
            5.923099040985107,
            5.350340843200684,
            5.1020708084106445,
            5.15618896484375,
            5.00082540512085,
            4.778179168701172,
            4.6741251945495605,
            4.576390266418457,
            4.429943084716797,
            4.443375587463379,
            4.306801795959473,
            4.3606719970703125,
            4.198209762573242,
            4.239489555358887,
            4.196176528930664,
            4.155148506164551,
            4.151209354400635,
            4.077789306640625,
            4.0897369384765625,
            4.122829437255859,
            4.049246311187744,
            4.024946689605713,
            4.032744884490967,
            4.055474281311035
        ],
        "accuracy": [
            0.0035310734529048204,
            0.0042372881434857845,
            0.0035310734529048204,
            0.0028248587623238564,
            0.0028248587623238564,
            0.0021186440717428923,
            0.0021186440717428923,
            0.0021186440717428923,
            0.0021186440717428923,
            0.0021186440717428923,
            0.0021186440717428923,
            0.0021186440717428923,
            0.0028248587623238564,
            0.0028248587623238564,
            0.0035310734529048204,
            0.0035310734529048204,
            0.0035310734529048204,
            0.0035310734529048204,
            0.0035310734529048204,
            0.0035310734529048204,
            0.0035310734529048204,
            0.0035310734529048204,
            0.0035310734529048204,
            0.0035310734529048204,
            0.0035310734529048204
        ]
    }
}