{
    "Centralized Individual": {
        "loss": [
            25.176488876342773,
            20.475421905517578,
            19.11767578125,
            18.065345764160156,
            17.241901397705078,
            16.574081420898438,
            15.99912166595459,
            15.50307846069336,
            15.09492015838623,
            14.768693923950195,
            14.503952980041504,
            14.26900863647461,
            14.057683944702148,
            13.875334739685059,
            13.70137882232666,
            13.529122352600098,
            13.377981185913086,
            13.226851463317871,
            13.082146644592285,
            12.946612358093262,
            12.814906120300293,
            12.688976287841797,
            12.556538581848145,
            12.459290504455566,
            12.333192825317383
        ],
        "val_loss": [
            75.03231811523438,
            70.72653198242188,
            68.23298645019531,
            66.38575744628906,
            64.15103149414062,
            62.229209899902344,
            61.27101516723633,
            59.755043029785156,
            59.05361557006836,
            58.14462661743164,
            57.293121337890625,
            55.80381393432617,
            55.41162872314453,
            53.94522476196289,
            53.40629959106445,
            52.31996536254883,
            52.1047248840332,
            51.444061279296875,
            50.729217529296875,
            49.99834060668945,
            49.17803192138672,
            48.67623519897461,
            48.29465103149414,
            47.8355827331543,
            47.15333557128906
        ],
        "mse": [
            10314.2392578125,
            9275.3125,
            8726.9716796875,
            8333.3291015625,
            7840.56298828125,
            7431.38134765625,
            7248.5771484375,
            6938.11669921875,
            6805.45751953125,
            6622.0,
            6447.57080078125,
            6135.67138671875,
            6057.25048828125,
            5754.67529296875,
            5647.224609375,
            5427.07568359375,
            5385.5927734375,
            5254.8173828125,
            5114.45849609375,
            4972.48974609375,
            4814.1767578125,
            4718.2275390625,
            4645.93994140625,
            4558.19091796875,
            4430.208984375
        ],
        "mae": [
            75.03231811523438,
            70.72653198242188,
            68.23298645019531,
            66.38575744628906,
            64.15103149414062,
            62.229209899902344,
            61.27101516723633,
            59.755043029785156,
            59.05361557006836,
            58.14462661743164,
            57.293121337890625,
            55.80381393432617,
            55.41162872314453,
            53.94522476196289,
            53.40629959106445,
            52.31996536254883,
            52.1047248840332,
            51.444061279296875,
            50.729217529296875,
            49.99834060668945,
            49.17803192138672,
            48.67623519897461,
            48.29465103149414,
            47.8355827331543,
            47.15333557128906
        ],
        "accuracy": [
            0.0014124293811619282,
            0.0007062146905809641,
            0.0007062146905809641,
            0.0007062146905809641,
            0.0007062146905809641,
            0.0007062146905809641,
            0.0007062146905809641,
            0.0007062146905809641,
            0.0007062146905809641,
            0.0007062146905809641,
            0.0014124293811619282,
            0.0014124293811619282,
            0.0014124293811619282,
            0.0014124293811619282,
            0.0014124293811619282,
            0.0014124293811619282,
            0.0014124293811619282,
            0.0014124293811619282,
            0.0014124293811619282,
            0.0014124293811619282,
            0.0014124293811619282,
            0.0014124293811619282,
            0.0014124293811619282,
            0.0014124293811619282,
            0.0014124293811619282
        ]
    }
}