{
    "Centralized Individual": {
        "loss": [
            25.973190307617188,
            20.460956573486328,
            19.314298629760742,
            18.418581008911133,
            17.69141960144043,
            17.09315299987793,
            16.562522888183594,
            16.106426239013672,
            15.71462345123291,
            15.374395370483398,
            15.082191467285156,
            14.830270767211914,
            14.608307838439941,
            14.412721633911133,
            14.234590530395508,
            14.059759140014648,
            13.906493186950684,
            13.75173282623291,
            13.608749389648438,
            13.468988418579102,
            13.34443187713623,
            13.21524715423584,
            13.091790199279785,
            12.975172996520996,
            12.860795974731445,
            12.74942398071289,
            12.644241333007812,
            12.535750389099121,
            12.424235343933105,
            12.330412864685059,
            12.224461555480957,
            12.132913589477539,
            12.038680076599121,
            11.953389167785645,
            11.8541841506958,
            11.769304275512695,
            11.680801391601562,
            11.601585388183594,
            11.516851425170898,
            11.428810119628906,
            11.35798168182373,
            11.280645370483398,
            11.206850051879883,
            11.130008697509766,
            11.057271003723145,
            10.993511199951172,
            10.92240047454834,
            10.847504615783691,
            10.791730880737305,
            10.715917587280273
        ],
        "val_loss": [
            76.05717468261719,
            71.45978546142578,
            69.24781799316406,
            67.16073608398438,
            65.00525665283203,
            63.946563720703125,
            62.0927619934082,
            61.718685150146484,
            60.848323822021484,
            59.850181579589844,
            59.17959976196289,
            58.539432525634766,
            57.34309387207031,
            56.54111862182617,
            55.66022872924805,
            55.160911560058594,
            53.86965560913086,
            53.071502685546875,
            52.80741882324219,
            51.82455062866211,
            51.04892349243164,
            50.51145553588867,
            50.46132278442383,
            49.55377197265625,
            48.21487045288086,
            48.7032470703125,
            47.81304168701172,
            47.19020462036133,
            47.183597564697266,
            46.600807189941406,
            46.369693756103516,
            45.79365921020508,
            45.214996337890625,
            44.756526947021484,
            44.24566650390625,
            43.711181640625,
            43.348358154296875,
            42.96858596801758,
            42.718971252441406,
            42.18831253051758,
            42.41787338256836,
            41.539432525634766,
            41.376399993896484,
            40.816436767578125,
            41.035118103027344,
            40.41154098510742,
            40.099735260009766,
            39.620323181152344,
            38.91745376586914,
            38.7857666015625
        ],
        "mse": [
            10637.8447265625,
            9486.697265625,
            8982.7998046875,
            8510.80859375,
            8024.07958984375,
            7806.125,
            7399.1884765625,
            7339.00927734375,
            7158.70263671875,
            6951.80029296875,
            6815.52099609375,
            6684.51123046875,
            6435.06494140625,
            6268.30419921875,
            6084.34375,
            5981.90625,
            5714.74169921875,
            5553.22314453125,
            5500.04150390625,
            5303.1337890625,
            5148.89453125,
            5043.6005859375,
            5033.556640625,
            4858.31298828125,
            4598.88818359375,
            4694.57470703125,
            4526.13720703125,
            4408.80029296875,
            4407.60791015625,
            4298.2255859375,
            4254.37353515625,
            4146.87939453125,
            4040.35205078125,
            3956.529296875,
            3864.19921875,
            3768.631103515625,
            3704.36962890625,
            3637.726806640625,
            3594.43115234375,
            3502.965087890625,
            3541.266357421875,
            3392.804443359375,
            3365.847900390625,
            3271.300537109375,
            3307.9208984375,
            3205.10595703125,
            3153.81591796875,
            3075.230224609375,
            2959.779541015625,
            2940.03076171875
        ],
        "mae": [
            76.05717468261719,
            71.45978546142578,
            69.24781799316406,
            67.16073608398438,
            65.00525665283203,
            63.946563720703125,
            62.0927619934082,
            61.718685150146484,
            60.848323822021484,
            59.850181579589844,
            59.17959976196289,
            58.539432525634766,
            57.34309387207031,
            56.54111862182617,
            55.66022872924805,
            55.160911560058594,
            53.86965560913086,
            53.071502685546875,
            52.80741882324219,
            51.82455062866211,
            51.04892349243164,
            50.51145553588867,
            50.46132278442383,
            49.55377197265625,
            48.21487045288086,
            48.7032470703125,
            47.81303405761719,
            47.19020462036133,
            47.183597564697266,
            46.600807189941406,
            46.369693756103516,
            45.79365921020508,
            45.214996337890625,
            44.75653076171875,
            44.24566650390625,
            43.711181640625,
            43.34835433959961,
            42.96858596801758,
            42.718971252441406,
            42.18831253051758,
            42.41787338256836,
            41.539432525634766,
            41.376399993896484,
            40.816436767578125,
            41.035118103027344,
            40.41154098510742,
            40.099735260009766,
            39.620323181152344,
            38.91745376586914,
            38.7857666015625
        ],