{
    "Centralized Individual": {
        "loss": [
            36.53213119506836,
            25.771167755126953,
            23.761524200439453,
            22.576169967651367,
            21.443073272705078,
            20.364774703979492,
            19.361042022705078,
            18.437131881713867,
            17.60117530822754,
            16.844322204589844,
            16.166824340820312,
            15.55781078338623,
            14.994795799255371,
            14.48229694366455,
            14.021957397460938,
            13.59839153289795,
            13.227734565734863,
            12.873973846435547,
            12.57096004486084,
            12.312570571899414,
            12.059480667114258,
            11.839859962463379,
            11.652082443237305,
            11.468521118164062,
            11.31718921661377
        ],
        "val_loss": [
            25.73383140563965,
            23.036359786987305,
            22.363996505737305,
            21.360836029052734,
            20.575593948364258,
            19.635730743408203,
            18.860509872436523,
            18.236082077026367,
            17.64739990234375,
            17.333019256591797,
            16.686445236206055,
            16.295074462890625,
            15.997373580932617,
            15.684471130371094,
            15.26558780670166,
            14.961421966552734,
            14.684771537780762,
            14.576628684997559,
            14.426032066345215,
            13.981061935424805,
            13.842207908630371,
            13.843228340148926,
            13.460826873779297,
            13.31480884552002,
            13.257534980773926
        ],
        "mse": [
            1129.7833251953125,
            763.730224609375,
            692.4959716796875,
            641.5818481445312,
            596.0487060546875,
            552.8067626953125,
            516.592529296875,
            486.88037109375,
            460.8106384277344,
            447.213623046875,
            420.7015686035156,
            406.3774719238281,
            397.8883361816406,
            389.3839111328125,
            375.0390625,
            366.7529296875,
            359.0850524902344,
            360.3387756347656,
            357.8627014160156,
            337.9306945800781,
            335.1080627441406,
            339.6759948730469,
            322.3194885253906,
            318.16925048828125,
            318.7157287597656
        ],
        "mae": [
            25.73383140563965,
            23.036359786987305,
            22.363996505737305,
            21.360836029052734,
            20.575593948364258,
            19.635730743408203,
            18.860509872436523,
            18.236082077026367,
            17.64739990234375,
            17.333019256591797,
            16.686445236206055,
            16.295074462890625,
            15.997373580932617,
            15.684471130371094,
            15.26558780670166,
            14.961421966552734,
            14.684771537780762,
            14.576628684997559,
            14.426032066345215,
            13.981061935424805,
            13.842207908630371,
            13.843228340148926,
            13.460826873779297,
            13.31480884552002,
            13.257534980773926
        ],
        "accuracy": [
            0.0,
            0.0014124293811619282,
            0.0028248587623238564,
            0.004943502601236105,
            0.005649717524647713,
            0.006355931982398033,
            0.006355931982398033,
            0.006355931982398033,
            0.004943502601236105,
            0.004943502601236105,
            0.0042372881434857845,
            0.0035310734529048204,
            0.0035310734529048204,
            0.0035310734529048204,
            0.0035310734529048204,
            0.0028248587623238564,
            0.0028248587623238564,
            0.0028248587623238564,
            0.0028248587623238564,
            0.0021186440717428923,
            0.0021186440717428923,
            0.0021186440717428923,
            0.0021186440717428923,
            0.0014124293811619282,
            0.0014124293811619282
        ]
    }
}