{
    "Centralized Individual": {
        "loss": [
            27.285446166992188,
            17.1863956451416,
            15.572717666625977,
            14.538175582885742,
            13.594305038452148,
            12.772724151611328,
            12.049850463867188,
            11.434235572814941,
            10.905633926391602,
            10.476529121398926,
            10.099942207336426,
            9.769365310668945,
            9.478492736816406,
            9.219406127929688,
            8.99282455444336,
            8.787887573242188,
            8.608540534973145,
            8.454496383666992,
            8.329444885253906,
            8.21528148651123,
            8.117124557495117,
            8.044251441955566,
            7.9818596839904785,
            7.9314446449279785,
            7.8718085289001465
        ],
        "val_loss": [
            19.533903121948242,
            16.996856689453125,
            16.123563766479492,
            15.221500396728516,
            14.472705841064453,
            13.785053253173828,
            13.28620433807373,
            12.756824493408203,
            12.528351783752441,
            12.098051071166992,
            11.881353378295898,
            11.545605659484863,
            11.239967346191406,
            10.99444580078125,
            10.795998573303223,
            10.621740341186523,
            10.46981143951416,
            10.311115264892578,
            10.267909049987793,
            10.0890531539917,
            10.008477210998535,
            9.980711936950684,
            9.923787117004395,
            9.84677791595459,
            9.84568977355957
        ],
        "mse": [
            604.8233642578125,
            419.5416564941406,
            382.9830627441406,
            345.1696472167969,
            316.6016845703125,
            291.1826171875,
            275.8919372558594,
            258.9162292480469,
            256.95819091796875,
            243.31442260742188,
            239.86309814453125,
            229.58651733398438,
            220.7801971435547,
            214.1595458984375,
            209.61346435546875,
            205.93032836914062,
            203.17454528808594,
            199.48077392578125,
            201.08523559570312,
            194.53396606445312,
            192.3578338623047,
            194.04513549804688,
            192.85226440429688,
            189.39805603027344,
            191.53114318847656
        ],
        "mae": [
            19.533903121948242,
            16.996856689453125,
            16.123563766479492,
            15.221500396728516,
            14.472707748413086,
            13.785053253173828,
            13.28620433807373,
            12.756824493408203,
            12.528351783752441,
            12.098051071166992,
            11.881353378295898,
            11.545605659484863,
            11.239967346191406,
            10.99444580078125,
            10.795998573303223,
            10.621740341186523,
            10.46981143951416,
            10.311115264892578,
            10.267909049987793,
            10.0890531539917,
            10.008477210998535,
            9.980711936950684,
            9.923787117004395,
            9.84677791595459,
            9.84568977355957
        ],
        "accuracy": [
            0.0,
            0.0,
            0.0,
            0.0,
            0.0,
            0.0,
            0.0,
            0.0,
            0.0,
            0.0,
            0.0,
            0.0,
            0.0,
            0.0,
            0.0,
            0.0,
            0.0,
            0.0,
            0.0,
            0.0,
            0.0,
            0.0,
            0.0,
            0.0,
            0.0
        ]
    }
}