{
    "Centralized Individual": {
        "loss": [
            38.04920959472656,
            27.019454956054688,
            24.370162963867188,
            22.664752960205078,
            21.255390167236328,
            20.052223205566406,
            19.07074546813965,
            18.271717071533203,
            17.60831069946289,
            17.038938522338867,
            16.532882690429688,
            16.106107711791992,
            15.701040267944336,
            15.345252990722656,
            15.029099464416504,
            14.72839641571045,
            14.476526260375977,
            14.233169555664062,
            14.017406463623047,
            13.825258255004883,
            13.64975643157959,
            13.497434616088867,
            13.358033180236816,
            13.229597091674805,
            13.115880012512207
        ],
        "val_loss": [
            28.44308853149414,
            25.099306106567383,
            23.71442222595215,
            22.470478057861328,
            21.3687801361084,
            20.539478302001953,
            19.833234786987305,
            19.268692016601562,
            18.752962112426758,
            18.361764907836914,
            17.866775512695312,
            17.62289047241211,
            17.35972023010254,
            17.12164878845215,
            16.81705665588379,
            16.622575759887695,
            16.349895477294922,
            16.175893783569336,
            16.0806884765625,
            15.912164688110352,
            15.699272155761719,
            15.618356704711914,
            15.51780891418457,
            15.434187889099121,
            15.322189331054688
        ],
        "mse": [
            1536.8509521484375,
            1009.1504516601562,
            859.3453979492188,
            771.8588256835938,
            708.0862426757812,
            646.1276245117188,
            603.3530883789062,
            570.6018676757812,
            544.6461791992188,
            524.9618530273438,
            506.1550598144531,
            493.4031982421875,
            483.4838562011719,
            475.3899230957031,
            463.4811096191406,
            457.6552429199219,
            446.8894348144531,
            441.4761657714844,
            440.5398864746094,
            434.4727783203125,
            424.2214050292969,
            423.59649658203125,
            420.4537048339844,
            418.61572265625,
            413.989013671875
        ],
        "mae": [
            28.44308853149414,
            25.099306106567383,
            23.71442222595215,
            22.470478057861328,
            21.3687801361084,
            20.539478302001953,
            19.833234786987305,
            19.268692016601562,
            18.752962112426758,
            18.361764907836914,
            17.866775512695312,
            17.62289047241211,
            17.359718322753906,
            17.12164878845215,
            16.81705665588379,
            16.622575759887695,
            16.349895477294922,
            16.175893783569336,
            16.0806884765625,
            15.912164688110352,
            15.699272155761719,
            15.618356704711914,
            15.51780891418457,
            15.434187889099121,
            15.322189331054688
        ],
        "accuracy": [
            0.0042372881434857845,
            0.0042372881434857845,
            0.0042372881434857845,
            0.0035310734529048204,
            0.0035310734529048204,
            0.0042372881434857845,
            0.0042372881434857845,
            0.0042372881434857845,
            0.0035310734529048204,
            0.0035310734529048204,
            0.0035310734529048204,
            0.0035310734529048204,
            0.0035310734529048204,
            0.0035310734529048204,
            0.0035310734529048204,
            0.0035310734529048204,
            0.0035310734529048204,
            0.0035310734529048204,
            0.0042372881434857845,
            0.0042372881434857845,
            0.0042372881434857845,
            0.0042372881434857845,
            0.0042372881434857845,
            0.0042372881434857845,
            0.0035310734529048204
        ]
    }
}