{
    "Centralized Individual": {
        "loss": [
            5.377636909484863,
            2.972500801086426,
            2.6749374866485596,
            2.4823474884033203,
            2.3383963108062744,
            2.2330501079559326,
            2.164642095565796,
            2.119616746902466,
            2.093940496444702,
            2.0779404640197754,
            2.069197177886963,
            2.0627119541168213,
            2.051220178604126,
            2.0450243949890137,
            2.041027307510376,
            2.0340754985809326,
            2.0311100482940674,
            2.035149574279785,
            2.026282548904419,
            2.033953905105591,
            2.0226049423217773,
            2.025036573410034,
            2.019528388977051,
            2.0184898376464844,
            2.0198638439178467,
            2.0151922702789307,
            2.0170040130615234,
            2.020336389541626,
            2.01577091217041,
            2.0138063430786133,
            2.015782356262207,
            2.012814998626709,
            2.0141730308532715,
            2.0135979652404785,
            2.010899543762207,
            2.016451597213745,
            2.0093557834625244,
            2.0112738609313965,
            2.0122172832489014,
            2.0241897106170654,
            2.014246940612793,
            2.0115926265716553,
            2.0081546306610107,
            2.0125560760498047,
            2.010056257247925,
            2.0031774044036865,
            2.009338855743408,
            2.0030570030212402,
            2.0266387462615967,
            2.006603956222534
        ],
        "val_loss": [
            3.5392801761627197,
            3.102771759033203,
            2.8720154762268066,
            2.699694871902466,
            2.5641462802886963,
            2.454885244369507,
            2.3690900802612305,
            2.3302695751190186,
            2.3220055103302,
            2.2697627544403076,
            2.2665600776672363,
            2.2728474140167236,
            2.241452217102051,
            2.236037492752075,
            2.246262788772583,
            2.2264151573181152,
            2.222195863723755,
            2.2255918979644775,
            2.236079454421997,
            2.2205514907836914,
            2.221555471420288,
            2.2278521060943604,
            2.215391159057617,
            2.2167809009552,
            2.211264133453369,
            2.2233715057373047,
            2.2229971885681152,
            2.2144198417663574,
            2.211850881576538,
            2.228677272796631,
            2.2081096172332764,
            2.2069785594940186,
            2.2075672149658203,
            2.216676950454712,
            2.2554450035095215,
            2.209533452987671,
            2.203737497329712,
            2.203216791152954,
            2.2105250358581543,
            2.236445188522339,
            2.2082011699676514,
            2.2094528675079346,
            2.2117669582366943,
            2.206122875213623,
            2.206580638885498,
            2.204296350479126,
            2.1992533206939697,
            2.2170395851135254,
            2.2036030292510986,
            2.2060861587524414
        ],
        "mse": [
            20.62080955505371,
            16.391765594482422,
            14.604403495788574,
            13.753887176513672,
            13.063429832458496,
            12.305246353149414,
            12.124706268310547,
            12.033576011657715,
            11.814123153686523,
            11.812854766845703,
            11.814350128173828,
            11.831382751464844,
            11.794029235839844,
            11.637500762939453,
            11.853422164916992,
            11.788938522338867,
            11.698320388793945,
            11.753424644470215,
            11.597257614135742,
            11.612932205200195,
            11.56622314453125,
            11.586854934692383,
            11.58261775970459,
            11.653533935546875,
            11.680033683776855,
            11.69817066192627,
            11.508673667907715,
            11.500499725341797,
            11.537923812866211,
            11.59709644317627,
            11.555890083312988,
            11.509730339050293,
            11.571208953857422,
            11.42205810546875,
            11.759066581726074,
            11.428163528442383,
            11.530608177185059,
            11.514500617980957,
            11.686417579650879,
            11.8440580368042,
            11.649943351745605,
            11.355681419372559,
            11.43515682220459,
            11.599104881286621,
            11.380800247192383,
            11.590368270874023,
            11.430598258972168,
            11.368735313415527,
            11.471979141235352,
            11.386549949645996
        ],
        "mae": [
            3.5392801761627197,
            3.102771759033203,
            2.8720154762268066,
            2.699694871902466,
            2.5641462802886963,
            2.454885244369507,
            2.3690900802612305,
            2.3302695751190186,
            2.3220055103302,
            2.2697627544403076,
            2.2665600776672363,
            2.2728474140167236,
            2.241452217102051,
            2.236037492752075,
            2.246262788772583,
            2.2264151573181152,
            2.222195863723755,
            2.2255918979644775,
            2.236079454421997,
            2.2205514907836914,
            2.221555471420288,
            2.2278521060943604,
            2.215391159057617,
            2.2167809009552,
            2.211264133453369,
            2.2233715057373047,
            2.2229971885681152,
            2.2144198417663574,
            2.211850881576538,
            2.228677272796631,
            2.2081096172332764,
            2.2069785594940186,
            2.2075672149658203,
            2.216676950454712,
            2.2554450035095215,
            2.209533452987671,
            2.203737497329712,
            2.203216791152954,
            2.2105250358581543,
            2.236445188522339,
            2.2082011699676514,
            2.2094528675079346,
            2.2117669582366943,
            2.206122875213623,
            2.206580638885498,
            2.204296350479126,
            2.1992533206939697,
            2.2170395851135254,
            2.2036030292510986,
            2.2060861587524414
        ],