{
    "Centralized Individual": {
        "loss": [
            4.888886451721191,
            2.8446412086486816,
            2.5650246143341064,
            2.403559446334839,
            2.297565460205078,
            2.213266134262085,
            2.1618924140930176,
            2.127725124359131,
            2.099472761154175,
            2.084378242492676,
            2.0688796043395996,
            2.063319444656372,
            2.057049036026001,
            2.0474648475646973,
            2.044673204421997,
            2.04162859916687,
            2.0472941398620605,
            2.0356571674346924,
            2.0354294776916504,
            2.027726888656616,
            2.031654119491577,
            2.0295538902282715,
            2.0266311168670654,
            2.022526741027832,
            2.0210771560668945
        ],
        "val_loss": [
            3.411207675933838,
            2.9826371669769287,
            2.7871999740600586,
            2.6327834129333496,
            2.516193389892578,
            2.4365317821502686,
            2.374629259109497,
            2.3321175575256348,
            2.3168349266052246,
            2.284400463104248,
            2.271493434906006,
            2.2720720767974854,
            2.255370855331421,
            2.250149726867676,
            2.2448060512542725,
            2.2513539791107178,
            2.2376556396484375,
            2.2535910606384277,
            2.246399164199829,
            2.2346889972686768,
            2.234330415725708,
            2.229498863220215,
            2.2354702949523926,
            2.2421634197235107,
            2.227271556854248
        ],
        "mse": [
            19.169904708862305,
            15.285768508911133,
            14.147026062011719,
            13.2225980758667,
            12.545472145080566,
            12.301998138427734,
            11.947558403015137,
            11.817720413208008,
            11.830094337463379,
            11.792394638061523,
            11.675789833068848,
            11.713459968566895,
            11.632238388061523,
            11.612088203430176,
            11.63015079498291,
            11.597010612487793,
            11.640924453735352,
            11.656834602355957,
            11.598376274108887,
            11.562540054321289,
            11.711479187011719,
            11.539899826049805,
            11.499582290649414,
            11.52079963684082,
            11.514540672302246
        ],
        "mae": [
            3.411207675933838,
            2.9826371669769287,
            2.7871999740600586,
            2.6327834129333496,
            2.516193389892578,
            2.4365317821502686,
            2.374629259109497,
            2.3321175575256348,
            2.3168349266052246,
            2.284400463104248,
            2.271493434906006,
            2.2720720767974854,
            2.255370855331421,
            2.250149726867676,
            2.2448060512542725,
            2.2513539791107178,
            2.2376556396484375,
            2.2535910606384277,
            2.246399164199829,
            2.2346889972686768,
            2.234330415725708,
            2.229498863220215,
            2.2354702949523926,
            2.2421634197235107,
            2.227271556854248
        ],
        "accuracy": [
            0.007768361363559961,
            0.007768361363559961,
            0.007768361363559961,
            0.007768361363559961,
            0.007768361363559961,
            0.007768361363559961,
            0.007768361363559961,
            0.007062146905809641,
            0.006355931982398033,
            0.007062146905809641,
            0.007062146905809641,
            0.007062146905809641,
            0.007062146905809641,
            0.007062146905809641,
            0.007062146905809641,
            0.007062146905809641,
            0.007768361363559961,
            0.007768361363559961,
            0.007768361363559961,
            0.007768361363559961,
            0.007768361363559961,
            0.007768361363559961,
            0.007768361363559961,
            0.007768361363559961,
            0.007768361363559961
        ]
    }
}