{
    "Centralized Individual": {
        "loss": [
            23.94365882873535,
            17.455841064453125,
            15.52868938446045,
            13.988208770751953,
            12.917577743530273,
            12.161006927490234,
            11.57850170135498,
            11.096488952636719,
            10.676547050476074,
            10.303048133850098,
            9.982145309448242,
            9.703202247619629,
            9.464428901672363,
            9.24783992767334,
            9.064576148986816,
            8.895011901855469,
            8.759771347045898,
            8.615575790405273,
            8.500805854797363,
            8.405657768249512,
            8.305225372314453,
            8.220473289489746,
            8.145068168640137,
            8.071969032287598,
            8.004768371582031,
            7.9529948234558105,
            7.892988204956055,
            7.831132411956787,
            7.791103839874268,
            7.74307107925415,
            7.684472560882568,
            7.662018775939941,
            7.606795787811279,
            7.569839000701904,
            7.52018928527832,
            7.4916672706604,
            7.461251258850098,
            7.437527179718018,
            7.404231548309326,
            7.37221097946167,
            7.355613708496094,
            7.315804481506348,
            7.285967826843262,
            7.2592644691467285,
            7.237279891967773,
            7.227391242980957,
            7.199243545532227,
            7.1802873611450195,
            7.150777816772461,
            7.136662483215332
        ],
        "val_loss": [
            14.760165214538574,
            13.56654167175293,
            12.21442699432373,
            11.488386154174805,
            11.065027236938477,
            10.7363920211792,
            10.375473976135254,
            10.137176513671875,
            9.903366088867188,
            9.719555854797363,
            9.5448579788208,
            9.276806831359863,
            9.22492790222168,
            9.103389739990234,
            9.083333969116211,
            8.805155754089355,
            8.703412055969238,
            8.695356369018555,
            8.651126861572266,
            8.467436790466309,
            8.342901229858398,
            8.348876953125,
            8.280235290527344,
            8.284219741821289,
            8.269009590148926,
            8.137263298034668,
            8.101180076599121,
            8.039185523986816,
            8.029147148132324,
            8.086992263793945,
            8.091584205627441,
            7.926436901092529,
            8.048028945922852,
            7.949599266052246,
            7.8290510177612305,
            7.834840297698975,
            7.774594783782959,
            7.937129497528076,
            7.768903732299805,
            7.834023475646973,
            7.667908668518066,
            7.716015338897705,
            7.755532264709473,
            7.675329685211182,
            7.714308738708496,
            7.631897449493408,
            7.635438919067383,
            7.637308597564697,
            7.525750637054443,
            7.590497016906738
        ],
        "mse": [
            450.2668151855469,
            350.1736755371094,
            293.48089599609375,
            252.77452087402344,
            226.6300506591797,
            209.5714569091797,
            197.53546142578125,
            187.6859588623047,
            179.7020263671875,
            173.58180236816406,
            168.86061096191406,
            162.49440002441406,
            161.13107299804688,
            158.44281005859375,
            158.9379119873047,
            151.46705627441406,
            149.7186737060547,
            150.8750762939453,
            150.63577270507812,
            145.91632080078125,
            142.528564453125,
            144.1069793701172,
            142.62498474121094,
            143.5465850830078,
            143.63119506835938,
            140.19883728027344,
            139.6727752685547,
            138.08815002441406,
            138.14231872558594,
            140.48208618164062,
            141.10409545898438,
            136.2896270751953,
            141.3376007080078,
            138.3896484375,
            133.97698974609375,
            134.69725036621094,
            132.54824829101562,
            138.66561889648438,
            133.6063232421875,
            136.03990173339844,
            129.7222900390625,
            132.4556121826172,
            133.98355102539062,
            131.41729736328125,
            132.95761108398438,
            130.44229125976562,
            130.7869415283203,
            130.91452026367188,
            126.4088134765625,
            129.38653564453125
        ],
        "mae": [
            14.760165214538574,
            13.56654167175293,
            12.21442699432373,
            11.488386154174805,
            11.065027236938477,
            10.7363920211792,
            10.375473976135254,
            10.137176513671875,
            9.903366088867188,
            9.719555854797363,
            9.5448579788208,
            9.276806831359863,
            9.22492790222168,
            9.103389739990234,
            9.083333969116211,
            8.805155754089355,
            8.703412055969238,
            8.695356369018555,
            8.651126861572266,
            8.467436790466309,
            8.342901229858398,
            8.348876953125,
            8.280235290527344,
            8.284219741821289,
            8.269009590148926,
            8.137263298034668,
            8.101180076599121,
            8.039185523986816,
            8.029147148132324,
            8.086992263793945,
            8.091584205627441,
            7.926436901092529,
            8.048028945922852,
            7.949599266052246,
            7.8290510177612305,
            7.834840297698975,
            7.774594783782959,
            7.937129497528076,
            7.768903732299805,
            7.834023475646973,
            7.667908668518066,
            7.716015338897705,
            7.755532264709473,
            7.675329685211182,
            7.714308738708496,
            7.631897449493408,
            7.635438919067383,
            7.637308597564697,
            7.525750637054443,
            7.590497016906738
        ],