{
    "Centralized Individual": {
        "loss": [
            34.32624435424805,
            25.416208267211914,
            23.784215927124023,
            22.4481258392334,
            21.18383026123047,
            20.03221321105957,
            19.029064178466797,
            18.18130874633789,
            17.4658203125,
            16.852170944213867,
            16.3104190826416,
            15.828208923339844,
            15.382561683654785,
            14.984333038330078,
            14.60534381866455,
            14.268086433410645,
            13.93038558959961,
            13.62912368774414,
            13.362475395202637,
            13.104692459106445,
            12.86669635772705,
            12.666546821594238,
            12.45559024810791,
            12.279858589172363,
            12.118670463562012
        ],
        "val_loss": [
            19.700687408447266,
            19.65275001525879,
            18.558666229248047,
            17.440187454223633,
            16.628036499023438,
            15.899706840515137,
            15.161290168762207,
            14.961935997009277,
            14.580594062805176,
            14.383857727050781,
            14.3545503616333,
            13.838687896728516,
            13.537335395812988,
            13.424903869628906,
            13.261263847351074,
            13.119999885559082,
            12.988534927368164,
            12.655317306518555,
            12.820086479187012,
            12.64056396484375,
            12.732022285461426,
            12.426319122314453,
            12.17832088470459,
            12.066230773925781,
            11.926151275634766
        ],
        "mse": [
            737.866455078125,
            599.6497802734375,
            546.3875122070312,
            498.2346496582031,
            457.9325866699219,
            425.18060302734375,
            397.849609375,
            380.3161315917969,
            363.9251708984375,
            352.9215087890625,
            348.814453125,
            330.9518127441406,
            320.0663757324219,
            316.1239318847656,
            310.8509826660156,
            306.60736083984375,
            302.99078369140625,
            291.03997802734375,
            299.90533447265625,
            294.3722229003906,
            300.3323974609375,
            289.0802307128906,
            279.5708923339844,
            276.3459167480469,
            271.5390930175781
        ],
        "mae": [
            19.700687408447266,
            19.65275001525879,
            18.558666229248047,
            17.440187454223633,
            16.628036499023438,
            15.899706840515137,
            15.161290168762207,
            14.961935997009277,
            14.580594062805176,
            14.383859634399414,
            14.3545503616333,
            13.838687896728516,
            13.537335395812988,
            13.424903869628906,
            13.261261940002441,
            13.119999885559082,
            12.988534927368164,
            12.655317306518555,
            12.820086479187012,
            12.64056396484375,
            12.732022285461426,
            12.426319122314453,
            12.17832088470459,
            12.066230773925781,
            11.926151275634766
        ],
        "accuracy": [
            0.0007062146905809641,
            0.0007062146905809641,
            0.0007062146905809641,
            0.0007062146905809641,
            0.0007062146905809641,
            0.0014124293811619282,
            0.0014124293811619282,
            0.0014124293811619282,
            0.0014124293811619282,
            0.0014124293811619282,
            0.0014124293811619282,
            0.0014124293811619282,
            0.0014124293811619282,
            0.0014124293811619282,
            0.0014124293811619282,
            0.0014124293811619282,
            0.0014124293811619282,
            0.0014124293811619282,
            0.0014124293811619282,
            0.0014124293811619282,
            0.0007062146905809641,
            0.0007062146905809641,
            0.0007062146905809641,
            0.0007062146905809641,
            0.0007062146905809641
        ]
    }
}