{
    "Centralized Individual": {
        "loss": [
            60.23938751220703,
            41.926937103271484,
            37.239952087402344,
            35.50132751464844,
            34.26034927368164,
            33.14132308959961,
            32.064544677734375,
            31.033039093017578,
            30.05583953857422,
            29.11560821533203,
            28.2233943939209,
            27.375091552734375,
            26.56843376159668,
            25.80933952331543,
            25.092449188232422,
            24.42266273498535,
            23.792072296142578,
            23.189794540405273,
            22.62395668029785,
            22.088600158691406,
            21.574216842651367,
            21.106842041015625,
            20.66591453552246,
            20.244354248046875,
            19.86939239501953,
            19.524810791015625,
            19.216224670410156,
            18.930259704589844,
            18.670536041259766,
            18.454370498657227,
            18.227474212646484,
            18.035493850708008,
            17.845996856689453,
            17.664039611816406,
            17.499940872192383,
            17.36113739013672,
            17.216585159301758,
            17.08656120300293,
            16.96099853515625,
            16.827856063842773,
            16.71864891052246,
            16.622833251953125,
            16.49546241760254,
            16.38582992553711,
            16.296554565429688,
            16.19657325744629,
            16.09739875793457,
            16.000473022460938,
            15.919569969177246,
            15.844722747802734
        ],
        "val_loss": [
            37.07248306274414,
            31.034141540527344,
            30.502857208251953,
            29.821086883544922,
            29.20479965209961,
            28.27701759338379,
            27.391386032104492,
            26.614486694335938,
            25.81242561340332,
            25.05630111694336,
            24.57601547241211,
            24.00423812866211,
            23.341716766357422,
            22.827089309692383,
            22.414379119873047,
            21.82132911682129,
            21.473350524902344,
            21.022747039794922,
            20.69713592529297,
            20.160491943359375,
            19.792617797851562,
            19.665115356445312,
            19.374969482421875,
            18.916282653808594,
            18.76882553100586,
            18.59465980529785,
            18.316999435424805,
            18.2269229888916,
            18.212947845458984,
            17.94267463684082,
            17.70923614501953,
            17.911508560180664,
            17.6101131439209,
            17.62078094482422,
            17.343448638916016,
            17.24873161315918,
            17.169042587280273,
            17.476085662841797,
            17.183387756347656,
            17.17120361328125,
            16.85317039489746,
            17.149078369140625,
            16.822425842285156,
            17.013925552368164,
            16.69413185119629,
            16.646474838256836,
            16.592435836791992,
            16.68558692932129,
            16.571327209472656,
            16.528640747070312
        ],
        "mse": [
            2796.040771484375,
            1736.927978515625,
            1510.9102783203125,
            1417.6414794921875,
            1340.7635498046875,
            1266.187255859375,
            1198.0611572265625,
            1136.981689453125,
            1080.4256591796875,
            1028.815673828125,
            983.329345703125,
            941.5798950195312,
            902.3467407226562,
            867.2352294921875,
            835.6732177734375,
            805.37841796875,
            778.548095703125,
            752.9716796875,
            730.5012817382812,
            707.2736206054688,
            687.2841796875,
            672.751220703125,
            657.2117309570312,
            638.4942016601562,
            627.8035888671875,
            617.600830078125,
            605.2821044921875,
            598.6082763671875,
            595.482666015625,
            583.8688354492188,
            573.859130859375,
            579.8941650390625,
            566.8018188476562,
            566.275146484375,
            554.0607299804688,
            549.3323364257812,
            545.32763671875,
            558.9151000976562,
            545.3536376953125,
            544.8512573242188,
            530.3121337890625,
            544.5850830078125,
            528.9440307617188,
            538.9259033203125,
            523.6529541015625,
            521.814453125,
            519.9420166015625,
            525.3388671875,
            520.4444580078125,
            519.1104125976562
        ],
        "mae": [
            37.07248306274414,
            31.034141540527344,
            30.502857208251953,
            29.821086883544922,
            29.20479965209961,
            28.27701759338379,
            27.391386032104492,
            26.614486694335938,
            25.81242561340332,
            25.05630111694336,
            24.57601547241211,
            24.00423812866211,
            23.341716766357422,
            22.827089309692383,
            22.414379119873047,
            21.82132911682129,
            21.473350524902344,
            21.022747039794922,
            20.69713592529297,
            20.160491943359375,
            19.792617797851562,
            19.665115356445312,
            19.374969482421875,
            18.916282653808594,
            18.76882553100586,
            18.59465980529785,
            18.316999435424805,
            18.2269229888916,
            18.212947845458984,
            17.94267463684082,
            17.70923614501953,
            17.911508560180664,
            17.6101131439209,
            17.62078094482422,
            17.343448638916016,
            17.24873161315918,
            17.169042587280273,
            17.476085662841797,
            17.183387756347656,
            17.17120361328125,
            16.85317039489746,
            17.149078369140625,
            16.822425842285156,
            17.013925552368164,
            16.69413185119629,
            16.646474838256836,
            16.592435836791992,
            16.68558692932129,
            16.571327209472656,
            16.528640747070312
        ],