{
    "Centralized Individual": {
        "loss": [
            57.45960998535156,
            40.65774154663086,
            36.583152770996094,
            35.14864730834961,
            34.01968002319336,
            32.91001892089844,
            31.7946834564209,
            30.68706703186035,
            29.617002487182617,
            28.58513069152832,
            27.601926803588867,
            26.690998077392578,
            25.858739852905273,
            25.107444763183594,
            24.44913101196289,
            23.859004974365234,
            23.33353042602539,
            22.85502052307129,
            22.39661979675293,
            22.0059814453125,
            21.610816955566406,
            21.260822296142578,
            20.929302215576172,
            20.606449127197266,
            20.307161331176758
        ],
        "val_loss": [
            35.433555603027344,
            30.623275756835938,
            30.44844627380371,
            30.038270950317383,
            29.083402633666992,
            28.10035514831543,
            27.067129135131836,
            26.23387336730957,
            25.250110626220703,
            24.5068359375,
            23.85679054260254,
            23.438087463378906,
            22.696788787841797,
            22.483051300048828,
            21.953880310058594,
            21.77050018310547,
            21.41309928894043,
            21.198814392089844,
            20.612716674804688,
            20.620075225830078,
            20.538955688476562,
            20.41364860534668,
            19.75913429260254,
            19.735980987548828,
            19.238426208496094
        ],
        "mse": [
            2568.288330078125,
            1655.7969970703125,
            1481.6873779296875,
            1402.42041015625,
            1325.62353515625,
            1251.059326171875,
            1181.122314453125,
            1116.8956298828125,
            1058.3629150390625,
            1005.0195922851562,
            957.2440795898438,
            915.85009765625,
            878.473876953125,
            847.1422119140625,
            817.9296264648438,
            794.891845703125,
            772.3508911132812,
            753.8098754882812,
            730.413818359375,
            718.88134765625,
            709.4514770507812,
            700.3619995117188,
            673.0836791992188,
            667.553955078125,
            646.9970092773438
        ],
        "mae": [
            35.433555603027344,
            30.623275756835938,
            30.44844627380371,
            30.038270950317383,
            29.083402633666992,
            28.10035514831543,
            27.067129135131836,
            26.23387336730957,
            25.250110626220703,
            24.5068359375,
            23.85679054260254,
            23.438087463378906,
            22.696788787841797,
            22.483051300048828,
            21.953880310058594,
            21.77050018310547,
            21.41309928894043,
            21.198814392089844,
            20.612716674804688,
            20.620075225830078,
            20.538955688476562,
            20.41364860534668,
            19.75913429260254,
            19.735980987548828,
            19.238426208496094
        ],
        "accuracy": [
            0.026836158707737923,
            0.024717513471841812,
            0.025423727929592133,
            0.026836158707737923,
            0.029661016538739204,
            0.030367230996489525,
            0.031073445454239845,
            0.030367230996489525,
            0.031779661774635315,
            0.032485876232385635,
            0.031779661774635315,
            0.031779661774635315,
            0.033898305147886276,
            0.033192090690135956,
            0.033192090690135956,
            0.033192090690135956,
            0.033898305147886276,
            0.033898305147886276,
            0.033898305147886276,
            0.032485876232385635,
            0.031779661774635315,
            0.031073445454239845,
            0.031779661774635315,
            0.031779661774635315,
            0.031073445454239845
        ]
    }
}