{
    "Centralized Individual": {
        "loss": [
            0.36137381196022034,
            0.26774632930755615,
            0.25760048627853394,
            0.2512412369251251,
            0.24803762137889862,
            0.24451974034309387,
            0.24207459390163422,
            0.24159352481365204,
            0.2391866147518158,
            0.2388872653245926,
            0.23669853806495667,
            0.23603372275829315,
            0.2349996119737625,
            0.23685814440250397,
            0.23475153744220734,
            0.23403820395469666,
            0.23344610631465912,
            0.2331116497516632,
            0.23458512127399445,
            0.23848873376846313,
            0.23239393532276154,
            0.2317686527967453,
            0.23377878963947296,
            0.23383909463882446,
            0.2322552502155304
        ],
        "val_loss": [
            4.188238143920898,
            3.833402633666992,
            3.7486796379089355,
            3.6084933280944824,
            3.5904479026794434,
            3.5301566123962402,
            3.77590274810791,
            3.522347927093506,
            3.546081781387329,
            3.413585662841797,
            3.5526123046875,
            3.2825489044189453,
            3.3151228427886963,
            3.536346673965454,
            3.3375775814056396,
            3.398135185241699,
            3.34621000289917,
            3.2854182720184326,
            3.6227383613586426,
            3.27874755859375,
            3.264012575149536,
            3.3518168926239014,
            3.3960635662078857,
            3.2478110790252686,
            3.403005599975586
        ],
        "mse": [
            34.45912170410156,
            28.256267547607422,
            26.989221572875977,
            24.808002471923828,
            24.704057693481445,
            23.87047576904297,
            27.644166946411133,
            23.860759735107422,
            24.22796630859375,
            22.35563087463379,
            24.34379768371582,
            20.548795700073242,
            21.09445571899414,
            24.05659294128418,
            21.427080154418945,
            22.2186336517334,
            21.534666061401367,
            20.712663650512695,
            25.21840476989746,
            20.674985885620117,
            20.480552673339844,
            21.608652114868164,
            22.17661476135254,
            20.29975128173828,
            22.253028869628906
        ],
        "mae": [
            4.188238143920898,
            3.833402633666992,
            3.7486796379089355,
            3.6084933280944824,
            3.5904479026794434,
            3.5301566123962402,
            3.77590274810791,
            3.522347927093506,
            3.546081781387329,
            3.413585662841797,
            3.552612066268921,
            3.2825489044189453,
            3.3151228427886963,
            3.536346673965454,
            3.3375775814056396,
            3.398135185241699,
            3.34621000289917,
            3.2854182720184326,
            3.6227383613586426,
            3.27874755859375,
            3.264012575149536,
            3.3518168926239014,
            3.3960635662078857,
            3.2478110790252686,
            3.403005599975586
        ],
        "accuracy": [
            0.054378531873226166,
            0.055084746330976486,
            0.05649717524647713,
            0.055084746330976486,
            0.05579096078872681,
            0.055084746330976486,
            0.05579096078872681,
            0.055084746330976486,
            0.055084746330976486,
            0.055084746330976486,
            0.055084746330976486,
            0.054378531873226166,
            0.054378531873226166,
            0.055084746330976486,
            0.054378531873226166,
            0.054378531873226166,
            0.054378531873226166,
            0.055084746330976486,
            0.055084746330976486,
            0.053672317415475845,
            0.054378531873226166,
            0.054378531873226166,
            0.054378531873226166,
            0.054378531873226166,
            0.054378531873226166
        ]
    }
}