{
    "Centralized Individual": {
        "loss": [
            9.647757530212402,
            6.224088668823242,
            5.337756633758545,
            4.777169704437256,
            4.367288112640381,
            4.058691501617432,
            3.8187801837921143,
            3.6501283645629883,
            3.538583755493164,
            3.46354603767395,
            3.4173147678375244,
            3.3873043060302734,
            3.362462043762207,
            3.3462975025177,
            3.3265016078948975,
            3.3230485916137695,
            3.301607847213745,
            3.2905542850494385,
            3.2795729637145996,
            3.274197578430176,
            3.2592530250549316,
            3.253803014755249,
            3.251518964767456,
            3.2382705211639404,
            3.2378487586975098,
            3.23368239402771,
            3.224487781524658,
            3.219609498977661,
            3.216435432434082,
            3.205030679702759,
            3.2027764320373535,
            3.200042247772217,
            3.1954691410064697,
            3.195829391479492,
            3.195408821105957,
            3.184616804122925,
            3.1774356365203857,
            3.1777029037475586,
            3.176225185394287,
            3.1673784255981445,
            3.1667675971984863,
            3.162508249282837,
            3.157168388366699,
            3.16178035736084,
            3.152549982070923,
            3.164801597595215,
            3.1530961990356445,
            3.1477718353271484,
            3.153343915939331,
            3.1440114974975586
        ],
        "val_loss": [
            6.56892204284668,
            5.781895160675049,
            5.389432430267334,
            5.048151016235352,
            4.727945804595947,
            4.514609336853027,
            4.360975742340088,
            4.242692470550537,
            4.211906433105469,
            4.134266376495361,
            4.0965495109558105,
            4.057812213897705,
            4.037951469421387,
            4.046673774719238,
            3.9983937740325928,
            3.989084243774414,
            3.993941307067871,
            3.9735965728759766,
            4.005544662475586,
            3.966625213623047,
            3.9814748764038086,
            3.947953224182129,
            3.9418368339538574,
            3.9367990493774414,
            3.953032970428467,
            3.92940092086792,
            3.919264554977417,
            3.9304051399230957,
            3.9200546741485596,
            3.952531099319458,
            3.9143693447113037,
            3.9405994415283203,
            3.8997275829315186,
            3.9255640506744385,
            3.9451022148132324,
            3.934563398361206,
            3.894740104675293,
            3.8847291469573975,
            3.893024444580078,
            3.890420436859131,
            3.876120090484619,
            3.8878467082977295,
            3.881110668182373,
            3.870913505554199,
            3.8744475841522217,
            3.9171535968780518,
            3.8621842861175537,
            3.8793773651123047,
            3.890840768814087,
            3.872734546661377
        ],
        "mse": [
            72.29862213134766,
            55.75018310546875,
            49.048099517822266,
            44.58953094482422,
            41.11354064941406,
            39.614688873291016,
            38.991424560546875,
            38.45890808105469,
            39.245750427246094,
            38.531044006347656,
            38.356529235839844,
            37.84583282470703,
            37.73744583129883,
            38.300479888916016,
            36.92560577392578,
            36.86881637573242,
            37.55143356323242,
            36.99690246582031,
            37.85110092163086,
            37.1826286315918,
            37.74025344848633,
            36.738563537597656,
            36.6348991394043,
            36.65131378173828,
            37.172462463378906,
            36.52452850341797,
            35.66838836669922,
            36.749149322509766,
            36.487796783447266,
            37.18943786621094,
            36.391357421875,
            36.998287200927734,
            35.865596771240234,
            36.722198486328125,
            36.73242950439453,
            36.84776306152344,
            35.612037658691406,
            35.65972137451172,
            35.989723205566406,
            35.9437141418457,
            35.570064544677734,
            35.965599060058594,
            35.6273078918457,
            35.49139404296875,
            35.64494705200195,
            36.5192756652832,
            35.31063461303711,
            35.89000701904297,
            35.96234893798828,
            35.67500686645508
        ],
        "mae": [
            6.56892204284668,
            5.781895160675049,
            5.389432430267334,
            5.048151016235352,
            4.727945804595947,
            4.514609336853027,
            4.360975742340088,
            4.242692470550537,
            4.211906433105469,
            4.134266376495361,
            4.0965495109558105,
            4.057812213897705,
            4.037951469421387,
            4.046673774719238,
            3.9983937740325928,
            3.989084243774414,
            3.993941307067871,
            3.9735965728759766,
            4.005544662475586,
            3.966625213623047,
            3.9814748764038086,
            3.947953224182129,
            3.9418368339538574,
            3.9367990493774414,
            3.953032970428467,
            3.92940092086792,
            3.919264554977417,
            3.9304051399230957,
            3.9200546741485596,
            3.952531099319458,
            3.9143693447113037,
            3.9405994415283203,
            3.8997275829315186,
            3.9255640506744385,
            3.9451022148132324,
            3.934563398361206,
            3.894740104675293,
            3.8847291469573975,
            3.893024444580078,
            3.890420436859131,
            3.876120090484619,
            3.8878467082977295,
            3.8811111450195312,
            3.870913505554199,
            3.8744475841522217,
            3.9171535968780518,
            3.8621842861175537,
            3.8793773651123047,
            3.890840768814087,
            3.872734546661377
        ],