{
    "Centralized Individual": {
        "loss": [
            9.620955467224121,
            6.528447151184082,
            5.607687473297119,
            4.979252338409424,
            4.530957221984863,
            4.195226192474365,
            3.937007188796997,
            3.723114490509033,
            3.5734074115753174,
            3.4783999919891357,
            3.3978607654571533,
            3.3285722732543945,
            3.2818455696105957,
            3.2502899169921875,
            3.219256639480591,
            3.188612222671509,
            3.170050621032715,
            3.163050889968872,
            3.1386022567749023,
            3.1310529708862305,
            3.1101090908050537,
            3.103386163711548,
            3.1031081676483154,
            3.092764139175415,
            3.082415819168091
        ],
        "val_loss": [
            6.804137229919434,
            6.050147533416748,
            5.482244968414307,
            5.1885905265808105,
            4.876259803771973,
            4.716165065765381,
            4.423747539520264,
            4.272302150726318,
            4.141222953796387,
            4.181849956512451,
            4.05591344833374,
            4.010788440704346,
            4.020289421081543,
            4.006030082702637,
            3.9818546772003174,
            3.9180331230163574,
            3.9264049530029297,
            3.8427627086639404,
            3.8304433822631836,
            3.81819224357605,
            3.829540252685547,
            3.8761210441589355,
            3.855123281478882,
            3.8139872550964355,
            3.833962917327881
        ],
        "mse": [
            77.1244888305664,
            60.206119537353516,
            50.510189056396484,
            46.683990478515625,
            43.2727165222168,
            42.79865646362305,
            39.34435272216797,
            38.28776168823242,
            36.92597579956055,
            39.16486358642578,
            37.52558135986328,
            37.21683883666992,
            37.75400161743164,
            37.6720085144043,
            37.39347457885742,
            36.433258056640625,
            36.610626220703125,
            34.75104904174805,
            34.77555847167969,
            34.57384490966797,
            34.97633743286133,
            35.67011642456055,
            35.403656005859375,
            34.74510192871094,
            35.081016540527344
        ],
        "mae": [
            6.804137229919434,
            6.050147533416748,
            5.482244968414307,
            5.1885905265808105,
            4.876259803771973,
            4.716165065765381,
            4.423747539520264,
            4.272302150726318,
            4.141222953796387,
            4.181849956512451,
            4.05591344833374,
            4.010788440704346,
            4.020289421081543,
            4.006030082702637,
            3.9818546772003174,
            3.9180331230163574,
            3.9264049530029297,
            3.8427627086639404,
            3.8304433822631836,
            3.81819224357605,
            3.829540252685547,
            3.8761210441589355,
            3.855123281478882,
            3.8139872550964355,
            3.833962917327881
        ],
        "accuracy": [
            0.10028248280286789,
            0.110875703394413,
            0.10875706374645233,
            0.09957627207040787,
            0.0903954803943634,
            0.0868644043803215,
            0.08827683329582214,
            0.0833333358168602,
            0.0903954803943634,
            0.0798022598028183,
            0.08757062256336212,
            0.08827683329582214,
            0.08403954654932022,
            0.08262711763381958,
            0.08827683329582214,
            0.09180790930986404,
            0.08968926221132278,
            0.09604519605636597,
            0.09675141423940659,
            0.09604519605636597,
            0.09463276714086533,
            0.09322033822536469,
            0.09463276714086533,
            0.09463276714086533,
            0.09675141423940659
        ]
    }
}