{
    "Centralized Individual": {
        "loss": [
            43.17988967895508,
            31.673913955688477,
            29.75060272216797,
            28.932600021362305,
            28.169437408447266,
            27.40492057800293,
            26.653528213500977,
            25.927669525146484,
            25.262310028076172,
            24.62824058532715,
            24.036436080932617,
            23.482234954833984,
            22.94292640686035,
            22.434999465942383,
            21.96778678894043,
            21.4903564453125,
            21.0452823638916,
            20.613037109375,
            20.18901252746582,
            19.787174224853516,
            19.391559600830078,
            18.998069763183594,
            18.631866455078125,
            18.271989822387695,
            17.92217254638672,
            17.58233070373535,
            17.250595092773438,
            16.922849655151367,
            16.627811431884766,
            16.326725006103516,
            16.041400909423828,
            15.768631935119629,
            15.506425857543945,
            15.248059272766113,
            14.991543769836426,
            14.740583419799805,
            14.511856079101562,
            14.288986206054688,
            14.053979873657227,
            13.842316627502441,
            13.629871368408203,
            13.421339988708496,
            13.230428695678711,
            13.029067993164062,
            12.845111846923828,
            12.668977737426758,
            12.49614429473877,
            12.335556030273438,
            12.15296459197998,
            11.992646217346191
        ],
        "val_loss": [
            30.260082244873047,
            29.88321876525879,
            29.925657272338867,
            29.208961486816406,
            28.54290008544922,
            27.531787872314453,
            26.720117568969727,
            25.863473892211914,
            25.475130081176758,
            25.08783531188965,
            24.360097885131836,
            23.777875900268555,
            23.239702224731445,
            22.394609451293945,
            22.274879455566406,
            21.76201820373535,
            21.123441696166992,
            21.13028335571289,
            20.374113082885742,
            20.16324234008789,
            19.576414108276367,
            19.499492645263672,
            18.726707458496094,
            18.370424270629883,
            18.139198303222656,
            17.792333602905273,
            17.80476951599121,
            17.106645584106445,
            16.689329147338867,
            16.589885711669922,
            16.21925163269043,
            15.795486450195312,
            15.708600997924805,
            15.521174430847168,
            15.274742126464844,
            15.263354301452637,
            14.74166488647461,
            14.560516357421875,
            14.371211051940918,
            14.234697341918945,
            13.809168815612793,
            13.753711700439453,
            13.499307632446289,
            13.331558227539062,
            13.098587036132812,
            12.90091323852539,
            12.728713989257812,
            12.697037696838379,
            12.53294563293457,
            12.252935409545898
        ],
        "mse": [
            1673.33154296875,
            1276.8984375,
            1212.482177734375,
            1157.4156494140625,
            1105.0521240234375,
            1047.337890625,
            996.57373046875,
            948.0839233398438,
            908.608154296875,
            873.4332885742188,
            833.5698852539062,
            799.1646118164062,
            767.2228393554688,
            734.7742309570312,
            710.3103637695312,
            683.11865234375,
            655.7738647460938,
            639.26611328125,
            609.9533081054688,
            591.69580078125,
            567.633056640625,
            553.7200317382812,
            527.1483764648438,
            508.8268127441406,
            492.8838195800781,
            476.08416748046875,
            468.2774963378906,
            443.90704345703125,
            427.6297302246094,
            417.01177978515625,
            401.6705017089844,
            387.370361328125,
            377.12615966796875,
            367.11279296875,
            356.0815124511719,
            352.78472900390625,
            333.8812561035156,
            325.4216003417969,
            317.2024230957031,
            310.90008544921875,
            296.7052307128906,
            292.4659729003906,
            283.1634216308594,
            276.577880859375,
            268.329833984375,
            261.2859191894531,
            254.99505615234375,
            253.55972290039062,
            247.97389221191406,
            238.24867248535156
        ],
        "mae": [
            30.260082244873047,
            29.88321876525879,
            29.925657272338867,
            29.208961486816406,
            28.54290008544922,
            27.531787872314453,
            26.720117568969727,
            25.863473892211914,
            25.475130081176758,
            25.08783531188965,
            24.360097885131836,
            23.777875900268555,
            23.239702224731445,
            22.394609451293945,
            22.274879455566406,
            21.76201820373535,
            21.123441696166992,
            21.13028335571289,
            20.374113082885742,
            20.16324234008789,
            19.576414108276367,
            19.499492645263672,
            18.726707458496094,
            18.370424270629883,
            18.139198303222656,
            17.792333602905273,
            17.80476951599121,
            17.106645584106445,
            16.689329147338867,
            16.589885711669922,
            16.21925163269043,
            15.795486450195312,
            15.708600997924805,
            15.521174430847168,
            15.274742126464844,
            15.263354301452637,
            14.74166488647461,
            14.560516357421875,
            14.371211051940918,
            14.234697341918945,
            13.809168815612793,
            13.753711700439453,
            13.499307632446289,
            13.331558227539062,
            13.098587036132812,
            12.90091323852539,
            12.728713989257812,
            12.697037696838379,
            12.53294563293457,
            12.252935409545898
        ],
        "accuracy": [
            0.0,
            0.0,
            0.0,
            0.0,
            0.0,
            0.0,
            0.0,
            0.0,
            0.0,
            0.0,
            0.0,
            0.0,
            0.0,
            0.0,
            0.0,
            0.0,
            0.0,
            0.0,
            0.0,
            0.0,
            0.0,
            0.0,
            0.0,
            0.0,
            0.0,
            0.0,
            0.0,
            0.0,
            0.0,
            0.0,
            0.0,
            0.0,
            0.0,
            0.0,
            0.0,
            0.0,
            0.0,
            0.0,
            0.0,
            0.0,
            0.0,
            0.0,
            0.0,
            0.0,
            0.0,
            0.0,
            0.0,
            0.0,
            0.0,
            0.0
        ]
    }
}