{
    "Centralized Individual": {
        "loss": [
            18.898229598999023,
            14.178790092468262,
            12.6377592086792,
            11.514505386352539,
            10.709881782531738,
            10.100770950317383,
            9.620898246765137,
            9.220422744750977,
            8.882112503051758,
            8.60295581817627,
            8.375308990478516,
            8.198801040649414,
            8.050875663757324,
            7.9279890060424805,
            7.838089466094971,
            7.758814811706543,
            7.6793212890625,
            7.615880012512207,
            7.564389228820801,
            7.5225510597229,
            7.474448204040527,
            7.4376397132873535,
            7.394953727722168,
            7.373427867889404,
            7.321417331695557,
            7.296717166900635,
            7.2941389083862305,
            7.231927394866943,
            7.205869674682617,
            7.171011447906494,
            7.135798454284668,
            7.11309814453125,
            7.095870494842529,
            7.075817584991455,
            7.044946670532227,
            7.028268337249756,
            7.000617980957031,
            6.98552942276001,
            6.9701924324035645,
            6.942686080932617,
            6.919589042663574,
            6.913259983062744,
            6.888587474822998,
            6.870634078979492,
            6.8623046875,
            6.844519138336182,
            6.8298773765563965,
            6.811321258544922,
            6.816843509674072,
            6.8020148277282715
        ],
        "val_loss": [
            14.579886436462402,
            12.94723129272461,
            11.62276554107666,
            10.801529884338379,
            10.155552864074707,
            9.684052467346191,
            9.244892120361328,
            8.891460418701172,
            8.591828346252441,
            8.394819259643555,
            8.177294731140137,
            8.028398513793945,
            7.923307418823242,
            7.864729404449463,
            7.786540985107422,
            7.722955703735352,
            7.670289993286133,
            7.629174709320068,
            7.579571723937988,
            7.547985553741455,
            7.529871940612793,
            7.47648811340332,
            7.449331760406494,
            7.42143440246582,
            7.389974594116211,
            7.367151737213135,
            7.340857028961182,
            7.351116180419922,
            7.3015851974487305,
            7.280317783355713,
            7.2495951652526855,
            7.232501029968262,
            7.223243236541748,
            7.208869934082031,
            7.18402624130249,
            7.176791667938232,
            7.154987812042236,
            7.135193824768066,
            7.119813919067383,
            7.133611679077148,
            7.104907512664795,
            7.085492134094238,
            7.066494464874268,
            7.0694098472595215,
            7.037333011627197,
            7.022927761077881,
            7.02080774307251,
            7.005564212799072,
            6.998744964599609,
            6.9868950843811035
        ],
        "mse": [
            353.8919982910156,
            269.3466796875,
            228.6793975830078,
            194.41229248046875,
            173.51429748535156,
            158.3657989501953,
            147.76780700683594,
            139.7539520263672,
            134.4435577392578,
            128.8404083251953,
            124.92208099365234,
            122.20401000976562,
            120.09938049316406,
            119.27885437011719,
            117.95626068115234,
            116.36862182617188,
            115.3835220336914,
            114.77518463134766,
            114.16793823242188,
            113.53362274169922,
            114.06675720214844,
            112.67373657226562,
            111.906494140625,
            111.37519836425781,
            111.17021179199219,
            110.91802215576172,
            110.42417907714844,
            111.30453491210938,
            109.49075317382812,
            109.11709594726562,
            108.42675018310547,
            108.15694427490234,
            107.95036315917969,
            108.0783462524414,
            107.6711654663086,
            108.02457427978516,
            107.50627136230469,
            106.74330139160156,
            106.60910034179688,
            107.59970092773438,
            106.60890197753906,
            106.32412719726562,
            105.59915924072266,
            105.54378509521484,
            105.11548614501953,
            104.78038787841797,
            105.20747375488281,
            104.80496215820312,
            104.79341125488281,
            104.59654998779297
        ],
        "mae": [
            14.579886436462402,
            12.94723129272461,
            11.62276554107666,
            10.801530838012695,
            10.155552864074707,
            9.684052467346191,
            9.244892120361328,
            8.891460418701172,
            8.591828346252441,
            8.394819259643555,
            8.177294731140137,
            8.028398513793945,
            7.923307418823242,
            7.864729404449463,
            7.786541938781738,
            7.722955703735352,
            7.670289993286133,
            7.629174709320068,
            7.579571723937988,
            7.547985553741455,
            7.529871940612793,
            7.47648811340332,
            7.449331760406494,
            7.42143440246582,
            7.389974594116211,
            7.367151737213135,
            7.340857028961182,
            7.351114749908447,
            7.3015851974487305,
            7.280317783355713,
            7.2495951652526855,
            7.232501029968262,
            7.223243236541748,
            7.208869934082031,
            7.18402624130249,
            7.176791667938232,
            7.154987812042236,
            7.135193824768066,
            7.119813919067383,
            7.133611679077148,
            7.104907512664795,
            7.085492134094238,
            7.066494464874268,
            7.0694098472595215,
            7.037333011627197,
            7.022927761077881,
            7.02080774307251,
            7.005564212799072,
            6.998744964599609,
            6.9868950843811035
        ],