{
    "Centralized Individual": {
        "loss": [
            19.8096923828125,
            14.3587064743042,
            13.20547866821289,
            12.232931137084961,
            11.476044654846191,
            10.896499633789062,
            10.424846649169922,
            10.016828536987305,
            9.663276672363281,
            9.367236137390137,
            9.122089385986328,
            8.914371490478516,
            8.726840019226074,
            8.571601867675781,
            8.445513725280762,
            8.321250915527344,
            8.21786880493164,
            8.123746871948242,
            8.036462783813477,
            7.957662105560303,
            7.868032932281494,
            7.800448417663574,
            7.7257561683654785,
            7.661023139953613,
            7.587629318237305
        ],
        "val_loss": [
            14.510772705078125,
            13.344720840454102,
            12.257355690002441,
            11.469099044799805,
            10.891483306884766,
            10.433694839477539,
            10.0011625289917,
            9.697977066040039,
            9.373540878295898,
            9.084413528442383,
            8.877426147460938,
            8.695340156555176,
            8.54903507232666,
            8.45719051361084,
            8.310501098632812,
            8.217945098876953,
            8.137430191040039,
            8.056600570678711,
            7.983067512512207,
            7.915796279907227,
            7.8565592765808105,
            7.797432899475098,
            7.746312141418457,
            7.684187412261963,
            7.630422115325928
        ],
        "mse": [
            367.69854736328125,
            285.9749755859375,
            253.82139587402344,
            225.73838806152344,
            201.51882934570312,
            185.01170349121094,
            173.82089233398438,
            162.66183471679688,
            154.80433654785156,
            148.48622131347656,
            143.0511474609375,
            138.62339782714844,
            134.90582275390625,
            132.76083374023438,
            129.05239868164062,
            126.69459533691406,
            124.53194427490234,
            122.57476043701172,
            120.9076919555664,
            119.41484832763672,
            117.90107727050781,
            116.6459732055664,
            115.37696075439453,
            114.61817169189453,
            113.4925765991211
        ],
        "mae": [
            14.510772705078125,
            13.344720840454102,
            12.257355690002441,
            11.469099044799805,
            10.891483306884766,
            10.433694839477539,
            10.0011625289917,
            9.697977066040039,
            9.373540878295898,
            9.084413528442383,
            8.877426147460938,
            8.695340156555176,
            8.54903507232666,
            8.45719051361084,
            8.310501098632812,
            8.217945098876953,
            8.137430191040039,
            8.056600570678711,
            7.983066558837891,
            7.915796279907227,
            7.8565592765808105,
            7.797432899475098,
            7.746312141418457,
            7.684187412261963,
            7.630422115325928
        ],
        "accuracy": [
            0.006355931982398033,
            0.006355931982398033,
            0.007768361363559961,
            0.007768361363559961,
            0.007768361363559961,
            0.007768361363559961,
            0.007062146905809641,
            0.007062146905809641,
            0.005649717524647713,
            0.005649717524647713,
            0.005649717524647713,
            0.005649717524647713,
            0.004943502601236105,
            0.0035310734529048204,
            0.0035310734529048204,
            0.0028248587623238564,
            0.0028248587623238564,
            0.0028248587623238564,
            0.0028248587623238564,
            0.0035310734529048204,
            0.0035310734529048204,
            0.0035310734529048204,
            0.0035310734529048204,
            0.0035310734529048204,
            0.0035310734529048204
        ]
    }
}