{
    "Centralized Individual": {
        "loss": [
            47.92951202392578,
            36.14084243774414,
            33.64387893676758,
            32.392330169677734,
            31.226285934448242,
            30.09933090209961,
            28.991605758666992,
            27.94454002380371,
            26.97295379638672,
            26.08629035949707,
            25.24538230895996,
            24.481796264648438,
            23.762025833129883,
            23.109163284301758,
            22.503265380859375,
            21.939594268798828,
            21.38717269897461,
            20.881458282470703,
            20.38714027404785,
            19.921527862548828,
            19.48363494873047,
            19.054035186767578,
            18.64606475830078,
            18.262474060058594,
            17.8941707611084,
            17.55580711364746,
            17.229347229003906,
            16.920011520385742,
            16.623172760009766,
            16.356481552124023,
            16.102264404296875,
            15.863668441772461,
            15.63931655883789,
            15.423333168029785,
            15.223865509033203,
            15.033316612243652,
            14.832099914550781,
            14.665815353393555,
            14.495779991149902,
            14.348756790161133,
            14.195033073425293,
            14.061056137084961,
            13.922000885009766,
            13.787507057189941,
            13.67255687713623,
            13.567136764526367,
            13.457840919494629,
            13.357156753540039,
            13.253786087036133,
            13.168092727661133
        ],
        "val_loss": [
            37.34701156616211,
            32.96381378173828,
            31.596858978271484,
            30.56791877746582,
            29.58530044555664,
            28.64019775390625,
            27.73736572265625,
            26.883554458618164,
            26.106006622314453,
            25.385276794433594,
            24.717567443847656,
            24.11383056640625,
            23.579212188720703,
            23.071767807006836,
            22.615612030029297,
            22.167234420776367,
            21.756322860717773,
            21.34710121154785,
            20.959535598754883,
            20.609468460083008,
            20.248502731323242,
            19.926034927368164,
            19.60970115661621,
            19.30756378173828,
            19.015565872192383,
            18.73434066772461,
            18.48987579345703,
            18.24888801574707,
            17.97835922241211,
            17.733840942382812,
            17.51875114440918,
            17.313125610351562,
            17.131549835205078,
            16.937620162963867,
            16.768413543701172,
            16.60300064086914,
            16.443626403808594,
            16.280763626098633,
            16.16944694519043,
            15.99334716796875,
            15.861334800720215,
            15.72421932220459,
            15.600153923034668,
            15.503996849060059,
            15.376906394958496,
            15.25503158569336,
            15.14163875579834,
            15.033537864685059,
            14.940858840942383,
            14.83945369720459
        ],
        "mse": [
            3038.80712890625,
            2100.0927734375,
            1828.5386962890625,
            1711.25830078125,
            1601.955322265625,
            1524.574462890625,
            1444.9351806640625,
            1365.2969970703125,
            1262.1761474609375,
            1219.0899658203125,
            1144.8253173828125,
            1084.3995361328125,
            1048.857666015625,
            994.4346923828125,
            957.17919921875,
            913.2192993164062,
            882.43310546875,
            846.1259765625,
            812.6738891601562,
            788.3161010742188,
            751.25439453125,
            732.3821411132812,
            708.3056030273438,
            687.1286010742188,
            666.662109375,
            646.3297729492188,
            631.4599609375,
            615.1171264648438,
            594.7166748046875,
            577.4808349609375,
            565.1356201171875,
            551.850830078125,
            542.2546997070312,
            529.7314453125,
            520.76123046875,
            510.0683288574219,
            501.2702941894531,
            493.2015686035156,
            486.2330017089844,
            477.89697265625,
            471.0546875,
            464.6796875,
            458.53302001953125,
            454.9106750488281,
            448.2856140136719,
            442.7389221191406,
            437.730224609375,
            433.0761413574219,
            428.9739685058594,
            425.06951904296875
        ],
        "mae": [
            37.34701156616211,
            32.96381759643555,
            31.596858978271484,
            30.56791877746582,
            29.58530044555664,
            28.64019775390625,
            27.73736572265625,
            26.883554458618164,
            26.106006622314453,
            25.385276794433594,
            24.717567443847656,
            24.11383056640625,
            23.579212188720703,
            23.071767807006836,
            22.615612030029297,
            22.167234420776367,
            21.756322860717773,
            21.34710121154785,
            20.959535598754883,
            20.609468460083008,
            20.248502731323242,
            19.926034927368164,
            19.60970115661621,
            19.30756378173828,
            19.015565872192383,
            18.73434066772461,
            18.48987579345703,
            18.24888801574707,
            17.97835922241211,
            17.733840942382812,
            17.51875114440918,
            17.313125610351562,
            17.131549835205078,
            16.937620162963867,
            16.768413543701172,
            16.60300064086914,
            16.443626403808594,
            16.280763626098633,
            16.16944694519043,
            15.99334716796875,
            15.861334800720215,
            15.72421932220459,
            15.600153923034668,
            15.503996849060059,
            15.376906394958496,
            15.25503158569336,
            15.14163875579834,
            15.033537864685059,
            14.940858840942383,
            14.83945369720459
        ],