{
    "Centralized Individual": {
        "loss": [
            5.307633399963379,
            3.3869516849517822,
            3.0219919681549072,
            2.820331573486328,
            2.683992385864258,
            2.580522298812866,
            2.5103533267974854,
            2.457538604736328,
            2.4149816036224365,
            2.3834781646728516,
            2.3613908290863037,
            2.3537440299987793,
            2.339149236679077,
            2.340603828430176,
            2.329296112060547,
            2.32611083984375,
            2.3157036304473877,
            2.3201026916503906,
            2.313699245452881,
            2.3159542083740234,
            2.3113560676574707,
            2.3015894889831543,
            2.311267852783203,
            2.304135799407959,
            2.2996063232421875
        ],
        "val_loss": [
            3.4810924530029297,
            2.970999240875244,
            2.704569101333618,
            2.5373849868774414,
            2.413212776184082,
            2.3344717025756836,
            2.2518386840820312,
            2.1938223838806152,
            2.1580183506011963,
            2.1306025981903076,
            2.139699697494507,
            2.0991342067718506,
            2.0907115936279297,
            2.0853872299194336,
            2.085650682449341,
            2.0758602619171143,
            2.073723316192627,
            2.073253631591797,
            2.073904037475586,
            2.079770088195801,
            2.073573112487793,
            2.082857847213745,
            2.0625739097595215,
            2.0577895641326904,
            2.068516969680786
        ],
        "mse": [
            22.581697463989258,
            16.400238037109375,
            14.252148628234863,
            13.043778419494629,
            12.299708366394043,
            12.112357139587402,
            11.472894668579102,
            11.349271774291992,
            11.237910270690918,
            11.212483406066895,
            11.58122730255127,
            11.122856140136719,
            11.112427711486816,
            11.066088676452637,
            11.219503402709961,
            11.030241966247559,
            11.100370407104492,
            10.956497192382812,
            11.12630558013916,
            10.9369535446167,
            10.92043685913086,
            11.24272632598877,
            10.928406715393066,
            11.002373695373535,
            11.085579872131348
        ],
        "mae": [
            3.4810924530029297,
            2.970999240875244,
            2.704569101333618,
            2.5373849868774414,
            2.4132132530212402,
            2.3344717025756836,
            2.2518386840820312,
            2.1938223838806152,
            2.1580183506011963,
            2.1306025981903076,
            2.139699697494507,
            2.0991342067718506,
            2.0907115936279297,
            2.0853872299194336,
            2.085650682449341,
            2.0758602619171143,
            2.073723316192627,
            2.073253631591797,
            2.073904037475586,
            2.079770088195801,
            2.073573112487793,
            2.082857847213745,
            2.0625739097595215,
            2.0577895641326904,
            2.068516969680786
        ],
        "accuracy": [
            0.0381355918943882,
            0.03884180635213852,
            0.03954802080988884,
            0.03954802080988884,
            0.03884180635213852,
            0.0381355918943882,
            0.03742937743663788,
            0.03742937743663788,
            0.03742937743663788,
            0.03742937743663788,
            0.03672316297888756,
            0.03672316297888756,
            0.03672316297888756,
            0.03742937743663788,
            0.0381355918943882,
            0.03884180635213852,
            0.0381355918943882,
            0.03954802080988884,
            0.03954802080988884,
            0.03954802080988884,
            0.03954802080988884,
            0.03954802080988884,
            0.04025423899292946,
            0.04025423899292946,
            0.04025423899292946
        ]
    }
}