{
    "Centralized Individual": {
        "loss": [
            5.021012306213379,
            3.0815494060516357,
            2.845184326171875,
            2.7138054370880127,
            2.619309902191162,
            2.536141872406006,
            2.4769716262817383,
            2.4396445751190186,
            2.413302421569824,
            2.406811475753784,
            2.386781930923462,
            2.3761684894561768,
            2.368823289871216,
            2.3603594303131104,
            2.354222297668457,
            2.3483779430389404,
            2.342910051345825,
            2.3383984565734863,
            2.334244728088379,
            2.338209390640259,
            2.3259341716766357,
            2.3250999450683594,
            2.322760581970215,
            2.3212757110595703,
            2.315068006515503,
            2.3119006156921387,
            2.32342267036438,
            2.311363935470581,
            2.3097712993621826,
            2.30560302734375,
            2.3028228282928467,
            2.3028993606567383,
            2.3045287132263184,
            2.3016505241394043,
            2.3032071590423584,
            2.2975258827209473,
            2.2950856685638428,
            2.2998979091644287,
            2.295379400253296,
            2.2939257621765137,
            2.2919209003448486,
            2.290255069732666,
            2.2939815521240234,
            2.2881362438201904,
            2.286383867263794,
            2.28562068939209,
            2.2908010482788086,
            2.283783197402954,
            2.2846555709838867,
            2.2828407287597656
        ],
        "val_loss": [
            3.056567907333374,
            2.731344223022461,
            2.571906089782715,
            2.512953996658325,
            2.3863143920898438,
            2.2819011211395264,
            2.226646661758423,
            2.1889266967773438,
            2.1702780723571777,
            2.154447078704834,
            2.1455044746398926,
            2.1364307403564453,
            2.123988151550293,
            2.1203231811523438,
            2.1159191131591797,
            2.108797788619995,
            2.1080832481384277,
            2.121246099472046,
            2.100461483001709,
            2.1081671714782715,
            2.0955333709716797,
            2.094872236251831,
            2.091839551925659,
            2.0960018634796143,
            2.080343723297119,
            2.083322525024414,
            2.0893869400024414,
            2.0853092670440674,
            2.0788259506225586,
            2.0870516300201416,
            2.107011079788208,
            2.079714775085449,
            2.0746514797210693,
            2.067152738571167,
            2.065185546875,
            2.068624496459961,
            2.0696301460266113,
            2.067755937576294,
            2.0742223262786865,
            2.0697174072265625,
            2.0643510818481445,
            2.06449556350708,
            2.064356565475464,
            2.076615571975708,
            2.056528091430664,
            2.064068555831909,
            2.0810706615448,
            2.0535669326782227,
            2.0534820556640625,
            2.054048776626587
        ],
        "mse": [
            18.41884994506836,
            14.821215629577637,
            13.602548599243164,
            13.501140594482422,
            12.67533016204834,
            11.965835571289062,
            11.859966278076172,
            11.635222434997559,
            11.663021087646484,
            11.747587203979492,
            11.799703598022461,
            11.58612060546875,
            11.387147903442383,
            11.292882919311523,
            11.557148933410645,
            11.448701858520508,
            11.28317642211914,
            11.61754035949707,
            11.157039642333984,
            11.327381134033203,
            11.266435623168945,
            11.086092948913574,
            11.170231819152832,
            11.197550773620605,
            11.1295804977417,
            10.961006164550781,
            10.97979736328125,
            10.900115966796875,
            10.942822456359863,
            11.004739761352539,
            11.44974136352539,
            11.194160461425781,
            10.992033958435059,
            10.9266357421875,
            10.964570045471191,
            11.174448013305664,
            10.984469413757324,
            11.079239845275879,
            10.947718620300293,
            10.981528282165527,
            10.832127571105957,
            10.85030460357666,
            10.94951057434082,
            10.969466209411621,
            10.907426834106445,
            10.787861824035645,
            11.2256441116333,
            10.952153205871582,
            10.853972434997559,
            10.811841011047363
        ],
        "mae": [
            3.056567907333374,
            2.731344223022461,
            2.571906089782715,
            2.512953996658325,
            2.3863143920898438,
            2.2819011211395264,
            2.226646661758423,
            2.188926935195923,
            2.1702780723571777,
            2.154447078704834,
            2.1455044746398926,
            2.1364307403564453,
            2.123988151550293,
            2.1203231811523438,
            2.1159191131591797,
            2.108797788619995,
            2.1080832481384277,
            2.121246099472046,
            2.100461483001709,
            2.1081671714782715,
            2.0955333709716797,
            2.094872236251831,
            2.091839551925659,
            2.0960018634796143,
            2.080343723297119,
            2.083322525024414,
            2.0893869400024414,
            2.0853092670440674,
            2.0788259506225586,
            2.0870516300201416,
            2.107011079788208,
            2.079714775085449,
            2.0746514797210693,
            2.067152738571167,
            2.065185546875,
            2.068624496459961,
            2.0696301460266113,
            2.067755937576294,
            2.0742223262786865,
            2.0697174072265625,
            2.0643510818481445,
            2.064495801925659,
            2.064356565475464,
            2.076615571975708,
            2.056528091430664,
            2.064068555831909,
            2.0810706615448,
            2.0535669326782227,
            2.0534820556640625,
            2.054048776626587
        ],