{
    "Centralized Individual": {
        "loss": [
            5.089412689208984,
            2.761443614959717,
            2.3812084197998047,
            2.16933012008667,
            2.0381436347961426,
            1.9520469903945923,
            1.8863528966903687,
            1.8520389795303345,
            1.8326032161712646,
            1.8257670402526855,
            1.809874176979065,
            1.8147050142288208,
            1.8008873462677002,
            1.7987128496170044,
            1.796058177947998,
            1.7966334819793701,
            1.7954397201538086,
            1.7930104732513428,
            1.7899832725524902,
            1.7897512912750244,
            1.791490077972412,
            1.791178822517395,
            1.7921433448791504,
            1.7891541719436646,
            1.7873855829238892
        ],
        "val_loss": [
            3.0243308544158936,
            2.6597373485565186,
            2.5162575244903564,
            2.3200933933258057,
            2.2098097801208496,
            2.125926971435547,
            2.070939779281616,
            2.0552358627319336,
            2.075094223022461,
            1.997208595275879,
            2.0190670490264893,
            1.9869060516357422,
            1.988747239112854,
            1.9794702529907227,
            1.969795823097229,
            1.9799261093139648,
            1.9812227487564087,
            1.975303292274475,
            1.965435266494751,
            1.9844982624053955,
            2.004066228866577,
            1.9734222888946533,
            1.967064619064331,
            1.9621052742004395,
            1.9586362838745117
        ],
        "mse": [
            16.669021606445312,
            13.75680160522461,
            13.553764343261719,
            12.261320114135742,
            11.698563575744629,
            11.307154655456543,
            11.099815368652344,
            11.138688087463379,
            11.353630065917969,
            10.808693885803223,
            11.082059860229492,
            10.736170768737793,
            10.879154205322266,
            10.801103591918945,
            10.707575798034668,
            10.792426109313965,
            10.839547157287598,
            10.791702270507812,
            10.725846290588379,
            10.859363555908203,
            10.99935531616211,
            10.825305938720703,
            10.753809928894043,
            10.684571266174316,
            10.631431579589844
        ],
        "mae": [
            3.0243308544158936,
            2.6597373485565186,
            2.5162575244903564,
            2.3200933933258057,
            2.2098097801208496,
            2.125926971435547,
            2.070939779281616,
            2.0552358627319336,
            2.075094223022461,
            1.997208595275879,
            2.0190670490264893,
            1.9869060516357422,
            1.988747239112854,
            1.9794702529907227,
            1.969795823097229,
            1.9799261093139648,
            1.9812227487564087,
            1.975303292274475,
            1.965435266494751,
            1.9844982624053955,
            2.004066228866577,
            1.9734222888946533,
            1.967064619064331,
            1.9621052742004395,
            1.9586362838745117
        ],
        "accuracy": [
            0.03531073406338692,
            0.03601694852113724,
            0.033192090690135956,
            0.033192090690135956,
            0.031073445454239845,
            0.032485876232385635,
            0.031073445454239845,
            0.032485876232385635,
            0.031073445454239845,
            0.033192090690135956,
            0.032485876232385635,
            0.032485876232385635,
            0.033898305147886276,
            0.033898305147886276,
            0.033898305147886276,
            0.033192090690135956,
            0.0346045196056366,
            0.0346045196056366,
            0.03531073406338692,
            0.0346045196056366,
            0.0346045196056366,
            0.03531073406338692,
            0.0346045196056366,
            0.03531073406338692,
            0.0346045196056366
        ]
    }
}