{
    "Centralized Individual": {
        "loss": [
            4.507711410522461,
            2.772221088409424,
            2.4171252250671387,
            2.23827862739563,
            2.104357957839966,
            2.0087785720825195,
            1.934247374534607,
            1.8920695781707764,
            1.8599071502685547,
            1.8497909307479858,
            1.8293906450271606,
            1.8179353475570679,
            1.8159104585647583,
            1.8067569732666016,
            1.8036261796951294,
            1.8117053508758545,
            1.7990731000900269,
            1.8033275604248047,
            1.7928136587142944,
            1.7872445583343506,
            1.7900117635726929,
            1.79513418674469,
            1.7858866453170776,
            1.783713459968567,
            1.7840219736099243,
            1.7818312644958496,
            1.7809743881225586,
            1.7774945497512817,
            1.7776144742965698,
            1.7834081649780273,
            1.7768502235412598,
            1.7771215438842773,
            1.774022102355957,
            1.7754008769989014,
            1.7784581184387207,
            1.776078701019287,
            1.774705171585083,
            1.7790839672088623,
            1.772720217704773,
            1.7741516828536987,
            1.7728925943374634,
            1.7715628147125244,
            1.774032473564148,
            1.7766400575637817,
            1.7716227769851685,
            1.7703837156295776,
            1.7716174125671387,
            1.7695872783660889,
            1.777401089668274,
            1.7679105997085571
        ],
        "val_loss": [
            3.00985050201416,
            2.665170431137085,
            2.484050750732422,
            2.3721320629119873,
            2.2253689765930176,
            2.1855411529541016,
            2.0802042484283447,
            2.0419726371765137,
            2.081096649169922,
            2.018742561340332,
            2.0041067600250244,
            1.9982211589813232,
            2.002683401107788,
            1.9906798601150513,
            2.010188341140747,
            1.9727509021759033,
            1.9777004718780518,
            1.9718806743621826,
            1.973484754562378,
            1.9649336338043213,
            1.9685661792755127,
            1.9729924201965332,
            1.9626966714859009,
            2.0144500732421875,
            1.9673364162445068,
            1.9578733444213867,
            1.957045555114746,
            1.9850517511367798,
            1.9595630168914795,
            1.9668880701065063,
            1.954874873161316,
            1.958564043045044,
            1.9800832271575928,
            1.9715391397476196,
            1.9788624048233032,
            1.9588011503219604,
            1.955575942993164,
            1.9518544673919678,
            1.954587459564209,
            1.9542386531829834,
            1.9585374593734741,
            1.947343349456787,
            1.9806244373321533,
            1.9615784883499146,
            1.9705815315246582,
            1.9535224437713623,
            1.9504841566085815,
            1.978049635887146,
            1.9446101188659668,
            2.0228817462921143
        ],
        "mse": [
            16.679218292236328,
            14.210246086120605,
            13.222990989685059,
            12.839859008789062,
            11.80100154876709,
            11.956511497497559,
            11.081315994262695,
            10.974922180175781,
            11.545503616333008,
            11.081588745117188,
            11.024703025817871,
            10.965932846069336,
            11.033343315124512,
            10.907133102416992,
            11.12519359588623,
            10.699922561645508,
            10.774214744567871,
            10.744114875793457,
            10.792731285095215,
            10.622200012207031,
            10.712672233581543,
            10.751167297363281,
            10.663494110107422,
            11.032377243041992,
            10.724080085754395,
            10.604867935180664,
            10.606120109558105,
            10.874983787536621,
            10.658300399780273,
            10.676310539245605,
            10.586559295654297,
            10.634803771972656,
            10.831768035888672,
            10.733997344970703,
            10.792820930480957,
            10.655550956726074,
            10.53253173828125,
            10.536980628967285,
            10.629254341125488,
            10.624882698059082,
            10.674479484558105,
            10.490556716918945,
            10.847064971923828,
            10.66862678527832,
            10.727689743041992,
            10.600166320800781,
            10.618499755859375,
            10.745755195617676,
            10.488445281982422,
            11.060713768005371
        ],
        "mae": [
            3.00985050201416,
            2.665170431137085,
            2.484050750732422,
            2.3721320629119873,
            2.2253689765930176,
            2.1855411529541016,
            2.0802042484283447,
            2.0419726371765137,
            2.081096649169922,
            2.018742561340332,
            2.0041067600250244,
            1.9982211589813232,
            2.002683401107788,
            1.9906798601150513,
            2.010188341140747,
            1.9727507829666138,
            1.9777004718780518,
            1.9718806743621826,
            1.973484754562378,
            1.9649336338043213,
            1.9685661792755127,
            1.9729924201965332,
            1.9626966714859009,
            2.0144500732421875,
            1.9673364162445068,
            1.9578733444213867,
            1.957045555114746,
            1.9850517511367798,
            1.9595630168914795,
            1.9668880701065063,
            1.954874873161316,
            1.958564043045044,
            1.9800832271575928,
            1.9715391397476196,
            1.9788624048233032,
            1.9588011503219604,
            1.955575942993164,
            1.9518544673919678,
            1.954587459564209,
            1.9542386531829834,
            1.9585374593734741,
            1.947343349456787,
            1.9806244373321533,
            1.9615784883499146,
            1.9705815315246582,
            1.9535224437713623,
            1.9504841566085815,
            1.978049635887146,
            1.9446101188659668,
            2.0228817462921143
        ],