{
    "Federated": {
        "loss": [
            3.887218952178955,
            3.386228561401367,
            1.5616049766540527,
            1.2400767803192139,
            1.1354007720947266,
            1.0889432430267334,
            1.0577609539031982,
            1.0258013010025024,
            1.017111897468567,
            0.9897058606147766,
            0.9886249899864197
        ],
        "val_loss": [
            9.132145881652832,
            8.305349349975586,
            5.420187950134277,
            4.147692680358887,
            3.557396650314331,
            3.2949087619781494,
            3.1029751300811768,
            2.8675456047058105,
            2.758845806121826,
            2.6735382080078125,
            2.5846972465515137
        ]
    },
    "Consenso": {
        "val_loss": [
            4.412519454956055
        ]
    }
}