{
    "Federated": {
        "loss": [
            25.582727432250977,
            18.933006286621094,
            10.276450157165527,
            8.475001335144043,
            7.183983325958252,
            6.373838901519775,
            5.826699733734131,
            5.4103851318359375,
            5.0638837814331055,
            4.781991004943848,
            4.549170017242432
        ],
        "val_loss": [
            16.96897315979004,
            8.964408874511719,
            7.58159065246582,
            6.52158784866333,
            5.768452167510986,
            5.280798435211182,
            4.968188285827637,
            4.739398956298828,
            4.598430633544922,
            4.401098728179932,
            4.29044246673584
        ]
    },
    "Consenso": {
        "val_loss": [
            3.88724684715271
        ]
    }
}