{
    "Federated": {
        "loss": [
            3.996352195739746,
            3.744466781616211,
            1.446733832359314,
            1.253982663154602,
            1.2093255519866943,
            1.2130095958709717,
            1.2015436887741089,
            1.1927106380462646,
            1.1743661165237427,
            1.1693180799484253,
            1.1676559448242188
        ],
        "val_loss": [
            1.8776882886886597,
            1.7422784566879272,
            1.4466458559036255,
            1.355196475982666,
            1.3389968872070312,
            1.3302022218704224,
            1.3204346895217896,
            1.3183720111846924,
            1.3118817806243896,
            1.2993537187576294,
            1.2980293035507202
        ]
    },
    "Consenso": {
        "val_loss": [
            4.417122840881348
        ]
    }
}