{
    "Federated": {
        "loss": [
            6.7463603019714355,
            6.8558831214904785,
            3.460404396057129,
            2.62448787689209,
            2.2458443641662598,
            2.1059563159942627,
            2.052279472351074,
            2.0052363872528076,
            1.9957361221313477,
            1.9669088125228882,
            1.9582438468933105
        ],
        "val_loss": [
            2.8690688610076904,
            4.015694618225098,
            2.8962900638580322,
            2.4839565753936768,
            2.446211814880371,
            2.273479461669922,
            2.2602269649505615,
            2.2063214778900146,
            2.1676082611083984,
            2.152472734451294,
            2.1981730461120605
        ]
    },
    "Consenso": {
        "val_loss": [
            6.434842109680176
        ]
    }
}