{
    "Federated": {
        "loss": [
            18.44443702697754,
            15.748848915100098,
            8.597665786743164,
            7.0019097328186035,
            5.861696243286133,
            5.094572067260742,
            4.60008430480957,
            4.265982627868652,
            4.029417514801025,
            3.820953845977783,
            3.665445566177368
        ],
        "val_loss": [
            8.225399017333984,
            5.895232677459717,
            5.47078800201416,
            4.559847831726074,
            3.891721248626709,
            3.575152635574341,
            3.4601783752441406,
            3.4320335388183594,
            3.2755796909332275,
            3.250519037246704,
            3.2364752292633057
        ]
    },
    "Consenso": {
        "val_loss": [
            4.237497806549072
        ]
    }
}