{
    "Federated": {
        "loss": [
            6.754116535186768,
            5.055021286010742,
            2.586890697479248,
            2.1002626419067383,
            1.873242735862732,
            1.795495629310608,
            1.776537537574768,
            1.7644342184066772,
            1.734043836593628,
            1.7215548753738403,
            1.7241986989974976
        ],
        "val_loss": [
            3.0768985748291016,
            2.5901780128479004,
            1.9654606580734253,
            1.710201382637024,
            1.6272106170654297,
            1.568042516708374,
            1.5345258712768555,
            1.5238689184188843,
            1.51669442653656,
            1.5233145952224731,
            1.5471190214157104
        ]
    },
    "Consenso": {
        "val_loss": [
            6.630339622497559
        ]
    }
}