{
    "Federated": {
        "loss": [
            22.27605438232422,
            19.775651931762695,
            13.392341613769531,
            11.4199800491333,
            9.922880172729492,
            8.8605375289917,
            8.130585670471191,
            7.59438943862915,
            7.147829055786133,
            6.79791259765625,
            6.504676342010498
        ],
        "val_loss": [
            12.857877731323242,
            12.28879165649414,
            10.987105369567871,
            9.402052879333496,
            8.232325553894043,
            7.58127498626709,
            7.280771732330322,
            6.759304046630859,
            6.5135111808776855,
            6.2293267250061035,
            5.882669448852539
        ]
    },
    "Consenso": {
        "val_loss": [
            5.905066967010498
        ]
    }
}