{
    "Federated": {
        "loss": [
            18.83929443359375,
            15.34287166595459,
            9.855265617370605,
            8.325725555419922,
            7.400365829467773,
            6.81437349319458,
            6.3689446449279785,
            6.00179386138916,
            5.7031378746032715,
            5.433263301849365,
            5.212191581726074
        ],
        "val_loss": [
            50.18340301513672,
            38.99609375,
            33.079933166503906,
            28.89771270751953,
            26.771921157836914,
            24.903812408447266,
            23.352418899536133,
            22.17148208618164,
            21.24769401550293,
            20.540931701660156,
            19.63632583618164
        ]
    },
    "Consenso": {
        "val_loss": [
            3.773815870285034
        ]
    }
}