{
    "Federated": {
        "loss": [
            22.46041488647461,
            18.983402252197266,
            12.56516170501709,
            10.443815231323242,
            8.977477073669434,
            7.964011192321777,
            7.300948619842529,
            6.810494422912598,
            6.421870708465576,
            6.125246524810791,
            5.854559421539307
        ],
        "val_loss": [
            14.239827156066895,
            12.492074012756348,
            10.811927795410156,
            9.005431175231934,
            7.868099689483643,
            7.082823753356934,
            6.714420795440674,
            6.254476070404053,
            6.000484943389893,
            5.820468425750732,
            5.552449703216553
        ]
    },
    "Consenso": {
        "val_loss": [
            5.773784637451172
        ]
    }
}