{
    "Federated": {
        "loss": [
            2.1259398460388184,
            1.627549409866333,
            1.2416565418243408,
            1.158413052558899,
            1.092526912689209,
            1.085958480834961,
            1.082069993019104,
            1.078451156616211,
            1.0651910305023193,
            1.0485700368881226,
            1.048230767250061
        ],
        "val_loss": [
            1.1685746908187866,
            1.1357297897338867,
            0.9834991097450256,
            0.9454478025436401,
            0.9516815543174744,
            0.9668607115745544,
            0.9980122447013855,
            0.9907945990562439,
            0.9896886944770813,
            0.9989524483680725,
            1.0258499383926392
        ]
    },
    "Consenso": {
        "val_loss": [
            6.0759711265563965
        ]
    }
}