{
    "Federated": {
        "loss": [
            3.29309344291687,
            2.896451711654663,
            1.6118344068527222,
            1.3240102529525757,
            1.2164307832717896,
            1.2418749332427979,
            1.275239109992981,
            1.2872768640518188,
            1.2802187204360962,
            1.2672475576400757,
            1.26315438747406
        ],
        "val_loss": [
            5.743829727172852,
            6.478241920471191,
            4.451252460479736,
            3.5946297645568848,
            3.146463394165039,
            2.858891725540161,
            2.5960798263549805,
            2.417146921157837,
            2.2970547676086426,
            2.157770872116089,
            2.066040277481079
        ]
    },
    "Consenso": {
        "val_loss": [
            6.703656196594238
        ]
    }
}