{
    "Federated": {
        "loss": [
            15.005555152893066,
            11.440116882324219,
            5.20366096496582,
            3.9396939277648926,
            3.2860255241394043,
            2.9368438720703125,
            2.715773582458496,
            2.5613555908203125,
            2.4292123317718506,
            2.342869997024536,
            2.261033535003662
        ],
        "val_loss": [
            6.97889518737793,
            4.635873317718506,
            3.465973138809204,
            2.8677492141723633,
            2.63966703414917,
            2.5749950408935547,
            2.4536197185516357,
            2.4047510623931885,
            2.3206241130828857,
            2.3181111812591553,
            2.2572274208068848
        ]
    },
    "Consenso": {
        "val_loss": [
            3.854342222213745
        ]
    }
}