{
    "Federated": {
        "loss": [
            25.338563919067383,
            21.990463256835938,
            12.370487213134766,
            10.385295867919922,
            8.983182907104492,
            7.928190231323242,
            7.194298267364502,
            6.643404006958008,
            6.276324272155762,
            5.954699993133545,
            5.704326152801514
        ],
        "val_loss": [
            15.677820205688477,
            10.517241477966309,
            8.942159652709961,
            7.8845930099487305,
            6.847427845001221,
            6.033361434936523,
            5.480297088623047,
            5.138626575469971,
            4.897768974304199,
            4.672818660736084,
            4.520857334136963
        ]
    },
    "Consenso": {
        "val_loss": [
            4.269526481628418
        ]
    }
}