{
    "Federated": {
        "loss": [
            41.793814182281494,
            39.67099952697754
        ],
        "val_loss": [
            34.049206495285034,
            32.92761945724487
        ],
        "consenso": [
            35.21800088882446,
            33.56589674949646
        ]
    }
}