{
    "Federated": {
        "loss": [
            22.584465458696965,
            24.850885429291747,
            15.075221043007046,
            11.731645439185348,
            11.009336101073846,
            10.693175543172687,
            10.475180973463198,
            10.297013123172755,
            10.138004650937065,
            9.991753293292634,
            9.848625422400588,
            9.702546142279079,
            9.563314990743118,
            9.432759712030197,
            9.299920322957869,
            9.170096978946935,
            9.042479652966207,
            8.918221884206229,
            8.796783497429216,
            8.677947114660022,
            8.56029627766168,
            8.43912274569419,
            8.329562204634296,
            8.223178186855625,
            8.124124135429442
        ],
        "consenso": [
            30.191791291330375,
            18.414552120601428,
            13.19553607117896,
            12.535172990724153,
            12.33247248097962,
            12.166316936997806,
            12.022513943559984,
            11.88751118557126,
            11.757075467530418,
            11.623022823941474,
            11.492831231332293,
            11.362461156704846,
            11.227719039309259,
            11.091490654384389,
            10.958963878014508,
            10.824683951396569,
            10.691039251346215,
            10.559798813333698,
            10.427972334272722,
            10.300182092423533,
            10.172184545619816,
            10.044553622311236,
            9.926975434901667,
            9.805696967770071,
            9.680426016742109
        ],
        "mse": [
            2356.4887507569556,
            1218.636999569687,
            715.1840097389969,
            598.3726154121698,
            562.4480282465616,
            541.7874467045654,
            525.694275192186,
            511.5485015476451,
            498.3239269069597,
            486.7734518986122,
            474.50625981536564,
            462.6272150768953,
            451.77263497371297,
            441.3464423721912,
            430.42626723121197,
            420.15683557472977,
            410.1702719482721,
            400.16781588161695,
            390.77466848784803,
            381.47813377193376,
            372.6395355392905,
            364.3175216282115,
            355.5792474840202,
            347.74046931547275,
            340.83355454837573
        ],
        "mae": [
            30.191791291330375,
            18.414552120601428,
            13.195536089878455,
            12.535172962674908,
            12.332472509028864,
            12.166316979071674,
            12.022513980958976,
            11.88751118557126,
            11.757075508435568,
            11.623022805241977,
            11.49283124068204,
            11.362461002434001,
            11.227719020609761,
            11.091490663734136,
            10.958963859315013,
            10.82468394204682,
            10.69103927004571,
            10.559798766584958,
            10.427972306223477,
            10.300182092423533,
            10.172184498871074,
            10.044553622311236,
            9.926975350753933,
            9.805696949070574,
            9.680426035441604
        ],
        "accuracy": [
            0.033081311244042774,
            0.00026309959060859446,
            0.00026309959060859446,
            0.0003877257124758234,
            0.028968649090030323,
            0.02985487929454037,
            0.0301456735560707,
            0.03025645236758625,
            0.030284147125248816,
            0.030367231106056887,
            0.03040877327907319,
            0.03045031537904459,
            0.0304918576251058,
            0.030505704894369722,
            0.03054724670216149,
            0.030574941532868966,
            0.030616483486750546,
            0.0306441780983233,
            0.0306441780983233,
            0.0306441780983233,
            0.0306441780983233,
            0.0306441780983233,
            0.0306441780983233,
            0.03065802544063213,
            0.030713414887477662
        ]
    }
}