{
    "Federated": {
        "loss": [
            22.567739161790588,
            24.400629204716168,
            14.975173423687616,
            11.879095237044726,
            11.171621369380578,
            10.853885747492313,
            10.63293741197855,
            10.443569850158312,
            10.272467462476069,
            10.11072449580602,
            9.956939528093619,
            9.804576700060245,
            9.655709945140224,
            9.5141890312125,
            9.374433426843847,
            9.232453283032074,
            9.09705863578939,
            8.961723899176599,
            8.826513449259688,
            8.704160138215943,
            8.57758561810296,
            8.455840881658244,
            8.341786179399373,
            8.224451176676096,
            8.11640647097089,
            8.013420122924407,
            7.909963057876346,
            7.818475900723499,
            7.726764067578331,
            7.644107507617103,
            7.562656398753033,
            7.489488888111915,
            7.419045775749848,
            7.35708613400165,
            7.296279174266566,
            7.237102240954033,
            7.185035348751162,
            7.13947948837178,
            7.096728850603469,
            7.0584978431682375,
            7.020561832039818,
            6.986112517742988,
            6.9564780079595305,
            6.925592863658333,
            6.900407696270621,
            6.876888910198913,
            6.8543809074908495,
            6.8311930061409285,
            6.813501289443058,
            6.795899220870114
        ],
        "consenso": [
            29.677632488456428,
            18.078444076519386,
            13.311810173240362,
            12.697404204630384,
            12.4890385983037,
            12.31674126550263,
            12.163210057744793,
            12.016630544381982,
            11.876614452577105,
            11.736179662685768,
            11.592219030155855,
            11.449813716551837,
            11.304868774086822,
            11.158058621135412,
            11.013636128575195,
            10.870835384901833,
            10.723627307835747,
            10.588996760985431,
            10.447582719372768,
            10.305259040757722,
            10.173508043382682,
            10.035730416868248,
            9.908266747699065,
            9.783743799901476,
            9.658317522675384,
            9.544444012875651,
            9.428652744667202,
            9.32725902749043,
            9.224867083278356,
            9.12766575345806,
            9.039386405664331,
            8.960364224863987,
            8.87739402289484,
            8.808342893918356,
            8.744167185297199,
            8.683085824929032,
            8.625438396837197,
            8.574667380136603,
            8.52874312915054,
            8.480097081146988,
            8.445046653934554,
            8.407369856740914,
            8.367982601418214,
            8.339373048614053,
            8.316535571042229,
            8.290432884412652,
            8.271073827556535,
            8.24613045126784,
            8.223776968086467,
            8.20248035472982
        ],
        "mse": [
            2302.0137873630897,
            1195.5330292570825,
            724.2660136035844,
            612.2409153545605,
            575.4364817282733,
            554.1296811197318,
            537.3423111765992,
            522.5640928324531,
            508.2476918557111,
            494.4765934757158,
            481.8590413168365,
            469.26436581331143,
            457.3698875950832,
            445.98582726833865,
            434.5439157205469,
            423.3263812719607,
            413.0772087620754,
            401.79462319729373,
            391.82607651691814,
            382.63085951524624,
            372.91234931758805,
            364.3554676654292,
            355.4933191000247,
            347.0029201741312,
            339.3716896562015,
            331.5486262732861,
            324.5508836250679,
            317.41174023291643,
            310.98636345302356,
            305.0281546863855,
            299.2391992223029,
            293.6580663428587,
            289.0029927655762,
            284.20183073305617,
            279.7003437444275,
            275.6433823389166,
            272.0081517743129,
            268.5497788915447,
            265.3055974642436,
            262.567850599102,
            259.67333752501247,
            257.20389802315657,
            255.06454673467897,
            252.8249664820877,
            250.62239291153702,
            248.7716494962281,
            246.91063111436134,
            245.3936546643575,
            243.92131116810967,
            242.57269662501764
        ],
        "mae": [
            29.677632507155923,
            18.078444053145017,
            13.311810173240362,
            12.697404204630384,
            12.4890385983037,
            12.316741228103638,
            12.163210048395044,
            12.01663050698299,
            11.876614452577105,
            11.736179700084762,
            11.592219039505602,
            11.449813716551837,
            11.304868764737073,
            11.158058639834909,
            11.0136360911762,
            10.870835384901833,
            10.723627298485999,
            10.588996760985431,
            10.447582719372768,
            10.305259031407973,
            10.173508043382682,
            10.035730416868248,
            9.908266728999568,
            9.783743771852231,
            9.658317466576895,
            9.544444003525902,
            9.4286527633667,
            9.32725902749043,
            9.224867083278356,
            9.127665762807808,
            9.039386396314583,
            8.960364229538861,
            8.87739402289484,
            8.808342893918356,
            8.744167161922828,
            8.683085852978277,
            8.625438378137702,
            8.574667380136603,
            8.528743122138229,
            8.480097081146988,
            8.445046653934554,
            8.40736985206604,
            8.367982601418214,
            8.339373048614053,
            8.316535552342733,
            8.290432884412652,
            8.271073820544224,
            8.24613045126784,
            8.223776930687475,
            8.202480373429317
        ],