{
    "Federated": {
        "loss": [
            19.067273259162903,
            13.618521213531494,
            11.18294608592987,
            8.708554565906525,
            7.19741627573967,
            6.218076854944229
        ],
        "val_loss": [
            11.403764247894287,
            7.52896910905838,
            6.738794028759003,
            5.8669098019599915,
            5.216897934675217,
            4.728427708148956
        ],
        "loss_consensus_local": [
            26.195186972618103,
            17.802032470703125,
            11.909506738185883,
            9.285627901554108,
            7.765879273414612,
            6.8000680804252625
        ],
        "loss_consensus_global": [
            25.983395099639893,
            16.623852729797363,
            11.217713832855225,
            9.211814641952515,
            7.712717175483704,
            6.593636155128479
        ]
    },
    "No Federated (Local)": {
        "loss": [
            18.97313630580902,
            11.178311288356781,
            8.812708288431168,
            7.640651166439056,
            6.907300621271133,
            6.367801636457443
        ],
        "val_loss": [
            11.432829678058624,
            8.412200450897217,
            7.229469478130341,
            6.489822685718536,
            5.992126017808914,
            5.577210992574692
        ]
    }
}