{
    "Federated": {
        "loss": [
            4.951824188232422,
            3.8960790634155273,
            2.5832581520080566,
            1.8736697435379028,
            1.6578925848007202,
            1.6941429376602173
        ],
        "val_loss": [
            2.5486247539520264,
            2.1854467391967773,
            1.992872714996338,
            1.825508952140808,
            1.7683155536651611,
            1.697212815284729
        ],
        "loss_consensus_local": [
            9.15833568572998,
            5.376573085784912,
            2.951061487197876,
            2.580169916152954,
            3.243791103363037,
            3.373931407928467
        ],
        "loss_consensus_global": [
            30.659650802612305,
            21.668237686157227,
            14.133667945861816,
            9.740272521972656,
            8.53734016418457,
            7.692500114440918
        ]
    },
    "No Federated (Local)": {
        "loss": [
            4.970085144042969,
            2.0269415378570557,
            1.71756911277771,
            1.5975605249404907,
            1.5454233884811401,
            1.507192850112915
        ],
        "val_loss": [
            2.4968743324279785,
            1.9852913618087769,
            1.811057209968567,
            1.746699333190918,
            1.7256717681884766,
            1.7079156637191772
        ]
    }
}