{
    "mse": 242.58647211041182,
    "mse_st_dev": 494.387862919264,
    "rmse": 12.268624780897266,
    "rmse_st_dev": 9.595171603257826,
    "mae": 8.20272519161057,
    "mae_st_dev": 6.36992317522763,
    "mape": 88611074662910.56,
    "mape_st_dev": 224571918532453.62
}