{
    "mse": 272.8939235896397,
    "rmse": 14.063021404039661,
    "mae": 10.02863393043466,
    "mape": 501411975520910.1
}