{
    "mse": 340.829136351147,
    "rmse": 14.0549739206134,
    "mae": 9.680595943240647,
    "mape": 95031745737791.56
}