{
    "mse": 367.08591734596894,
    "rmse": 14.326451930180314,
    "mae": 9.686560805799756,
    "mape": 165145455629739.1
}