{
    "mse": 417.7151401850365,
    "rmse": 15.325865351435272,
    "mae": 10.494635687915427,
    "mape": 184664754324912.8
}