{
    "mse": 338.1943133390788,
    "rmse": 16.06351952198913,
    "mae": 11.910021584206142,
    "mape": 629392473133428.1
}