{
    "Federated": {
        "loss": [
            18.106515884399414,
            13.65857982635498,
            7.4933905601501465,
            6.148314952850342,
            5.115614891052246,
            4.353393077850342
        ],
        "val_loss": [
            10.760876655578613,
            5.874680519104004,
            4.993360996246338,
            4.066985607147217,
            3.376505136489868,
            2.9584975242614746
        ]
    }
}