{
    "Federated": {
        "loss": [
            23.541873931884766,
            22.100522994995117,
            13.79516315460205,
            11.63589096069336,
            10.000744819641113,
            8.765907287597656
        ],
        "val_loss": [
            13.847945213317871,
            12.657744407653809,
            10.449054718017578,
            8.94045352935791,
            7.7614288330078125,
            6.980273246765137
        ]
    }
}