{
    "Federated": {
        "loss": [
            4.9661431312561035,
            4.572861194610596,
            2.06554913520813,
            1.8269506692886353,
            1.716565489768982,
            1.6845533847808838
        ],
        "val_loss": [
            2.3922019004821777,
            2.4994163513183594,
            1.9225311279296875,
            1.7540297508239746,
            1.6786667108535767,
            1.6668397188186646
        ]
    }
}