{
    "Federated": {
        "loss": [
            3.852531671524048,
            3.42883038520813,
            1.6380623579025269,
            1.5174407958984375,
            1.4359779357910156,
            1.4035472869873047
        ],
        "val_loss": [
            1.7806910276412964,
            1.6117440462112427,
            1.4881678819656372,
            1.4092812538146973,
            1.3737809658050537,
            1.379642128944397
        ]
    }
}