{
    "Federated": {
        "loss": [
            4.780428409576416,
            4.518246650695801,
            1.9718267917633057,
            1.6750061511993408,
            1.5616799592971802,
            1.543782353401184
        ],
        "val_loss": [
            2.6070516109466553,
            2.5211942195892334,
            1.9319156408309937,
            1.758389949798584,
            1.6947312355041504,
            1.654520869255066
        ]
    }
}