{
    "Federated": {
        "loss": [
            4.912224292755127,
            4.716514587402344,
            2.7591729164123535,
            2.192107915878296,
            1.905947208404541,
            1.743216633796692
        ],
        "val_loss": [
            4.636054992675781,
            4.580331325531006,
            3.438142776489258,
            2.9803202152252197,
            2.722201108932495,
            2.5690743923187256
        ]
    }
}