{
    "Federated": {
        "loss": [
            28.427152633666992,
            25.02560806274414,
            16.646495819091797,
            14.056173324584961,
            12.104446411132812,
            10.724472999572754
        ],
        "val_loss": [
            15.962308883666992,
            12.413195610046387,
            10.819597244262695,
            8.798912048339844,
            7.51965856552124,
            6.803298473358154
        ]
    }
}