{
    "Federated": {
        "loss": [
            14.152241706848145,
            14.486621856689453,
            7.563215255737305,
            5.678064823150635,
            4.6460418701171875,
            4.08327579498291
        ],
        "val_loss": [
            8.07431697845459,
            7.819797992706299,
            6.101553916931152,
            4.88204288482666,
            4.372295379638672,
            4.078991889953613
        ]
    }
}