{
    "Federated": {
        "loss": [
            2.330624580383301,
            2.5122663974761963,
            1.27837073802948,
            1.2331491708755493,
            1.1782094240188599,
            1.1529000997543335
        ],
        "val_loss": [
            1.5121463537216187,
            1.422202706336975,
            1.3880985975265503,
            1.3464865684509277,
            1.3243426084518433,
            1.3235182762145996
        ]
    }
}