{
    "Federated": {
        "loss": [
            23.175416946411133,
            18.214759826660156,
            11.462339401245117,
            9.83077621459961,
            8.505372047424316,
            7.497034072875977
        ],
        "val_loss": [
            11.869952201843262,
            7.909027099609375,
            7.235620975494385,
            6.258241653442383,
            5.244029521942139,
            4.607628345489502
        ]
    }
}