{
    "Federated": {
        "loss": [
            5.967999458312988,
            5.3674397468566895,
            2.5644731521606445,
            2.097311019897461,
            1.7659322023391724,
            1.5907574892044067
        ],
        "val_loss": [
            3.5568745136260986,
            2.957432985305786,
            2.550508499145508,
            2.2171640396118164,
            1.9451676607131958,
            1.8447773456573486
        ]
    }
}