{
    "Federated": {
        "loss": [
            6.245965003967285,
            5.467834949493408,
            2.3531863689422607,
            1.902855396270752,
            1.704960823059082,
            1.6388130187988281
        ],
        "val_loss": [
            2.695197343826294,
            2.4714467525482178,
            1.8339813947677612,
            1.6535162925720215,
            1.5798803567886353,
            1.538558006286621
        ]
    }
}