{
    "Federated": {
        "loss": [
            33.446651458740234,
            27.419376373291016,
            21.27984619140625,
            20.293628692626953,
            19.45195960998535,
            18.8637752532959
        ],
        "val_loss": [
            19.66929817199707,
            14.005119323730469,
            12.8974609375,
            12.695021629333496,
            12.217516899108887,
            11.910286903381348
        ]
    }
}