{
    "Federated": {
        "loss": [
            5.355849266052246,
            5.225479602813721,
            2.4564359188079834,
            2.0653789043426514,
            1.8164576292037964,
            1.6916018724441528
        ],
        "val_loss": [
            2.6045682430267334,
            2.2435364723205566,
            1.9640365839004517,
            1.7674869298934937,
            1.6974927186965942,
            1.6444790363311768
        ]
    }
}