{
    "Federated": {
        "loss": [
            22.236820220947266,
            17.10947608947754,
            9.511398315429688,
            7.9170637130737305,
            6.713010787963867,
            5.716427803039551
        ],
        "val_loss": [
            17.23186683654785,
            9.485328674316406,
            8.22763442993164,
            7.106793403625488,
            5.9965972900390625,
            5.24070405960083
        ]
    }
}