{
    "Federated": {
        "loss": [
            24.117210388183594,
            21.348878860473633,
            13.045741081237793,
            10.49748420715332,
            8.771810531616211,
            7.713608264923096
        ],
        "val_loss": [
            14.819462776184082,
            12.020991325378418,
            10.018399238586426,
            8.400230407714844,
            7.2930006980896,
            6.649057865142822
        ]
    }
}