{
    "Federated": {
        "loss": [
            21.84840965270996,
            17.6295108795166,
            10.483379364013672,
            8.25576114654541,
            6.85526704788208,
            6.022055149078369
        ],
        "val_loss": [
            11.296976089477539,
            7.926376819610596,
            6.883504390716553,
            5.712413311004639,
            5.1103315353393555,
            4.7674031257629395
        ]
    }
}