{
    "Federated": {
        "loss": [
            1.7886825799942017,
            1.5615990161895752,
            1.261780023574829,
            1.2882567644119263,
            1.2348706722259521,
            1.2043989896774292
        ],
        "val_loss": [
            2.1199424266815186,
            2.1186604499816895,
            1.612873911857605,
            1.5870428085327148,
            1.7122578620910645,
            1.64478600025177
        ]
    }
}