{
    "Federated": {
        "loss": [
            4.972609519958496,
            4.194098472595215,
            1.8892126083374023,
            1.5409656763076782,
            1.4326777458190918,
            1.3944423198699951
        ],
        "val_loss": [
            2.4279205799102783,
            2.2858502864837646,
            1.8151673078536987,
            1.649445652961731,
            1.595791220664978,
            1.5760051012039185
        ]
    }
}