{
    "Federated": {
        "loss": [
            27.498281478881836,
            21.195383071899414,
            12.652941703796387,
            10.7649564743042,
            9.294771194458008,
            8.220370292663574
        ],
        "val_loss": [
            19.317394256591797,
            10.533884048461914,
            9.157788276672363,
            8.072802543640137,
            6.962386608123779,
            6.0710577964782715
        ]
    }
}