{
    "Federated": {
        "loss": [
            10.777514457702637,
            9.375568389892578,
            5.038184642791748,
            3.934335470199585,
            3.3906478881835938,
            3.1030399799346924
        ],
        "val_loss": [
            6.0320210456848145,
            4.845895290374756,
            3.583061933517456,
            3.0908925533294678,
            2.8798229694366455,
            2.784848928451538
        ]
    }
}