{
    "Federated": {
        "loss": [
            1.9934958219528198,
            1.7110674381256104,
            0.9919390678405762,
            0.9810477495193481,
            0.9422636032104492,
            0.9155891537666321
        ],
        "val_loss": [
            1.1880906820297241,
            0.9924496412277222,
            0.9779254198074341,
            0.9673078060150146,
            0.9668041467666626,
            0.9606050848960876
        ]
    }
}