{
    "Federated": {
        "loss": [
            16.23457145690918,
            11.466283798217773,
            6.882302284240723,
            4.246703624725342,
            3.066546678543091,
            2.5706257820129395
        ],
        "val_loss": [
            10.663530349731445,
            7.27605676651001,
            5.705392360687256,
            5.2492451667785645,
            5.026045799255371,
            4.875100612640381
        ],
        "loss_consensus_local": [
            39.225006103515625,
            25.360416412353516,
            15.221670150756836,
            9.496389389038086,
            6.599593639373779,
            5.329200267791748
        ],
        "loss_consensus_global": [
            39.225006103515625,
            25.360416412353516,
            15.221670150756836,
            9.496389389038086,
            6.599593639373779,
            5.329200267791748
        ]
    },
    "No Federated (Local)": {
        "loss": [
            16.354736328125,
            5.301347255706787,
            3.26065993309021,
            2.815037250518799,
            2.6186277866363525,
            2.50252628326416
        ],
        "val_loss": [
            10.689923286437988,
            6.326595306396484,
            5.580847263336182,
            5.257467269897461,
            5.070069313049316,
            4.980007648468018
        ]
    }
}