{
    "ML (Local)": {
        "loss": [
            19.84927978515625,
            11.415237045288086,
            8.83548641204834,
            7.4370880126953125,
            6.459232044219971,
            5.757502460479737
        ],
        "val_loss": [
            9.464282608032226,
            6.301766967773437,
            5.181252193450928,
            4.486457824707031,
            3.9963534355163572,
            3.6268447399139405
        ]
    }
}