{
    "ML (Local)": {
        "loss": [
            19.21834373474121,
            11.513566970825195,
            9.312250137329102,
            7.992013454437256,
            6.944000720977783,
            6.094805717468262
        ],
        "val_loss": [
            8.983086585998535,
            6.5197038650512695,
            5.508878231048584,
            4.78427791595459,
            4.140923023223877,
            3.6691181659698486
        ]
    }
}