{
    "Federated": {
        "loss": [
            37.97109603881836,
            30.79750633239746,
            23.96977996826172,
            19.673112869262695,
            16.819772720336914,
            14.802095413208008
        ],
        "val_loss": [
            26.739364624023438,
            18.94632911682129,
            15.436062812805176,
            13.716015815734863,
            12.145404815673828,
            10.881064414978027
        ],
        "loss_consensus_local": [
            55.70238494873047,
            40.41670227050781,
            27.176773071289062,
            19.81534194946289,
            15.983416557312012,
            13.743127822875977
        ],
        "loss_consensus_global": [
            31.47203826904297,
            20.698265075683594,
            12.10747241973877,
            8.017950057983398,
            6.405515193939209,
            5.376606464385986
        ]
    },
    "No Federated (Local)": {
        "loss": [
            37.99656677246094,
            27.021915435791016,
            21.57136344909668,
            18.49232292175293,
            16.511730194091797,
            15.013120651245117
        ],
        "val_loss": [
            26.684825897216797,
            20.37403678894043,
            17.042707443237305,
            14.914180755615234,
            13.495779991149902,
            12.381346702575684
        ]
    }
}