{
    "Federated": {
        "loss": [
            18.566869735717773,
            13.692612648010254,
            9.793512344360352,
            6.919870376586914,
            5.3201093673706055,
            4.292031288146973
        ],
        "val_loss": [
            10.62490177154541,
            7.349308013916016,
            6.387779712677002,
            5.173902988433838,
            4.282174110412598,
            3.865429162979126
        ],
        "loss_consensus_local": [
            34.7104377746582,
            19.82054901123047,
            10.758743286132812,
            6.8887505531311035,
            5.170080184936523,
            4.300465106964111
        ],
        "loss_consensus_global": [
            33.88887405395508,
            19.465890884399414,
            10.901263236999512,
            7.7187113761901855,
            6.222873687744141,
            5.296180248260498
        ]
    },
    "No Federated (Local)": {
        "loss": [
            18.63410758972168,
            9.093667030334473,
            6.485342502593994,
            5.1404948234558105,
            4.321488857269287,
            3.7892119884490967
        ],
        "val_loss": [
            10.487834930419922,
            7.127476692199707,
            5.791528701782227,
            4.852190017700195,
            4.305212020874023,
            3.97208833694458
        ]
    }
}