{
    "ML (Local)": {
        "loss": [
            20.15302085876465,
            12.719295501708984,
            10.976297378540039,
            9.599997520446777,
            8.357131004333496,
            7.228824138641357
        ],
        "val_loss": [
            9.712873458862305,
            7.736230373382568,
            6.689149856567383,
            5.8287553787231445,
            5.052656650543213,
            4.41235876083374
        ]
    }
}