{
    "Federated": {
        "loss": [
            36.26041030883789,
            30.698209762573242,
            21.157018661499023,
            18.45886993408203,
            16.57498550415039,
            15.20743179321289,
            14.067034721374512,
            13.242073059082031,
            12.534200668334961,
            11.917763710021973,
            11.442590713500977
        ],
        "val_loss": [
            24.674449920654297,
            16.951751708984375,
            14.419820785522461,
            13.288799285888672,
            12.299795150756836,
            11.308823585510254,
            10.676898002624512,
            10.063484191894531,
            9.526288986206055,
            9.150476455688477,
            8.805676460266113
        ]
    },
    "Consenso": {
        "val_loss": [
            4.450971603393555
        ]
    }
}