{
    "Federated": {
        "loss": [
            23.428579330444336,
            22.09493064880371,
            13.50947093963623,
            11.228574752807617,
            9.59395980834961,
            8.449029922485352,
            7.651701927185059,
            7.031888961791992,
            6.494521141052246,
            6.065110206604004,
            5.674137115478516
        ],
        "val_loss": [
            14.83021068572998,
            12.73098373413086,
            9.960184097290039,
            8.512989044189453,
            7.42291259765625,
            6.6795220375061035,
            6.15860652923584,
            5.763978481292725,
            5.442976951599121,
            5.200810432434082,
            4.949524402618408
        ]
    },
    "Consenso": {
        "val_loss": [
            4.255314350128174
        ]
    }
}