{
    "Federated": {
        "loss": [
            0.5582291483879089,
            0.48661234974861145,
            0.4058067500591278,
            0.4004443287849426,
            0.3863288164138794,
            0.3920673131942749,
            0.39011555910110474,
            0.37048283219337463,
            0.3682359755039215,
            0.36121758818626404,
            0.3576221466064453
        ],
        "val_loss": [
            1.5291969776153564,
            1.289723515510559,
            1.0886569023132324,
            1.1193981170654297,
            1.1802177429199219,
            1.152796983718872,
            1.143951416015625,
            1.2197924852371216,
            1.1782681941986084,
            1.1213345527648926,
            1.1059443950653076
        ]
    },
    "Consenso": {
        "val_loss": [
            4.498830318450928
        ]
    }
}