{
    "Federated": {
        "loss": [
            26.189756393432617,
            25.237871170043945,
            16.337848663330078,
            13.64357852935791,
            11.731673240661621,
            10.444540023803711,
            9.538456916809082,
            8.780338287353516,
            8.179025650024414,
            7.634983539581299,
            7.12183141708374
        ],
        "val_loss": [
            13.645296096801758,
            12.140680313110352,
            10.314237594604492,
            8.562141418457031,
            7.38178014755249,
            6.786182403564453,
            6.354875087738037,
            5.946801662445068,
            5.78465461730957,
            5.285153865814209,
            5.123157501220703
        ]
    },
    "Consenso": {
        "val_loss": [
            4.340691089630127
        ]
    }
}