{
    "Federated": {
        "loss": [
            4.497557640075684,
            3.8226146697998047,
            1.6698063611984253,
            1.354610562324524,
            1.2485514879226685,
            1.2496707439422607,
            1.2597217559814453,
            1.2403746843338013,
            1.218285083770752,
            1.2003029584884644,
            1.1882638931274414
        ],
        "val_loss": [
            1.9014633893966675,
            2.025460720062256,
            1.5867873430252075,
            1.3821223974227905,
            1.347798466682434,
            1.3335202932357788,
            1.324973225593567,
            1.3192776441574097,
            1.2927262783050537,
            1.345660924911499,
            1.2921977043151855
        ]
    },
    "Consenso": {
        "val_loss": [
            5.260288238525391
        ]
    }
}