{
    "Federated": {
        "loss": [
            10.914060592651367,
            11.073211669921875,
            5.07234525680542,
            3.6775524616241455,
            3.082843542098999,
            2.813243865966797,
            2.6431427001953125,
            2.5143678188323975,
            2.429490566253662,
            2.3337149620056152,
            2.295318126678467
        ],
        "val_loss": [
            5.603229999542236,
            4.885279178619385,
            3.8448803424835205,
            3.0855610370635986,
            2.8401546478271484,
            2.75380539894104,
            2.808609962463379,
            2.5595510005950928,
            2.4870243072509766,
            2.457261562347412,
            2.4808318614959717
        ]
    },
    "Consenso": {
        "val_loss": [
            5.1892571449279785
        ]
    }
}