{
    "Federated": {
        "loss": [
            88.15241241455078,
            78.34384155273438,
            65.30867004394531,
            60.35102462768555,
            57.1422233581543,
            54.55725860595703,
            52.50376892089844,
            50.78559494018555,
            49.45497131347656,
            48.16173553466797,
            46.97486114501953
        ],
        "val_loss": [
            47.87594223022461,
            38.714866638183594,
            29.8367977142334,
            28.147266387939453,
            26.410818099975586,
            25.485483169555664,
            24.537036895751953,
            23.88204574584961,
            23.26041030883789,
            22.629053115844727,
            22.22479248046875
        ]
    },
    "Consenso": {
        "val_loss": [
            8.970796585083008
        ]
    }
}