{
    "Federated": {
        "loss": [
            17.661762237548828,
            15.906289100646973,
            8.55909538269043,
            6.882784843444824,
            5.814052581787109,
            5.018906116485596,
            4.487419128417969,
            4.127996921539307,
            3.845076084136963,
            3.6354081630706787,
            3.457988739013672
        ],
        "val_loss": [
            8.380353927612305,
            5.682697296142578,
            5.2859272956848145,
            4.514388084411621,
            3.9796853065490723,
            3.588181257247925,
            3.3607094287872314,
            3.2339529991149902,
            3.181711196899414,
            3.121493101119995,
            3.0667691230773926
        ]
    },
    "Consenso": {
        "val_loss": [
            3.9804227352142334
        ]
    }
}