{
    "Federated": {
        "loss": [
            11.071703910827637,
            9.793220520019531,
            6.843639373779297,
            6.938950061798096,
            7.091994762420654,
            7.177521705627441,
            7.349936485290527,
            7.378421783447266,
            7.614452838897705,
            7.637448310852051,
            7.711248874664307
        ],
        "val_loss": [
            20.630016326904297,
            16.11432456970215,
            14.257864952087402,
            13.6039457321167,
            13.325065612792969,
            13.087685585021973,
            12.856672286987305,
            12.863139152526855,
            13.215048789978027,
            13.274660110473633,
            13.024825096130371
        ]
    },
    "Consenso": {
        "val_loss": [
            7.173526287078857
        ]
    }
}