{
    "Federated": {
        "loss": [
            1.3806735277175903,
            1.2472623586654663,
            0.8102802634239197,
            0.8002545833587646,
            0.7636158466339111,
            0.7358766794204712,
            0.7291269302368164,
            0.7338774800300598,
            0.744158148765564,
            0.7200091481208801,
            0.7170898914337158
        ],
        "val_loss": [
            0.8037779331207275,
            0.7745288014411926,
            0.6972145438194275,
            0.6969000101089478,
            0.7027828693389893,
            0.700285792350769,
            0.7034581899642944,
            0.700073778629303,
            0.7001303434371948,
            0.6944021582603455,
            0.6954670548439026
        ]
    },
    "Consenso": {
        "val_loss": [
            4.588257789611816
        ]
    }
}