{
    "Federated": {
        "loss": [
            6.489902973175049,
            5.535851955413818,
            2.3806650638580322,
            1.946848750114441,
            1.7396570444107056,
            1.6441391706466675,
            1.6068849563598633,
            1.5970932245254517,
            1.5929127931594849,
            1.5921931266784668,
            1.5821284055709839
        ],
        "val_loss": [
            2.6846272945404053,
            2.1097428798675537,
            1.8745290040969849,
            1.6953365802764893,
            1.6281408071517944,
            1.615167498588562,
            1.6070626974105835,
            1.6054741144180298,
            1.600752830505371,
            1.6010985374450684,
            1.590592384338379
        ]
    },
    "Consenso": {
        "val_loss": [
            4.891769886016846
        ]
    }
}