{
    "Federated": {
        "loss": [
            12.936416625976562,
            13.122526168823242,
            7.092562675476074,
            5.4017791748046875,
            4.413276195526123,
            3.88632869720459,
            3.5047123432159424,
            3.241760730743408,
            3.0051357746124268,
            2.8154265880584717,
            2.6592214107513428
        ],
        "val_loss": [
            5.067741394042969,
            5.998089790344238,
            4.428940773010254,
            3.543138265609741,
            3.159003496170044,
            2.9511709213256836,
            2.8093247413635254,
            2.666341781616211,
            2.553731918334961,
            2.551854372024536,
            2.417525291442871
        ]
    },
    "Consenso": {
        "val_loss": [
            4.210781097412109
        ]
    }
}