{
    "Federated": {
        "loss": [
            4.308492183685303,
            4.110833168029785,
            1.7954165935516357,
            1.4730256795883179,
            1.3854727745056152,
            1.3588449954986572,
            1.361438274383545,
            1.3494526147842407,
            1.3202269077301025,
            1.3198277950286865,
            1.3057104349136353
        ],
        "val_loss": [
            2.2799072265625,
            2.241567373275757,
            1.7771077156066895,
            1.5713214874267578,
            1.550270438194275,
            1.5253632068634033,
            1.5108773708343506,
            1.4975874423980713,
            1.4858598709106445,
            1.4951541423797607,
            1.4866834878921509
        ]
    },
    "Consenso": {
        "val_loss": [
            5.192938327789307
        ]
    }
}