{
    "Federated": {
        "loss": [
            10.875761985778809,
            9.466553688049316,
            4.73377799987793,
            3.7208197116851807,
            3.3007633686065674,
            3.0936949253082275,
            2.9419453144073486,
            2.829395055770874,
            2.748638868331909,
            2.677182912826538,
            2.614466905593872
        ],
        "val_loss": [
            5.9110822677612305,
            4.525839328765869,
            3.3567495346069336,
            3.038698434829712,
            2.8658287525177,
            2.7854840755462646,
            2.7670207023620605,
            2.6560096740722656,
            2.566168785095215,
            2.5586588382720947,
            2.5322649478912354
        ]
    },
    "Consenso": {
        "val_loss": [
            5.186830997467041
        ]
    }
}