{
    "Federated": {
        "loss": [
            29.215288162231445,
            26.84477996826172,
            17.413429260253906,
            14.789264678955078,
            12.745162963867188,
            11.406811714172363,
            10.410956382751465,
            9.639068603515625,
            8.9678955078125,
            8.396661758422852,
            7.886322021484375
        ],
        "val_loss": [
            19.008647918701172,
            16.459943771362305,
            13.83357048034668,
            11.76083755493164,
            10.250144004821777,
            9.405597686767578,
            8.733806610107422,
            8.22811222076416,
            7.705038070678711,
            7.322113513946533,
            7.011820316314697
        ]
    },
    "Consenso": {
        "val_loss": [
            4.591583251953125
        ]
    }
}