{
    "Federated": {
        "loss": [
            19.39285659790039,
            9.71877384185791,
            6.808063507080078,
            4.549979209899902,
            3.657817840576172,
            3.2364659309387207
        ],
        "val_loss": [
            11.753474235534668,
            4.111968040466309,
            3.749300479888916,
            3.2879180908203125,
            3.08768630027771,
            2.928518056869507
        ],
        "loss_consensus_local": [
            29.35358428955078,
            16.15599250793457,
            9.35930347442627,
            5.832763671875,
            4.070181846618652,
            3.323547601699829
        ],
        "loss_consensus_global": [
            35.519065856933594,
            20.716890335083008,
            12.63194465637207,
            8.146965980529785,
            5.593194484710693,
            4.396653652191162
        ]
    },
    "No Federated (Local)": {
        "loss": [
            19.298370361328125,
            12.124368667602539,
            9.237356185913086,
            7.3560919761657715,
            6.143551349639893,
            5.433705806732178
        ],
        "val_loss": [
            11.858845710754395,
            8.449161529541016,
            6.547114372253418,
            5.395051002502441,
            4.702236175537109,
            4.286919593811035
        ]
    }
}