{
    "Federated": {
        "loss": [
            3.996872663497925,
            5.767756462097168,
            3.7954440116882324,
            3.0007829666137695,
            2.6384096145629883,
            2.4510691165924072
        ],
        "val_loss": [
            2.0906057357788086,
            3.185612201690674,
            2.925539255142212,
            2.7632946968078613,
            2.624702215194702,
            2.5268025398254395
        ],
        "loss_consensus_local": [
            13.882702827453613,
            8.477270126342773,
            5.719585418701172,
            4.120135307312012,
            3.3264260292053223,
            2.9783782958984375
        ],
        "loss_consensus_global": [
            34.46149826049805,
            20.165504455566406,
            12.390867233276367,
            7.952134609222412,
            5.483695030212402,
            4.373630046844482
        ]
    },
    "No Federated (Local)": {
        "loss": [
            3.979538679122925,
            1.7747565507888794,
            1.6762888431549072,
            1.5903583765029907,
            1.5243730545043945,
            1.4880661964416504
        ],
        "val_loss": [
            2.0825839042663574,
            1.9603220224380493,
            1.8926478624343872,
            1.7917454242706299,
            1.731650948524475,
            1.7664666175842285
        ]
    }
}