{
    "Federated": {
        "loss": [
            18.1417236328125,
            11.005032539367676,
            6.689340591430664,
            4.772730350494385,
            3.836930751800537,
            3.389305353164673
        ],
        "val_loss": [
            11.63150691986084,
            5.693152904510498,
            4.334380149841309,
            3.8651628494262695,
            3.6793479919433594,
            3.5192930698394775
        ],
        "loss_consensus_local": [
            32.78366470336914,
            17.24551010131836,
            10.155889511108398,
            6.325175762176514,
            4.601388454437256,
            3.9047112464904785
        ],
        "loss_consensus_global": [
            32.974090576171875,
            18.808515548706055,
            11.834552764892578,
            7.5660200119018555,
            5.271791934967041,
            4.333592891693115
        ]
    },
    "No Federated (Local)": {
        "loss": [
            18.186052322387695,
            10.297187805175781,
            7.685695171356201,
            6.377449035644531,
            5.497771263122559,
            4.903243064880371
        ],
        "val_loss": [
            11.43453598022461,
            8.103745460510254,
            6.8107218742370605,
            5.7895331382751465,
            5.157626152038574,
            4.762008190155029
        ]
    }
}