{
    "Federated": {
        "loss": [
            5.0658087730407715,
            3.1618471145629883,
            2.09051251411438,
            1.7275209426879883,
            1.6353051662445068,
            1.5858657360076904
        ],
        "val_loss": [
            2.6069839000701904,
            1.8392075300216675,
            1.7374433279037476,
            1.675758957862854,
            1.796607494354248,
            1.771730661392212
        ],
        "loss_consensus_local": [
            10.646158218383789,
            6.134314060211182,
            3.8194427490234375,
            2.728837728500366,
            2.2419400215148926,
            2.047860622406006
        ],
        "loss_consensus_global": [
            32.51401138305664,
            19.50257682800293,
            11.773317337036133,
            7.6069536209106445,
            5.390531063079834,
            4.452425003051758
        ]
    },
    "No Federated (Local)": {
        "loss": [
            5.017362117767334,
            2.265986204147339,
            1.9338710308074951,
            1.7648625373840332,
            1.6555052995681763,
            1.5893477201461792
        ],
        "val_loss": [
            2.631904125213623,
            2.14132022857666,
            1.9487131834030151,
            1.8373382091522217,
            1.7812778949737549,
            1.7962321043014526
        ]
    }
}