{
    "Federated": {
        "loss": [
            17.22010040283203,
            9.346868515014648,
            6.180842876434326,
            4.421321392059326,
            3.6054837703704834,
            3.2134625911712646
        ],
        "val_loss": [
            12.805693626403809,
            6.282622337341309,
            6.40598726272583,
            6.044056415557861,
            5.792748928070068,
            5.558183193206787
        ],
        "loss_consensus_local": [
            30.37694549560547,
            17.874237060546875,
            11.037233352661133,
            7.750802516937256,
            6.336164474487305,
            5.733573913574219
        ],
        "loss_consensus_global": [
            30.37694549560547,
            17.874237060546875,
            11.037233352661133,
            7.750802516937256,
            6.336164474487305,
            5.733573913574219
        ]
    },
    "No Federated (Local)": {
        "loss": [
            17.243680953979492,
            8.718913078308105,
            5.895965576171875,
            4.725997447967529,
            4.203751087188721,
            3.8689780235290527
        ],
        "val_loss": [
            12.799703598022461,
            9.057109832763672,
            7.350033283233643,
            6.633844375610352,
            6.218386650085449,
            5.893296718597412
        ]
    }
}