{
    "Federated": {
        "loss": [
            36.204429626464844,
            33.51561737060547,
            28.209531784057617,
            23.972286224365234,
            20.96552276611328,
            18.828731536865234,
            17.286548614501953,
            16.123188018798828,
            15.270522117614746,
            14.616742134094238,
            13.963869094848633
        ],
        "val_loss": [
            23.968399047851562,
            19.90488052368164,
            17.154775619506836,
            15.868096351623535,
            14.803629875183105,
            13.873297691345215,
            13.135005950927734,
            12.53567886352539,
            12.191832542419434,
            11.830780029296875,
            11.442170143127441
        ],
        "loss_consensus_local": [
            59.98543930053711,
            50.05599594116211,
            37.845489501953125,
            28.64956283569336,
            22.507774353027344,
            18.769315719604492,
            16.490129470825195,
            15.005179405212402,
            13.981576919555664,
            13.0510892868042,
            12.46021842956543
        ],
        "loss_consensus_global": [
            34.512813568115234,
            27.365629196166992,
            18.952219009399414,
            12.936336517333984,
            9.032854080200195,
            7.1269145011901855,
            6.147078514099121,
            5.503983020782471,
            5.234762668609619,
            5.0330376625061035,
            4.882251739501953
        ]
    },
    "No Federated (Local)": {
        "loss": [
            35.999732971191406,
            24.20423126220703,
            19.347946166992188,
            15.626588821411133,
            12.586341857910156,
            10.2953462600708,
            8.70199203491211,
            7.600251197814941,
            6.82848596572876,
            6.298102855682373,
            5.884788990020752
        ],
        "val_loss": [
            24.00785255432129,
            19.0069580078125,
            15.367013931274414,
            12.598819732666016,
            10.26706314086914,
            8.775555610656738,
            7.698704242706299,
            7.0656657218933105,
            6.653489112854004,
            6.275747299194336,
            6.048824787139893
        ]
    }
}