{
    "Federated": {
        "loss": [
            18.936269760131836,
            16.31472396850586,
            15.835745811462402,
            15.343077659606934,
            14.931562423706055,
            14.48657512664795
        ],
        "val_loss": [
            11.055147171020508,
            9.705961227416992,
            9.265240669250488,
            8.813511848449707,
            8.427556991577148,
            8.07227897644043
        ],
        "loss_consensus_local": [
            31.472055435180664,
            33.44359588623047,
            35.01798629760742,
            36.360321044921875,
            37.3887825012207,
            38.928955078125
        ],
        "loss_consensus_global": [
            36.187313079833984,
            38.072513580322266,
            39.52799987792969,
            40.75395202636719,
            41.678340911865234,
            43.20224380493164
        ]
    },
    "No Federated (Local)": {
        "loss": [
            18.924760818481445,
            10.271727561950684,
            6.282364368438721,
            4.302132606506348,
            3.4234659671783447,
            3.0061514377593994
        ],
        "val_loss": [
            11.045902252197266,
            6.430735111236572,
            4.244389533996582,
            3.323211669921875,
            2.9314217567443848,
            2.7009475231170654
        ]
    }
}