{
    "Federated": {
        "loss": [
            5.073470115661621,
            4.2420878410339355,
            4.238670349121094,
            4.387368202209473,
            4.395434379577637,
            4.511151313781738
        ],
        "val_loss": [
            2.7505271434783936,
            2.4452362060546875,
            2.428950309753418,
            2.4168288707733154,
            2.4397807121276855,
            2.4522502422332764
        ],
        "loss_consensus_local": [
            11.500785827636719,
            11.420218467712402,
            11.31927490234375,
            11.265604019165039,
            11.243012428283691,
            11.186990737915039
        ],
        "loss_consensus_global": [
            33.212158203125,
            33.40597915649414,
            33.49268341064453,
            33.5078010559082,
            33.4043083190918,
            33.03921890258789
        ]
    },
    "No Federated (Local)": {
        "loss": [
            5.030055999755859,
            2.291752576828003,
            1.9243274927139282,
            1.7971155643463135,
            1.6982078552246094,
            1.6335772275924683
        ],
        "val_loss": [
            2.730187177658081,
            2.1290290355682373,
            1.9987152814865112,
            1.9038516283035278,
            1.8558990955352783,
            1.8178497552871704
        ]
    }
}