{
    "Federated": {
        "loss": [
            4.370158672332764,
            4.676873683929443,
            3.421555995941162,
            2.583414077758789,
            2.205000400543213,
            2.007089614868164
        ],
        "val_loss": [
            15.534314155578613,
            12.888623237609863,
            9.599178314208984,
            7.292977809906006,
            5.7384867668151855,
            5.013062477111816
        ],
        "loss_consensus_local": [
            32.96391677856445,
            20.931472778320312,
            12.889986991882324,
            8.527837753295898,
            6.29922342300415,
            5.190420150756836
        ],
        "loss_consensus_global": [
            32.96391677856445,
            20.931472778320312,
            12.889986991882324,
            8.527837753295898,
            6.29922342300415,
            5.190420150756836
        ]
    },
    "No Federated (Local)": {
        "loss": [
            4.3848676681518555,
            2.0114634037017822,
            1.722945213317871,
            1.618445873260498,
            1.5724900960922241,
            1.5464736223220825
        ],
        "val_loss": [
            15.509527206420898,
            14.133283615112305,
            13.349331855773926,
            12.776588439941406,
            12.756340980529785,
            12.360258102416992
        ]
    }
}