{
    "Federated": {
        "loss": [
            36.99430465698242,
            30.10040283203125,
            20.337665557861328,
            17.640779495239258,
            15.631133079528809,
            14.197699546813965,
            13.089696884155273,
            12.28792953491211,
            11.60958194732666,
            11.089119911193848,
            10.563436508178711
        ],
        "val_loss": [
            24.418777465820312,
            15.977815628051758,
            13.906890869140625,
            12.673467636108398,
            11.344598770141602,
            10.475631713867188,
            9.90216064453125,
            9.26728343963623,
            8.923713684082031,
            8.586541175842285,
            8.23641300201416
        ]
    },
    "Consenso": {
        "val_loss": [
            4.20534610748291
        ]
    }
}