{
    "Federated": {
        "loss": [
            4.254592418670654,
            4.003811359405518,
            1.7176388502120972,
            1.5588266849517822,
            1.499556541442871,
            1.4793951511383057,
            1.464708924293518,
            1.4464266300201416,
            1.4144772291183472,
            1.4037214517593384,
            1.4017243385314941
        ],
        "val_loss": [
            2.199894666671753,
            2.1146597862243652,
            1.7874476909637451,
            1.7127835750579834,
            1.6889230012893677,
            1.6715443134307861,
            1.6452754735946655,
            1.6349663734436035,
            1.6305729150772095,
            1.6197898387908936,
            1.6292040348052979
        ]
    },
    "Consenso": {
        "val_loss": [
            5.300693035125732
        ]
    }
}