{
    "Federated": {
        "loss": [
            3.9397835731506348,
            3.5294549465179443,
            1.570327639579773,
            1.2359468936920166,
            1.1494510173797607,
            1.1095952987670898,
            1.0738581418991089,
            1.0295099020004272,
            1.0137958526611328,
            0.9958125948905945,
            0.9973968863487244
        ],
        "val_loss": [
            10.995341300964355,
            8.89234733581543,
            5.602465629577637,
            4.6635518074035645,
            4.058482646942139,
            3.766470193862915,
            3.7497575283050537,
            3.449962615966797,
            3.159308910369873,
            3.087812662124634,
            2.9088988304138184
        ]
    },
    "Consenso": {
        "val_loss": [
            5.067590236663818
        ]
    }
}