{
    "Federated": {
        "loss": [
            25.256961822509766,
            20.660547256469727,
            11.547423362731934,
            9.780477523803711,
            8.626970291137695,
            7.876945972442627,
            7.322904586791992,
            6.9049601554870605,
            6.485466957092285,
            6.153132915496826,
            5.857532501220703
        ],
        "val_loss": [
            17.036230087280273,
            10.500237464904785,
            8.80627727508545,
            7.747998237609863,
            7.083384037017822,
            6.517861843109131,
            6.144196510314941,
            5.89755916595459,
            5.604215145111084,
            5.395285606384277,
            5.213984966278076
        ]
    },
    "Consenso": {
        "val_loss": [
            4.5242719650268555
        ]
    }
}