{
    "Federated": {
        "loss": [
            4.124503135681152,
            3.6764278411865234,
            1.5856151580810547,
            1.422425389289856,
            1.359108567237854,
            1.3629659414291382,
            1.3754301071166992,
            1.3787208795547485,
            1.3807698488235474,
            1.374408483505249,
            1.3630541563034058
        ],
        "val_loss": [
            1.9415231943130493,
            1.6394939422607422,
            1.4674253463745117,
            1.3341196775436401,
            1.3202484846115112,
            1.3267207145690918,
            1.337954044342041,
            1.3393909931182861,
            1.3493871688842773,
            1.3652355670928955,
            1.3285040855407715
        ]
    },
    "Consenso": {
        "val_loss": [
            4.68017578125
        ]
    }
}