{
    "Federated": {
        "loss": [
            4.883482456207275,
            4.1625542640686035,
            1.7765010595321655,
            1.575410008430481,
            1.5170609951019287,
            1.5027475357055664,
            1.4807597398757935,
            1.4614685773849487,
            1.4333735704421997,
            1.4404429197311401,
            1.427071452140808
        ],
        "val_loss": [
            2.5070626735687256,
            2.2250237464904785,
            1.8163684606552124,
            1.7088351249694824,
            1.6681448221206665,
            1.6369712352752686,
            1.6365160942077637,
            1.5967872142791748,
            1.5842028856277466,
            1.653649091720581,
            1.5855275392532349
        ]
    },
    "Consenso": {
        "val_loss": [
            5.289183616638184
        ]
    }
}