{
    "Federated": {
        "loss": [
            3.605778694152832,
            3.3800101280212402,
            1.4036059379577637,
            1.2690316438674927,
            1.2198407649993896,
            1.2221839427947998,
            1.2298892736434937,
            1.2346956729888916,
            1.2378993034362793,
            1.2228355407714844,
            1.2115944623947144
        ],
        "val_loss": [
            1.7670979499816895,
            1.3381816148757935,
            1.1530015468597412,
            1.058313012123108,
            1.0398318767547607,
            1.0427263975143433,
            1.0601646900177002,
            1.0455880165100098,
            1.0404781103134155,
            1.0375670194625854,
            1.0503203868865967
        ]
    },
    "Consenso": {
        "val_loss": [
            4.600154399871826
        ]
    }
}