{
    "Federated": {
        "loss": [
            7.468985080718994,
            6.403932571411133,
            2.52663254737854,
            2.0260653495788574,
            1.8412762880325317,
            1.755840539932251,
            1.7017992734909058,
            1.6586413383483887,
            1.6068650484085083,
            1.5837308168411255,
            1.5795036554336548
        ],
        "val_loss": [
            3.3259317874908447,
            3.039550304412842,
            2.3976011276245117,
            2.256861448287964,
            2.1811723709106445,
            2.1416175365448,
            2.08101487159729,
            2.0882041454315186,
            2.0167410373687744,
            1.9958428144454956,
            2.0122203826904297
        ]
    },
    "Consenso": {
        "val_loss": [
            5.047260284423828
        ]
    }
}