{
    "Federated": {
        "loss": [
            16.002864837646484,
            12.562756538391113,
            6.22264289855957,
            4.809900283813477,
            4.117546558380127,
            3.751664161682129,
            3.4652767181396484,
            3.2434160709381104,
            3.0779945850372314,
            2.9356234073638916,
            2.824164628982544
        ],
        "val_loss": [
            10.462246894836426,
            6.479740619659424,
            5.130202770233154,
            4.366123676300049,
            4.035151481628418,
            3.8124496936798096,
            3.6453487873077393,
            3.4769484996795654,
            3.3564324378967285,
            3.2478082180023193,
            3.189225196838379
        ]
    },
    "Consenso": {
        "val_loss": [
            4.479123115539551
        ]
    }
}