{
    "Federated": {
        "loss": [
            20.49732780456543,
            18.230289459228516,
            10.713102340698242,
            8.77227783203125,
            7.39412260055542,
            6.505598068237305,
            5.916558265686035,
            5.509986877441406,
            5.21544885635376,
            4.964632034301758,
            4.774417400360107
        ],
        "val_loss": [
            9.376441955566406,
            7.148392677307129,
            6.498697280883789,
            5.397640228271484,
            4.549966335296631,
            4.144920349121094,
            3.9397895336151123,
            3.7716591358184814,
            3.641406536102295,
            3.550374984741211,
            3.467864751815796
        ]
    },
    "Consenso": {
        "val_loss": [
            3.8918516635894775
        ]
    }
}