{
    "Federated": {
        "loss": [
            89.67517852783203,
            76.36029815673828,
            62.83858108520508,
            58.208194732666016,
            54.80489730834961,
            52.20734405517578,
            50.01528549194336,
            48.2437744140625,
            46.783321380615234,
            45.559906005859375,
            44.319671630859375
        ],
        "val_loss": [
            51.58869552612305,
            35.36837387084961,
            29.284238815307617,
            26.74983787536621,
            25.520557403564453,
            24.2172794342041,
            23.648357391357422,
            22.575496673583984,
            21.74966812133789,
            21.026752471923828,
            20.56745719909668
        ]
    },
    "Consenso": {
        "val_loss": [
            8.21198558807373
        ]
    }
}