{
    "Federated": {
        "loss": [
            18.52448272705078,
            15.587449073791504,
            8.26374626159668,
            6.50262975692749,
            5.3026957511901855,
            4.557910919189453,
            4.0983123779296875,
            3.7732994556427,
            3.529514789581299,
            3.3459439277648926,
            3.192957878112793
        ],
        "val_loss": [
            7.749814987182617,
            5.761930465698242,
            5.160307884216309,
            4.181674957275391,
            3.6089229583740234,
            3.365381956100464,
            3.3036282062530518,
            3.1579599380493164,
            3.0837795734405518,
            3.011622190475464,
            2.9547812938690186
        ]
    },
    "Consenso": {
        "val_loss": [
            3.7854411602020264
        ]
    }
}