{
    "Federated": {
        "loss": [
            20.40252685546875,
            17.381729125976562,
            9.520503044128418,
            7.653713226318359,
            6.518457889556885,
            5.838926792144775,
            5.337101936340332,
            4.953330993652344,
            4.655920505523682,
            4.372623443603516,
            4.159427642822266
        ],
        "val_loss": [
            12.191513061523438,
            8.653692245483398,
            7.314148426055908,
            6.1480512619018555,
            5.34610652923584,
            5.060742378234863,
            4.66524076461792,
            4.421882629394531,
            4.2313642501831055,
            4.0850934982299805,
            3.9476542472839355
        ]
    },
    "Consenso": {
        "val_loss": [
            4.3599019050598145
        ]
    }
}