{
    "Federated": {
        "loss": [
            25.774593353271484,
            16.83687400817871,
            8.717820167541504,
            6.922909736633301,
            5.6187052726745605,
            4.808143138885498,
            4.282770156860352,
            3.9540483951568604,
            3.6901144981384277,
            3.4974730014801025,
            3.3379197120666504
        ],
        "val_loss": [
            24.178802490234375,
            8.427231788635254,
            7.220867156982422,
            6.032210350036621,
            5.080385208129883,
            4.582159996032715,
            4.310020923614502,
            4.110598564147949,
            3.960706949234009,
            3.7712643146514893,
            3.643026828765869
        ]
    },
    "Consenso": {
        "val_loss": [
            3.7715706825256348
        ]
    }
}