{
    "Federated": {
        "loss": [
            14.224335442571078,
            11.76286234107672,
            6.977899683456795,
            5.983619851224563,
            5.386787236321206,
            5.023259843097014,
            4.759696935906129,
            4.562125249820597,
            4.395062301673141,
            4.264307936616972,
            4.145260408228519
        ],
        "val_loss": [
            9.823346438361149,
            6.8770814853556015,
            5.696537605687683,
            5.056965449277093,
            4.6849714914957685,
            4.44755630049051,
            4.2765402080965975,
            4.124030011541703,
            4.006533378479528,
            3.9154294214996637,
            3.8230307534629224
        ]
    },
    "Consenso": {
        "val_loss": [
            4.739999383103614
        ]
    }
}