{
    "Federated": {
        "loss": [
            1.944951057434082,
            1.9438855648040771,
            1.1167223453521729,
            1.1036969423294067,
            1.0784913301467896,
            1.0780246257781982,
            1.0504260063171387,
            1.0227489471435547,
            1.0010658502578735,
            0.9816336035728455,
            0.9748135805130005
        ],
        "val_loss": [
            1.107549786567688,
            1.118666410446167,
            0.9824117422103882,
            0.9891150593757629,
            0.9942597150802612,
            0.9806199669837952,
            0.9666157364845276,
            0.9710367918014526,
            0.970947802066803,
            0.9432944059371948,
            0.94148850440979
        ]
    },
    "Consenso": {
        "val_loss": [
            4.920777797698975
        ]
    }
}