{
    "Federated": {
        "loss": [
            1.7370238304138184,
            1.6814240217208862,
            1.3036398887634277,
            1.271698236465454,
            1.2429625988006592,
            1.226150393486023,
            1.2020118236541748,
            1.1638180017471313,
            1.1500011682510376,
            1.1201198101043701,
            1.1054564714431763
        ],
        "val_loss": [
            1.8864014148712158,
            1.985861897468567,
            1.5899691581726074,
            1.5798590183258057,
            1.5885833501815796,
            1.6027730703353882,
            1.6015347242355347,
            1.5809767246246338,
            1.573319911956787,
            1.5691102743148804,
            1.5856608152389526
        ]
    },
    "Consenso": {
        "val_loss": [
            5.062323570251465
        ]
    }
}