{
    "Federated": {
        "loss": [
            26.18036460876465,
            21.80217742919922,
            12.059195518493652,
            9.720717430114746,
            8.124909400939941,
            7.125560760498047,
            6.359340190887451,
            5.888665676116943,
            5.492142200469971,
            5.19312047958374,
            4.944386959075928
        ],
        "val_loss": [
            15.299296379089355,
            10.847171783447266,
            8.216143608093262,
            7.0796966552734375,
            5.999694347381592,
            5.259337425231934,
            4.786560535430908,
            4.482567310333252,
            4.251539707183838,
            4.0463995933532715,
            3.8736653327941895
        ]
    },
    "Consenso": {
        "val_loss": [
            3.8592684268951416
        ]
    }
}