{
    "Federated": {
        "loss": [
            9.015982627868652,
            8.54257869720459,
            4.299966335296631,
            3.503113269805908,
            3.1365387439727783,
            2.9454843997955322,
            2.792478561401367,
            2.669175624847412,
            2.588092803955078,
            2.5144312381744385,
            2.4601874351501465
        ],
        "val_loss": [
            3.785459280014038,
            4.1836700439453125,
            3.1871695518493652,
            2.9440340995788574,
            2.8339953422546387,
            2.6851065158843994,
            2.5879268646240234,
            2.55521821975708,
            2.4571805000305176,
            2.425835609436035,
            2.3908870220184326
        ]
    },
    "Consenso": {
        "val_loss": [
            4.628343105316162
        ]
    }
}