{
    "Federated": {
        "loss": [
            2.0416336059570312,
            2.00189208984375,
            1.1012401580810547,
            1.0856152772903442,
            1.0433540344238281,
            1.0396361351013184,
            1.0360651016235352,
            1.035198450088501,
            1.0313242673873901,
            1.0300620794296265,
            1.016274094581604
        ],
        "val_loss": [
            1.0859465599060059,
            0.996096670627594,
            0.9041081666946411,
            0.8709813952445984,
            0.8817280530929565,
            0.8845171928405762,
            0.8975167274475098,
            0.8909362554550171,
            0.8868713974952698,
            0.8819316029548645,
            0.8836979269981384
        ]
    },
    "Consenso": {
        "val_loss": [
            4.253459453582764
        ]
    }
}