{
    "Federated": {
        "loss": [
            33.83041763305664,
            26.466886520385742,
            21.968481063842773,
            18.6539249420166,
            16.804241180419922,
            15.581989288330078
        ],
        "val_loss": [
            22.255874633789062,
            16.183155059814453,
            16.49833869934082,
            15.681467056274414,
            14.933405876159668,
            14.327037811279297
        ],
        "loss_consensus_local": [
            59.415035247802734,
            46.67538833618164,
            34.62222671508789,
            27.250268936157227,
            22.996816635131836,
            20.493648529052734
        ],
        "loss_consensus_global": [
            35.54719543457031,
            29.21001434326172,
            22.166379928588867,
            17.529264450073242,
            14.844528198242188,
            13.245760917663574
        ]
    },
    "No Federated (Local)": {
        "loss": [
            33.91218566894531,
            23.57472801208496,
            20.307409286499023,
            17.92702865600586,
            16.322141647338867,
            15.1929349899292
        ],
        "val_loss": [
            22.365806579589844,
            18.950159072875977,
            16.45131492614746,
            14.882380485534668,
            13.71634578704834,
            12.95003890991211
        ]
    }
}