{
    "Federated": {
        "loss": [
            15.080686569213867,
            16.686613082885742,
            13.712457656860352,
            11.187641143798828,
            9.674958229064941,
            8.805525779724121
        ],
        "val_loss": [
            7.074592113494873,
            10.264609336853027,
            9.582650184631348,
            9.381385803222656,
            9.022361755371094,
            8.57369327545166
        ],
        "loss_consensus_local": [
            30.774690628051758,
            23.807849884033203,
            16.16252899169922,
            11.768513679504395,
            10.164952278137207,
            9.762650489807129
        ],
        "loss_consensus_global": [
            35.54719543457031,
            29.21001434326172,
            22.166379928588867,
            17.529264450073242,
            14.844528198242188,
            13.245760917663574
        ]
    },
    "No Federated (Local)": {
        "loss": [
            15.084526062011719,
            6.975523471832275,
            5.587472915649414,
            4.918342590332031,
            4.422698974609375,
            4.038551330566406
        ],
        "val_loss": [
            7.098345756530762,
            4.868108749389648,
            4.295894622802734,
            3.9053874015808105,
            3.572551727294922,
            3.340250253677368
        ]
    }
}