{
    "Federated": {
        "loss": [
            4.518601894378662,
            15.65388298034668,
            14.572056770324707,
            12.668390274047852,
            11.209612846374512,
            10.10843563079834
        ],
        "val_loss": [
            2.3837311267852783,
            10.436088562011719,
            10.058609962463379,
            9.407716751098633,
            9.034523010253906,
            8.774235725402832
        ],
        "loss_consensus_local": [
            16.240337371826172,
            14.114092826843262,
            12.376005172729492,
            11.094718933105469,
            10.265852928161621,
            9.66986083984375
        ],
        "loss_consensus_global": [
            36.317665100097656,
            29.46918487548828,
            21.860898971557617,
            17.320772171020508,
            14.713062286376953,
            13.149238586425781
        ]
    },
    "No Federated (Local)": {
        "loss": [
            4.543728351593018,
            2.0672709941864014,
            1.8042889833450317,
            1.6859039068222046,
            1.613435983657837,
            1.5630680322647095
        ],
        "val_loss": [
            2.4183387756347656,
            2.0403122901916504,
            1.9121917486190796,
            1.8282148838043213,
            1.7739449739456177,
            1.7454208135604858
        ]
    }
}