{
    "Federated": {
        "loss": [
            4.103662014007568,
            3.477146863937378,
            1.6401021480560303,
            1.494091272354126,
            1.409859299659729,
            1.3826899528503418
        ],
        "val_loss": [
            2.0624845027923584,
            1.6204752922058105,
            1.484060525894165,
            1.3704599142074585,
            1.3395990133285522,
            1.3394920825958252
        ]
    }
}