{
    "Federated": {
        "loss": [
            3.588104009628296,
            3.0981109142303467,
            1.4355313777923584,
            1.33622407913208,
            1.2609965801239014,
            1.2302643060684204
        ],
        "val_loss": [
            1.4135249853134155,
            1.3247661590576172,
            1.1862058639526367,
            1.1022452116012573,
            1.06010103225708,
            1.0573939085006714
        ]
    }
}