{
    "Federated": {
        "loss": [
            5.083918571472168,
            4.203700065612793,
            2.2437796592712402,
            1.809806227684021,
            1.6614089012145996,
            1.5651768445968628
        ],
        "val_loss": [
            4.451661586761475,
            4.047458648681641,
            2.894176483154297,
            2.6713502407073975,
            2.5297772884368896,
            2.421065330505371
        ]
    }
}