{
    "Federated": {
        "loss": [
            27.988929748535156,
            22.376110076904297,
            14.160228729248047,
            11.757767677307129,
            10.31419849395752,
            9.439814567565918
        ],
        "val_loss": [
            14.267641067504883,
            10.07258415222168,
            8.770151138305664,
            7.340756416320801,
            6.772359371185303,
            6.28348970413208
        ]
    }
}