{
    "Federated": {
        "loss": [
            15.881637573242188,
            12.146377563476562,
            6.847039699554443,
            5.218524932861328,
            4.2416510581970215,
            3.7090606689453125
        ],
        "val_loss": [
            9.25120735168457,
            7.1759514808654785,
            5.645293235778809,
            4.550668716430664,
            4.025167942047119,
            3.7726402282714844
        ]
    }
}