{
    "Federated": {
        "loss": [
            2.570000648498535,
            2.602376699447632,
            1.289941430091858,
            1.233864426612854,
            1.1655802726745605,
            1.1455118656158447
        ],
        "val_loss": [
            1.5022302865982056,
            1.487015962600708,
            1.3364672660827637,
            1.2996810674667358,
            1.2829495668411255,
            1.2974457740783691
        ]
    }
}