{
    "Federated": {
        "loss": [
            2.680999279022217,
            2.3412392139434814,
            1.3321096897125244,
            1.3007805347442627,
            1.247955083847046,
            1.2264117002487183
        ],
        "val_loss": [
            1.213546633720398,
            1.1469248533248901,
            1.066554069519043,
            1.0398980379104614,
            1.0131148099899292,
            1.0199804306030273
        ]
    }
}