{
    "Federated": {
        "loss": [
            23.393539428710938,
            18.377756118774414,
            11.84726619720459,
            10.084993362426758,
            8.711989402770996,
            7.68942403793335
        ],
        "val_loss": [
            11.872405052185059,
            7.932857036590576,
            7.376437187194824,
            6.407849311828613,
            5.361294269561768,
            4.639862060546875
        ]
    }
}