{
    "Federated": {
        "loss": [
            87.9913558959961,
            79.75041198730469,
            67.77950286865234,
            63.78243637084961,
            60.93489074707031,
            58.49065017700195
        ],
        "val_loss": [
            48.19771957397461,
            39.81748580932617,
            32.89549255371094,
            31.14039421081543,
            29.431564331054688,
            28.64742088317871
        ]
    }
}