{
    "Federated": {
        "loss": [
            35.40005874633789,
            28.98354148864746,
            24.045528411865234,
            23.75618553161621,
            23.67255973815918,
            23.576072692871094
        ],
        "val_loss": [
            23.226301193237305,
            15.764249801635742,
            13.150108337402344,
            12.865835189819336,
            12.579629898071289,
            12.448188781738281
        ]
    }
}