{
    "Federated": {
        "loss": [
            20.101112365722656,
            17.682859420776367,
            10.34615707397461,
            8.248144149780273,
            6.736750602722168,
            5.76136589050293
        ],
        "val_loss": [
            12.102555274963379,
            9.744107246398926,
            7.925418853759766,
            6.562948226928711,
            5.4313154220581055,
            4.875248432159424
        ]
    }
}