{
    "Federated": {
        "loss": [
            5.339475631713867,
            4.60955286026001,
            2.132239818572998,
            1.8521591424942017,
            1.6878324747085571,
            1.61163330078125
        ],
        "val_loss": [
            2.516531229019165,
            2.2250192165374756,
            2.0086729526519775,
            1.854839563369751,
            1.7892671823501587,
            1.7889686822891235
        ]
    }
}