{
    "Federated": {
        "loss": [
            17.316953659057617,
            16.05633544921875,
            10.763328552246094,
            9.192414283752441,
            8.345928192138672,
            7.761064529418945
        ],
        "val_loss": [
            46.796119689941406,
            43.357421875,
            36.81147384643555,
            32.72856140136719,
            30.254255294799805,
            28.353546142578125
        ]
    }
}