{
    "Federated": {
        "loss": [
            14.306706428527832,
            10.940476417541504,
            5.716076374053955,
            4.299928665161133,
            3.451831817626953,
            3.0287230014801025
        ],
        "val_loss": [
            8.229613304138184,
            6.110381603240967,
            4.989957809448242,
            3.8725805282592773,
            3.409471273422241,
            3.1836397647857666
        ]
    }
}