{
    "Federated": {
        "loss": [
            38.49662399291992,
            33.292781829833984,
            22.966917037963867,
            20.02706527709961,
            17.91427230834961,
            16.239282608032227
        ],
        "val_loss": [
            24.178966522216797,
            18.27104377746582,
            14.411416053771973,
            13.150230407714844,
            12.056855201721191,
            10.873612403869629
        ]
    }
}