{
    "Federated": {
        "loss": [
            2.0154812335968018,
            1.9141545295715332,
            1.1332257986068726,
            1.1241546869277954,
            1.0805500745773315,
            1.0603101253509521
        ],
        "val_loss": [
            1.027728796005249,
            0.966219425201416,
            0.9119083881378174,
            0.8859636783599854,
            0.8842721581459045,
            0.9008529782295227
        ]
    }
}