{
    "Federated": {
        "loss": [
            1.881007194519043,
            1.7268915176391602,
            0.9628562331199646,
            0.9582890868186951,
            0.9129878282546997,
            0.8957545757293701
        ],
        "val_loss": [
            1.073439121246338,
            0.9844570159912109,
            0.9461711049079895,
            0.9273148775100708,
            0.9271079897880554,
            0.9328714609146118
        ]
    }
}