{
    "Federated": {
        "loss": [
            37.65945816040039,
            23.330541610717773,
            17.53790283203125,
            13.884554862976074,
            11.897621154785156,
            10.665992736816406,
            9.830887794494629,
            9.17949390411377,
            8.640347480773926,
            8.182723045349121,
            7.8032965660095215
        ],
        "val_loss": [
            26.65045738220215,
            11.383942604064941,
            9.685750007629395,
            8.766779899597168,
            8.257176399230957,
            7.827644348144531,
            7.487788200378418,
            7.129714012145996,
            6.868366718292236,
            6.6300225257873535,
            6.4412336349487305
        ],
        "loss_consensus_local": [
            48.865055084228516,
            33.203121185302734,
            22.210840225219727,
            16.164430618286133,
            13.0386381149292,
            11.318476676940918,
            10.23046588897705,
            9.506534576416016,
            8.947637557983398,
            8.496139526367188,
            8.1002197265625
        ],
        "loss_consensus_global": [
            25.355710983276367,
            15.991324424743652,
            9.972159385681152,
            6.652742385864258,
            5.003441333770752,
            4.357885360717773,
            3.9910836219787598,
            3.779400587081909,
            3.622421979904175,
            3.4508321285247803,
            3.296790599822998
        ]
    },
    "No Federated (Local)": {
        "loss": [
            37.60728454589844,
            27.24049186706543,
            22.495473861694336,
            19.87137794494629,
            18.3763484954834,
            17.44243812561035,
            16.78910255432129,
            16.244924545288086,
            15.776991844177246,
            15.342487335205078,
            14.926329612731934
        ],
        "val_loss": [
            26.53863525390625,
            21.033117294311523,
            18.044164657592773,
            16.596101760864258,
            15.73412036895752,
            15.077712059020996,
            14.62816333770752,
            14.512877464294434,
            13.967884063720703,
            13.657404899597168,
            13.178020477294922
        ]
    }
}