{
    "Federated": {
        "loss": [
            17.988262176513672,
            10.315031051635742,
            5.768625736236572,
            4.153391361236572,
            3.4572529792785645,
            3.1311683654785156,
            2.926358699798584,
            2.798419713973999,
            2.7247791290283203,
            2.627737283706665,
            2.571631908416748
        ],
        "val_loss": [
            10.404471397399902,
            5.22340726852417,
            3.35459303855896,
            3.499850034713745,
            3.3663933277130127,
            3.3736791610717773,
            3.191526412963867,
            3.0790152549743652,
            3.0792510509490967,
            2.954993724822998,
            2.9388976097106934
        ],
        "loss_consensus_local": [
            25.677871704101562,
            15.001835823059082,
            8.09319019317627,
            5.161578178405762,
            3.9355499744415283,
            3.421828031539917,
            3.2322802543640137,
            3.13401460647583,
            3.0903754234313965,
            3.0203399658203125,
            2.978924036026001
        ],
        "loss_consensus_global": [
            24.20612144470215,
            15.056900024414062,
            9.145069122314453,
            6.289281368255615,
            4.904504776000977,
            4.325323581695557,
            3.9884567260742188,
            3.7811641693115234,
            3.632286548614502,
            3.447258710861206,
            3.2959234714508057
        ]
    },
    "No Federated (Local)": {
        "loss": [
            17.915130615234375,
            9.305383682250977,
            6.832326412200928,
            5.127167224884033,
            4.0184736251831055,
            3.404550313949585,
            3.086928129196167,
            2.928018093109131,
            2.825338363647461,
            2.74723744392395,
            2.6963894367218018
        ],
        "val_loss": [
            10.29922866821289,
            7.587554454803467,
            5.832599639892578,
            4.552067756652832,
            3.8758962154388428,
            3.5075581073760986,
            3.297089099884033,
            3.174678325653076,
            3.1772875785827637,
            3.0831727981567383,
            3.0292885303497314
        ]
    }
}