{
    "Federated": {
        "loss": [
            39.00139617919922,
            23.767194747924805,
            20.42741584777832,
            17.39216423034668,
            15.506766319274902,
            14.300932884216309
        ],
        "val_loss": [
            19.36960220336914,
            7.389691352844238,
            7.343328952789307,
            6.668062686920166,
            6.666772842407227,
            6.430516242980957
        ],
        "loss_consensus_local": [
            30.37694549560547,
            17.874237060546875,
            11.037233352661133,
            7.750802516937256,
            6.336164474487305,
            5.733573913574219
        ],
        "loss_consensus_global": [
            30.37694549560547,
            17.874237060546875,
            11.037233352661133,
            7.750802516937256,
            6.336164474487305,
            5.733573913574219
        ]
    },
    "No Federated (Local)": {
        "loss": [
            39.0802001953125,
            29.16505241394043,
            24.592243194580078,
            21.542724609375,
            19.310394287109375,
            17.56208610534668
        ],
        "val_loss": [
            18.682518005371094,
            13.70299243927002,
            11.281454086303711,
            9.280611991882324,
            8.487482070922852,
            7.741086483001709
        ]
    }
}