{
    "Federated": {
        "loss": [
            18.517845153808594,
            12.65602970123291,
            7.1287431716918945,
            5.117706775665283,
            4.205143451690674,
            3.776653289794922
        ],
        "val_loss": [
            12.778587341308594,
            7.641599655151367,
            6.908803939819336,
            6.1041436195373535,
            5.709101676940918,
            5.488760948181152
        ],
        "loss_consensus_local": [
            30.606277465820312,
            15.785284042358398,
            10.271232604980469,
            7.44581937789917,
            6.23328161239624,
            5.713189601898193
        ],
        "loss_consensus_global": [
            30.606277465820312,
            15.785284042358398,
            10.271232604980469,
            7.44581937789917,
            6.23328161239624,
            5.713189601898193
        ]
    },
    "No Federated (Local)": {
        "loss": [
            18.48558807373047,
            8.02083969116211,
            4.607147693634033,
            3.756798505783081,
            3.497561454772949,
            3.375683546066284
        ],
        "val_loss": [
            12.9373779296875,
            7.62049674987793,
            6.124080657958984,
            5.707705974578857,
            5.542108535766602,
            5.4520063400268555
        ]
    }
}