{
    "Federated": {
        "loss": [
            17.804668426513672,
            15.263235092163086,
            12.67398452758789,
            12.691173553466797,
            12.722792625427246,
            12.94283676147461,
            13.189247131347656,
            13.407570838928223,
            13.566245079040527,
            13.772900581359863,
            14.100356101989746
        ],
        "val_loss": [
            9.85593318939209,
            7.3074564933776855,
            7.555182933807373,
            7.35650110244751,
            7.266314506530762,
            7.258303642272949,
            7.304713249206543,
            7.3717732429504395,
            7.4395647048950195,
            7.525428771972656,
            7.634383201599121
        ]
    },
    "Consenso": {
        "val_loss": [
            9.623591423034668
        ]
    }
}