{
    "Federated": {
        "loss": [
            18.584360122680664,
            13.945028305053711,
            8.422664642333984,
            6.501842498779297,
            5.276664733886719,
            4.566986083984375,
            4.084102630615234,
            3.765298843383789,
            3.5094828605651855,
            3.316282033920288,
            3.1586289405822754
        ],
        "val_loss": [
            9.633271217346191,
            7.879855632781982,
            6.454458236694336,
            5.04339075088501,
            4.364769458770752,
            4.083530902862549,
            3.788421392440796,
            3.6361758708953857,
            3.5017688274383545,
            3.415775775909424,
            3.301022529602051
        ]
    },
    "Consenso": {
        "val_loss": [
            4.137195110321045
        ]
    }
}