{
    "Federated": {
        "loss": [
            5.828832626342773,
            5.302871227264404,
            2.0308778285980225,
            1.644188404083252,
            1.580440878868103,
            1.5657784938812256,
            1.5280425548553467,
            1.4997750520706177,
            1.4759782552719116,
            1.454903483390808,
            1.4381437301635742
        ],
        "val_loss": [
            3.411947011947632,
            2.6373329162597656,
            1.9867808818817139,
            1.7972711324691772,
            1.7545830011367798,
            1.7390438318252563,
            1.6971675157546997,
            1.6895029544830322,
            1.657319188117981,
            1.6298699378967285,
            1.6242231130599976
        ]
    },
    "Consenso": {
        "val_loss": [
            4.832418441772461
        ]
    }
}