{
    "Federated": {
        "loss": [
            3.944092273712158,
            3.935394048690796,
            1.7139595746994019,
            1.418413519859314,
            1.3984454870224,
            1.3939862251281738,
            1.3518670797348022,
            1.3132661581039429,
            1.279041051864624,
            1.257867455482483,
            1.2423081398010254
        ],
        "val_loss": [
            1.655449390411377,
            1.5096466541290283,
            1.2918710708618164,
            1.250169038772583,
            1.234349250793457,
            1.2113357782363892,
            1.1776841878890991,
            1.1555284261703491,
            1.1266462802886963,
            1.1092430353164673,
            1.0912704467773438
        ]
    },
    "Consenso": {
        "val_loss": [
            4.832482814788818
        ]
    }
}