{
    "Federated": {
        "loss": [
            13.782913208007812,
            11.426137924194336,
            3.9654507637023926,
            2.7891881465911865,
            2.3911893367767334,
            2.257875680923462,
            2.1959962844848633,
            2.118548631668091,
            2.065983533859253,
            2.027111291885376,
            1.9896706342697144
        ],
        "val_loss": [
            7.392221450805664,
            4.516384601593018,
            3.2368950843811035,
            2.686342477798462,
            2.637754440307617,
            2.5354738235473633,
            2.5014002323150635,
            2.422253370285034,
            2.3898355960845947,
            2.352588415145874,
            2.339789390563965
        ]
    },
    "Consenso": {
        "val_loss": [
            4.288669109344482
        ]
    }
}