{
    "Federated": {
        "loss": [
            9.40875244140625,
            7.931575775146484,
            2.597062349319458,
            1.9269365072250366,
            1.769295334815979,
            1.7244622707366943,
            1.691273808479309,
            1.6445624828338623,
            1.6136276721954346,
            1.5961915254592896,
            1.5810260772705078
        ],
        "val_loss": [
            5.407055854797363,
            3.5731756687164307,
            2.531376838684082,
            2.330047607421875,
            2.290940999984741,
            2.19888973236084,
            2.163668394088745,
            2.126596450805664,
            2.1387014389038086,
            2.0828871726989746,
            2.0488059520721436
        ]
    },
    "Consenso": {
        "val_loss": [
            4.709857940673828
        ]
    }
}