{
    "Federated": {
        "loss": [
            2.590589761734009,
            2.9644715785980225,
            1.6740800142288208,
            1.4644649028778076,
            1.460191249847412,
            1.4462941884994507,
            1.4008240699768066,
            1.3544670343399048,
            1.3216220140457153,
            1.2904373407363892,
            1.2683883905410767
        ],
        "val_loss": [
            1.2893060445785522,
            1.2775517702102661,
            1.1982684135437012,
            1.2213475704193115,
            1.2140475511550903,
            1.187668800354004,
            1.1575136184692383,
            1.1164700984954834,
            1.0914688110351562,
            1.0689587593078613,
            1.063055396080017
        ]
    },
    "Consenso": {
        "val_loss": [
            4.838075160980225
        ]
    }
}