{
    "Federated": {
        "loss": [
            5.184247970581055,
            6.1496195793151855,
            2.2698171138763428,
            1.7505042552947998,
            1.653027892112732,
            1.6203575134277344,
            1.5672030448913574,
            1.5271846055984497,
            1.4945143461227417,
            1.4703006744384766,
            1.4495491981506348
        ],
        "val_loss": [
            2.2297070026397705,
            2.5385499000549316,
            1.846264123916626,
            1.7052100896835327,
            1.6701496839523315,
            1.6344751119613647,
            1.593822717666626,
            1.567584753036499,
            1.5392404794692993,
            1.5526539087295532,
            1.5062761306762695
        ]
    },
    "Consenso": {
        "val_loss": [
            4.808779716491699
        ]
    }
}