{
    "Federated": {
        "loss": [
            3.22773814201355,
            3.852003812789917,
            1.6284229755401611,
            1.2563520669937134,
            1.2343815565109253,
            1.2197695970535278,
            1.1694273948669434,
            1.1285159587860107,
            1.0942178964614868,
            1.0818811655044556,
            1.0607041120529175
        ],
        "val_loss": [
            4.759787559509277,
            5.952095031738281,
            3.551790237426758,
            2.7835118770599365,
            2.486962080001831,
            2.3204259872436523,
            2.230982542037964,
            2.065880298614502,
            2.016714572906494,
            1.8765933513641357,
            1.8212230205535889
        ]
    },
    "Consenso": {
        "val_loss": [
            4.833410739898682
        ]
    }
}