{
    "Federated": {
        "loss": [
            25.79671287536621,
            23.787994384765625,
            20.69294548034668,
            20.92961883544922,
            21.00653839111328,
            21.36992835998535,
            21.675609588623047,
            22.018064498901367,
            22.1450138092041,
            22.434772491455078,
            22.640548706054688
        ],
        "val_loss": [
            16.54542350769043,
            13.785930633544922,
            14.24812126159668,
            14.053386688232422,
            13.887988090515137,
            13.954205513000488,
            14.37026309967041,
            14.1246337890625,
            14.50084114074707,
            14.482597351074219,
            14.717534065246582
        ]
    },
    "Consenso": {
        "val_loss": [
            11.693009376525879
        ]
    }
}