{
    "Federated": {
        "loss": [
            2.0454776287078857,
            1.6936211585998535,
            1.4232487678527832,
            1.4505542516708374,
            1.3847346305847168,
            1.2773213386535645,
            1.1957905292510986,
            1.1383562088012695,
            1.128624439239502,
            1.1909891366958618,
            1.227616548538208
        ],
        "val_loss": [
            1.0855517387390137,
            1.104231834411621,
            1.0468695163726807,
            1.003758192062378,
            0.944027304649353,
            0.9065958261489868,
            0.8990703821182251,
            0.9042954444885254,
            0.9154841899871826,
            0.9227583408355713,
            0.9219455122947693
        ]
    },
    "Consenso": {
        "val_loss": [
            7.803410053253174
        ]
    }
}